ETid,Country,Date of Decision,Fine (EUR),Sector,Type of Violation,Summary,manual_label,confidence,notes
25,Germany,11/21/2018,20000,"Media, Telecoms and Broadcasting",Insufficient technical and organisational measures to ensure information security,"After a hacker attack in July personal data of approx. 330.000 users, including passwords and email addresses had been revealed.",cyber_malicious,High,
27,Germany,4/12/2019,80000,"Finance, Insurance and Consulting",Insufficient technical and organisational measures to ensure information security,"In an administrative decision dated 12 April 2019, the authority imposed a fine of 80,000 euros on a medium-sized financial services company. This company had failed to take the necessary care to preserve the integrity and confidentiality of information within the meaning of Art. 5 para. 1 lit. f GDPR when disposing of documents containing personal data of two customers. Thus, without prior anonymisation, the papers were disposed of in the general waste paper recycling system, where the documents were found by a neighbour.",cyber_nonmalicious,Medium,documents in waste paper (physical disposal)
38,Hungary,4/5/2019,34375,Public Sector and Education,Insufficient fulfilment of data breach notification obligations,"NAIH imposed a fine of HUF 11,000,000 (EUR 34,375) on an undisclosed Hungarian political party for failing to notify the NAIH and relevant individuals about a data breach, and failing to document the breach according to GDPR Article 33.5. As mandated by law, the fine was based on 4% of the party's annual turnover and 2.65 % of its anticipated turnover for the coming year.

The breach was the result of a cyber attack by an anonymous hacker who accessed and disclosed information on the vulnerability of the organisation’s system – a database of more than 6,000 individuals – and the command used for the attack. The system was vulnerable to attack because of a redirection problem with the organisation's webpage. After the attacker published the command, even people with low IT knowledge were able to retrieve information from the database.",cyber_malicious,High,hacker attack on political party
40,Lithuania,5/16/2019,61500,"Finance, Insurance and Consulting",Insufficient fulfilment of data breach notification obligations,"During an inspection, the Lithuanian Data Protection Supervisory Authority found that the controller processed more data than necessary to achieve the purposes for which he was a controller. In addition, it became known that from 09 - 10 July 2018 payment data were publicly available on the internet due to inadequate technical and organisational measures. 9,000 payments with 12 banks from different countries were affected. According to the supervisory authority, a data breach notification pursuant to Art. 33 GDPR would have been necessary. The controller did not report the Data Breach.",cyber_nonmalicious,High,payment data publicly available (exposure)
62,Romania,7/5/2019,3000,Industry and Commerce,Insufficient technical and organisational measures to ensure information security,"The fine was imposed because adequate technical and organizational measures to ensure a level of security appropriate to the risk of processing were not implemented. This has led to unauthorized disclosure and unauthorized access to the personal data of people who have made transactions received by the avocatoo.ro website (name, surname, mailing address, email, phone, job, details of transactions made), due to publicly accessible documents between 10th of December 2018 and 1st of February 2019.

The National Supervisory Authority applied the sanction following a notification dated 12th of October 2018 indicating that a set of files regarding the details of the transactions received by the avocatoo.ro website which contained the name, surname, address correspondence, email, telephone, job and details of transactions made, was publicly accessible through two links.",cyber_nonmalicious,High,files publicly accessible
64,France,7/25/2019,180000,"Finance, Insurance and Consulting",Insufficient technical and organisational measures to ensure information security,"Large amount of customer accounts, clients' documents (including copies of driver's licences, vehicle registration, bank statements and documents to determine whether a person had been the subject of a licence withdrawal) and data were easily accesible online. The CNIL, between others, critizised the password management (unauthorized access was possible without any authentication).",cyber_nonmalicious,High,documents accessible without authentication
71,Bulgaria,8/28/2019,2600000,Public Sector and Education,Insufficient technical and organisational measures to ensure information security,Leakage of personal data in a hacking attack due to inadequate technical and organisational measures to ensure the protection of information security. It was found that personal data concerning about 6 million persons was illegally accessible.,cyber_malicious,High,
75,Norway,4/29/2019,120000,Public Sector and Education,Insufficient technical and organisational measures to ensure information security,"Fine for security vulnerabilities in a mobile messaging app developed for use in an Oslo school. The app allows parents and students to send messages to school staff. Due to insufficient technical and organizational measures to protect information security, unauthorized persons were able to log in as authorized users and gain access to personal data about students, legal representatives and employees. The fine has meanwhile been reduced to EUR 120.000, see https://edpb.europa.eu/news/national-news/2020/norwegian-data-protection-authority-imposes-fine-municipality-oslo-education_en",cyber_nonmalicious,Medium,app vulnerability; actual exploitation not clearly stated
102,Poland,10/16/2019,47000,Industry and Commerce,Non-compliance with general data processing principles,The UODO imposed a fine of EUR 47000 for obstructing the exercise of the right of withdrawal for the processing of personal data. The company has not taken appropriate technical and organisational measures that allow the simple and effective withdrawal of consent to the processing of personal data and the exercise of the right to request the erasure of personal data.,not_cyber,High,obstructed right of withdrawal
112,Czech Republic,Unknown,980,Individuals and Private Associations,Insufficient technical and organisational measures to ensure information security,"The operator of an online game was exposed to several DDoS attacks which caused the malfunctioning of the servers. The attacker blackmailed the operator stating that the attacks will not stop unless he pays money. As part of the blackmail, the attacker offered the operator that he will create an upgraded and better firewall protection to the servers of the operator. The operator agreed and paid the attacker. The operator implemented the new code from the attacker which proved better than the old one but there was a ""backdoor"" in the code. The attacker used the backdoor to steal all the data from the server about the players and uploaded these details to his website. The Office for Personal Data Protection concluded that the operator did not take apropriate security measures.",cyber_malicious,High,DDoS blackmail + backdoor data theft
115,Romania,11/25/2019,11000,Industry and Commerce,Insufficient technical and organisational measures to ensure information security,"The fine was imposed because the controller failed to take appropriate technical and organisational measures leading to the loss and unauthorised access to personal data (name, bank card number, CVV code, cardholder's address, personal identification number, serial and identity card number, bank account number, authorised credit limit) of approximately 1,100 data subjects.",unclear,Medium,"""loss and unauthorised access"" — cause unspecified"
160,Romania,11/29/2019,500,Real Estate,Insufficient technical and organisational measures to ensure information security,The association used video surveillance systems without proper information according to Art. 13 GDPR and without adequate security measures regarding the persons having access to the system.,not_cyber,High,CCTV
197,Spain,2/3/2020,75000,"Media, Telecoms and Broadcasting",Insufficient legal basis for data processing,"The data subject, a former customer of the company, continued to receive invoice notifications, although at that time there was neither a contractual relationship nor any payment overdue from the expired contractual relationship. As a reason for the incorrect mailings Vodafone indicated a technical error.",not_cyber,High,billing notifications w/o contract; processing basis
198,Spain,2/3/2020,6670,"Finance, Insurance and Consulting",Insufficient legal basis for data processing,"The company repeatedly sent advertising messages to a data subject, although the data subject had objected to the processing of his data.",not_cyber,High,marketing despite objection
211,Spain,2/14/2020,30000,"Media, Telecoms and Broadcasting",Insufficient technical and organisational measures to ensure information security,"The AEPD found that a third party had access to the name, telephone number and address of another customer.",cyber_nonmalicious,Low,"one-line summary; disclosure to third party, no mechanism"
212,Italy,1/23/2020,30000,Health Care,Insufficient technical and organisational measures to ensure information security,"The fine was preceded by access to health data by unauthorised persons, allowing a trainee and a radiologist to gain access to the health data of their colleagues. The investigations revealed that the technical and organisational measures taken by the hospital to protect health data had proved to be insufficient to ensure adequate protection of patients' personal data, resulting in unlawful data processing. According to the data protection authority, the breach could have been avoided if the hospital had simply followed the guidelines for health records issued by the data protection authority in 2015, which stipulate that access to health records must be restricted only to health personnel involved in patient care.",cyber_nonmalicious,Medium,insider snooping via weak access controls - which class?
231,Denmark,3/10/2020,14000,Public Sector and Education,Insufficient technical and organisational measures to ensure information security,"A computer, containing personal data that was not protected by encryption, has been stolen, including sensitive information and personal identification numbers of 20,620 city residents.",cyber_malicious,Low,"computer stolen; physical theft, not really cyber"
241,Romania,2/11/2020,3000,"Media, Telecoms and Broadcasting",Insufficient technical and organisational measures to ensure information security,"Vodafone Romania had incorrectly processed personal data of an individual in order to process a complaint, which was subsequently sent to a wrong e-mail address. The reason for this was that there were insufficient security measures in place to prevent such erroneous data processing.",cyber_nonmalicious,High,data to wrong email
251,Hungary,5/21/2019,286,Public Sector and Education,Insufficient fulfilment of data breach notification obligations,"The employee of the Directorate sent by mistake 9 letters to the wrong recipient, which contained personal data of 18 data subjects (including data of children, criminal data and data related to the private life of the data subjects). The recipient informed the Directorate by telephone 5 days after the posting that it received certain letters by mistake. The Directorate notified NAIH on the data breach only weeks later.",cyber_nonmalicious,High,letters to wrong recipient; fined for late notification
402,Italy,9/7/2020,2000,Public Sector and Education,Insufficient technical and organisational measures to ensure information security,"Publication of personal data of students on the website of the Institute with, inter alia, notes about health and progress in school due to technical failure.",cyber_nonmalicious,Medium,student data published via technical failure
440,United Kingdom,11/13/2020,1405000,Industry and Commerce,Insufficient technical and organisational measures to ensure information security,"Ticketmaster UK Limited has been fined GBP 1.25 million (approximately EUR 1.405 million) for failing to protect the personal data of its customers with adequate security measures. Potentially 9.4 million European customers could have been affected by a cyber attack between February 2018 and June 23, 2018 due to the use of an insufficiently secured chat bot hosted by a third party in its online payment site which allowed an attacker to gain access to customers' financial information. According to the Data Protection Agency, personal data such as names, full payment card numbers, Ticketmaster usernames and passwords, expiration dates and Card Verification Value (CVV) numbers were affected. The DPA also found that 60,000 payment cards belonging to Barclays Bank customers were subject to fraud, and several international banks also reported fraudulent activity to Ticketmaster.",cyber_malicious,High,cyber attack (Ticketmaster)
469,Sweden,12/3/2020,243800,Health Care,Insufficient technical and organisational measures to ensure information security,"The Swedish DPA (Integritetsskyddsmyndigheten) fined Östergötland Region SEK 2,500,000 (EUR 243,800) for failing to implement adequate technical and organizational measures to ensure information security. It was found that there was no risk analysis regarding the access to patient data. Authorizations for users of the hospital information system Cosmic were not assigned according to the principle of minimum access. This gave users full access to confidential patient data that they did not need for work purposes.",cyber_nonmalicious,High,no access control - over-broad access to patient data
479,Belgium,11/13/2020,1500,Real Estate,Non-compliance with general data processing principles,"The Belgian DPA (APD/GBA) imposed a fine of EUR 1,500 on a social housing company for non-compliance with several principles of the GDPR such as data processing as well as the principles of legality and transparency (e.g. insufficient privacy policy, lack of information on camera surveillance).",not_cyber,High,transparency/CCTV compliance
483,Poland,12/14/2020,443000,"Media, Telecoms and Broadcasting",Insufficient technical and organisational measures to ensure information security,"The Polish DPA (UODO) fined Virgin Mobile Polska EUR 443,000 due to a data leak that allowed unauthorized third parties to access personal data stored by Virgin Mobile Polska as a result of inadequate security measures. The DPA notes that the company did not conduct regular and extensive tests on the effectiveness of the measures applied to ensure data security. Indeed, activities in this regard were conducted only in the event of a suspected security leak.",cyber_malicious,Low,"""unauthorized third parties accessed""; mechanism unstated"
492,Spain,12/15/2020,10000,Industry and Commerce,Insufficient fulfilment of information obligations,"The Spanish DPA (AEPD) fined the operator of the online store banderacatalana.cat. EUR 10,000 for a violation of Art. 13 GDPR.  The operator stated on its website privacy notices that a minimum age of 13 or sufficient legal capacity was required to subscribe to the newsletter. It was also stated that filling out the newsletter subscription form would be considered as consent to the processing of personal data. This constitutes a violation of the GDPR, as according to Art. 8 GDPR, the processing of personal data of under-16-year-olds requires the consent of the holder of parental responsibility over the child.",not_cyber,High,minors' consent / info obligation
494,Hungary,12/16/2020,55400,Industry and Commerce,Insufficient technical and organisational measures to ensure information security,"The Hungarian DPA (NAIH) imposed a fine of HUF 20,500,000 (EUR 55,400) on Robinson Tours Idegenforgalmi és Szolgáltató Kft. (Robinson Tours Ltd.) The travel agent's reservation system contained unprotected data of customers, which could be viewed by anyone and found via Google. The data contained, among others, names, contact and address data, copies of personal IDs and passport numbers. During the DPA's investigation, it turned out that the data in question was from a test database created by Next Time Media Agency Ltd, the web agency contracted to develop and operate the database, which was supplemented not only with test data but also with real data of Robinson Tours' customers. In total, the data of 781 individuals was affected, which was accessible by anyone in the period from November 13, 2019 to February 4, 2020. 
The NAIH also notes that Robinson Tours did not conduct regular security risk screenings. Robinson Tours also failed to notify the data subjects about the data breach.",cyber_nonmalicious,High,"test DB with real data, Google-indexed"
510,Poland,12/9/2020,18850,"Finance, Insurance and Consulting",Insufficient fulfilment of data breach notification obligations,"An insurance agent hired by the controller had sent an email to unauthorized third parties in regard to insurance policies that contained personal data of two of the company's customers after they had mistakenly provided false email addresses. The leaked data included data such as the names, email adresses and postal addresses of the data subjects. The controller had not informed either the Polish DPA nor the data subjects about the data breach in a timely manner within 72 hours. The controller believed that there was no breach requiring notification because the data subjects themselves had mistakenly provided incorrect e-mail addresses. The Polish DPA states that this circumstance does not release the controller from its obligation to report this data breach in a timely manner.",cyber_nonmalicious,High,email to wrong (customer-provided) addresses
535,France,1/27/2021,150000,Industry and Commerce,Insufficient technical and organisational measures to ensure information security,"The French DPA (CNIL) fined a company and its subcontractor EUR 150,000 and EUR 75,000 for failing to take sufficient measures against credential stuffing attacks on the company's website.

Between June 2018 and January 2020, the CNIL received several notifications of personal data breaches related to a website where several million customers regularly shop. In response, the CNIL decided to investigate the company and its subcontractor entrusted with the management of this website.

In the course of its investigations, the CNIL found that the website in question had been subjected to numerous waves of credential stuffing attacks. In this type of attack, a malicious person obtains lists of ""unencrypted"" identifiers and passwords published on the Internet, usually after a data breach. Assuming that users frequently use the same password and username (email address) for different services, the attacker will use ""bots"" to try to log in to a large number of websites. If the authentication is successful, this will allow the attacker to see the information associated with those accounts.

The CNIL found that the attackers were able to obtain the following information: Surname, first name, email address and date of birth of customers, as well as their loyalty card number and balance, and information related to their orders.

The CNIL considers that the two companies had breached their obligation to maintain the security of customers' personal data under Article 32 of the GDR.

In fact, the companies took slow action to effectively combat these repeated attacks. They had decided to focus their response strategy on developing a tool to detect and block attacks launched by robots. However, the development of this tool took a year from the first attacks. In the meantime, however, a number of other measures with faster impact could have been considered to prevent further attacks or mitigate the negative impact on individuals. As a result of this lack of diligence, the data of approximately 40,000 website customers was made available to unauthorized third parties between March 2018 and February 2019.",cyber_malicious,High,credential stuffing
536,France,1/27/2021,75000,Industry and Commerce,Insufficient technical and organisational measures to ensure information security,"The French DPA (CNIL) fined a company and its subcontractor EUR 150,000 and EUR 75,000 for failing to take sufficient measures against credential stuffing attacks on the company's website.

Between June 2018 and January 2020, the CNIL received several notifications of personal data breaches related to a website where several million customers regularly shop. In response, the CNIL decided to investigate the company and its subcontractor entrusted with the management of this website.

In the course of its investigations, the CNIL found that the website in question had been subjected to numerous waves of credential stuffing attacks. In this type of attack, a malicious person obtains lists of ""unencrypted"" identifiers and passwords published on the Internet, usually after a data breach. Assuming that users frequently use the same password and username (email address) for different services, the attacker will use ""bots"" to try to log in to a large number of websites. If the authentication is successful, this will allow the attacker to see the information associated with those accounts.

The CNIL found that the attackers were able to obtain the following information: Surname, first name, email address and date of birth of customers, as well as their loyalty card number and balance, and information related to their orders.

The CNIL considers that the two companies had breached their obligation to maintain the security of customers' personal data under Article 32 of the GDR.

In fact, the companies took slow action to effectively combat these repeated attacks. They had decided to focus their response strategy on developing a tool to detect and block attacks launched by robots. However, the development of this tool took a year from the first attacks. In the meantime, however, a number of other measures with faster impact could have been considered to prevent further attacks or mitigate the negative impact on individuals. As a result of this lack of diligence, the data of approximately 40,000 website customers was made available to unauthorized third parties between March 2018 and February 2019.",cyber_malicious,High,credential stuffing
552,Ireland,12/17/2020,70000,Public Sector and Education,Insufficient technical and organisational measures to ensure information security,"The Irish DPA (DPC) fined University College Dublin (UCD) EUR 70,000 due to seven personal data breaches. Unauthorized third parties were able to access UCD e-mail accounts, and login credentials for UCD e-mail accounts were posted online.  It was found that the controller did not take appropriate technical and organisational measures to protect data security when processing personal data in its email service.  In addition, the controller stored certain personal data in an email account in a form that allowed identification of the data subjects for longer than necessary for the purpose for which the personal data were processed. Also, the controller did not notify the DPC of a personal data breach in a timely manner.",cyber_malicious,High,"account compromise, credentials posted online"
584,Poland,1/11/2021,30000,Transportation and Energy,Insufficient fulfilment of data breach notification obligations,"The Polish DPA (UODO) fined Enea S.A. EUR 30,000 for the controller's failure to report a personal data breach, in violation of Art. 33 (1) GDPR. The DPA received information about a personal data breach from a person who had become an unauthorized recipient of personal data. The breach consisted of sending an email with an unencrypted, non-password protected attachment that contained personal data of several hundred individuals. The sender of the email was an employee of the sanctioned controller.",cyber_nonmalicious,High,unencrypted attachment to wrong recipient
612,The Netherlands,12/10/2020,475000,Accomodation and Hospitality,Insufficient fulfilment of data breach notification obligations,"The Dutch DPA (Autoriteit Persoonsgegevens) has fined Booking.com EUR 475,000 for not reporting a data breach to the DPA in a timely manner. In December 2018, criminals gained access to the data of 4,109 people who had booked a hotel room through the booking site. That included their names, addresses and phone numbers, as well as details about their booking. The criminals also accessed the credit card data of 283 people and managed to access the credit card's security code in 97 cases. Furthermore, they tried to get other victims' credit card details by pretending to be Booking.com employees via email or phone. Booking.com was notified of the data breach on January 13, 2019, but did not report it to the DPA until February 7, 2019. The controller was thus 22 days late in reporting the data breach, as it is required to report a data breach to the DPA within 72 hours.",cyber_malicious,High,criminals accessed booking data
620,Italy,3/25/2021,4500000,"Media, Telecoms and Broadcasting",Non-compliance with general data processing principles,"The Italian DPA (Garante) has fined Fastweb S.p.A. EUR 4,500,000 for aggressive telemarketing. Following a complex preliminary investigation launched after hundreds of reports and complaints from users, the DPA finds that the controller illegally processed the personal data of millions of users for telemarketing purposes.

Namely, the call centers working for Fastweb largely acted in disregard of data protection regulations. They often used telephone numbers for their calls that were not registered in the Italian register for communications operators (Registro degli Operatori di Comunicazione). 
Moreover, they processed contact data for promotions Fastweb had received from external partners without the data subjects having given valid consent for their data to be shared. 

In addition, many users reported being contacted by ""self-proclaimed Fastweb operators"" who attempted to obtain contractors' identity documents via WhatsApp, likely for the purpose of spamming, phishing and other fraudulent activities. 

Other breaches involved procedures for the ""call me back"" service that made it impossible for users to give free, specific and informed consent and to deactivate the service in an automated manner.",not_cyber,High,illegal telemarketing
636,Spain,4/13/2021,90000,"Media, Telecoms and Broadcasting",Insufficient legal basis for data processing,"The Spanish DPA (AEPD) has imposed a fine of EUR 150,000 on Vodafone España S.A.U.. Three data subjects had filed complaints with the AEPD against the controller. They complained about receiving unsolicited text messages from the controller informing them of new invoices, even though there was no longer a contractual relationship between them and the controller. Moreover, there were no outstanding invoices, as the amount to be paid was always zero euros. The data subjects had asked the controller several times to stop sending them text messages and to delete their data. The controller had explained that the messages had been sent due to a technical error and assured the data subjects that they would no longer receive such notifications in the future. However, the sending continued. The original fine of EUR 150,000 was reduced to EUR 90,000 due to immediate payment and admission of guilt.",not_cyber,High,unsolicited messages / erasure (subject rights)
672,The Netherlands,6/16/2020,7500,Public Sector and Education,Insufficient fulfilment of data breach notification obligations,"The Dutch DPA (AP) fined the Overijssel local branch of the PVV party EUR 7,500 for failing to notify the AP of a personal data breach, in violation of Art. 33 GDPR. An email regarding the convening of a meeting had been sent via an open distribution list due to a human error. Since the total of 101 recipients were addressed as ""Friends of the PVV"" in the email, the political beliefs of the data subjects were thus disclosed to all addressees.",cyber_nonmalicious,High,open distribution list (human error)
673,Spain,5/12/2021,3000,Industry and Commerce,Insufficient fulfilment of data subjects rights,"The Spanish DPA (AEPD) has imposed a fine of EUR 3,000 on Solram T Y R S.L.. A data subject had filed a complaint with the AEPD against the controller due to the fact that the controller continued to send him advertisements via WhatsApp, despite the fact that he had requested the deletion of his data.",not_cyber,High,marketing after erasure request
679,Hungary,3/25/2021,1425,Health Care,Insufficient legal basis for data processing,"The Hungarian DPA (NAIH) has imposed a fine of EUR 1,425 on the operator of a care facility. The operator had installed a total of 25 cameras in all rooms of the facility, with the exception of the restrooms, locker rooms and the main nurses' station. Both the residents of the facility and the employees were recorded by the video surveillance. The controller states that the cameras were installed for security purposes. These included preventing unauthorized persons from gaining access to the facility and deterring theft. The DPA states that such extensive video surveillance was not necessary for the processing purpose (security of the facility). Furthermore, the controller did not sufficiently inform the data subjects about the data processing.",not_cyber,High,CCTV
681,Poland,4/22/2021,245000,"Media, Telecoms and Broadcasting",Insufficient technical and organisational measures to ensure information security,"The Polish DPA (UODO) has fined Cyfrowy Polsat S.A. EUR 245,000. The fine was based on a large number of data breaches reported by the controller to the DPA. Frequently, postal correspondence containing personal data was lost or delivered to the wrong recipient. The DPA notes that although the data breaches were caused by the courier company contracted by the controller, the controller had to ensure that such breaches did not occur. The controller failed to implement technical and organizational measures appropriate to the risk to protect the processing of the data. Furthermore, the controller did not notify the data subjects about the data breaches until two to three months later.",cyber_nonmalicious,High,lost/misdelivered post
707,Italy,4/15/2021,12000,Public Sector and Education,Insufficient fulfilment of data subjects rights,"The Italian DPA (Garante) has imposed a fine of EUR 12,000 on the Italian National Institute for Social Security (Istituto Nazionale della Previdenza Sociale). That fine was based on the fact that the controller failed to respond properly to two requests for information that the data subject had submitted to the controller. The requests were related to the disclosure of personal data of the data subject to third parties. Initially, the data subject had received no response to either request. In the course of the investigation, the controller then provided him with information and explained that the previous requests had not been answered due to a technical error in its e-mail system",not_cyber,High,access-request failure
710,Spain,6/7/2021,19600,Employment,Non-compliance with general data processing principles,"The Spanish DPA (AEPD) has imposed a fine of EUR 26,000 on Radiotelevisión del principado de Asturias. The fine consists of EUR 20,000 due to a violation of Art. 5 (1) c) GDPR and EUR 6,000 due to a violation of Art. 12 GDPR. The fine was based on the fact that the controller installed a video surveillance system totaling 14 video cameras and monitoring the business premises. The controller states that the cameras were installed for the purpose of security of the premises. However, the cameras captured the employees' offices in a way that was not necessary for this purpose. For example, one camera also captured a considerable part of the employees' recreation room. The DPA considered this to be a violation of the principle of data minimization. In addition, the controller had not properly informed the data subjects about the processing of the data by the video surveillance and thus violated its duty to inform. The fine was reduced to EUR 19,600 due to timely payment and admission of guilt.",not_cyber,High,CCTV
715,Sweden,6/7/2021,25000,Health Care,Insufficient fulfilment of information obligations,"The Swedish DPA has imposed a fine of EUR 25,000 on Region Sörmland. The fine is related to an investigation against three companies and three Swedish regions. 

In all 21 regions of Sweden, a telephone hotline that offers advice on various health-related topics can be reached by dialing 1177. Each region operates its own health advice service, either internally or through contracted subcontractors, but together they form a national network.
In 2019, the media reported that recorded calls to the 1177 helpline were available on a web server without password protection or other security measures. 
All calls to the 1177 number initially went to the company Inera, which managed and developed the shared systems. Calls to the number 1177 from people living in the Stockholm, Sörmland and Värmland regions were put through by Inera to Medhelp AB, which took the calls. Medhelp had in turn contracted the Thai company Medicall Co Ltd. to take calls on weekends and at night. Both Medhelp and Medicall had a contract with the technology company Voice Integrate Nordic AB for, among other things, call recordings. A data breach had then occurred in which recordings of calls to the number 1177 were available on the Internet on a storage server belonging to Voice Integrate. 
The incident resulted from the misconfiguration of a network-attached storage device that was publicly accessible over the Internet and did not use encrypted communications. A large number of calls were accessed due to the vulnerability. 

The DPA imposed the fine on Region Sörmland  for collecting call data from data subjects without first properly informing them of its processing.",cyber_nonmalicious,High,same 1177 exposure; fined for information obligations
717,Sweden,6/7/2021,50000,Health Care,Insufficient fulfilment of information obligations,"The Swedish DPA has imposed a fine of EUR 50,000 on Region Stockholm. The fine is related to an investigation against three companies and three Swedish regions. 

In all 21 regions of Sweden, a telephone hotline that offers advice on various health-related topics can be reached by dialing 1177. Each region operates its own health advice service, either internally or through contracted subcontractors, but together they form a national network.
In 2019, the media reported that recorded calls to the 1177 helpline were available on a web server without password protection or other security measures. 
All calls to the 1177 number initially went to the company Inera, which managed and developed the shared systems. Calls to the number 1177 from people living in the Stockholm, Sörmland and Värmland regions were put through by Inera to Medhelp AB, which took the calls. Medhelp had in turn contracted the Thai company Medicall Co Ltd. to take calls on weekends and at night. Both Medhelp and Medicall had a contract with the technology company Voice Integrate Nordic AB for, among other things, call recordings. A data breach had then occurred in which recordings of calls to the number 1177 were available on the Internet on a storage server belonging to Voice Integrate. 
The incident resulted from the misconfiguration of a network-attached storage device that was publicly accessible over the Internet and did not use encrypted communications. A large number of calls were accessed due to the vulnerability. 

The DPA imposed the fine on Region Stockholm for collecting call data from data subjects without first properly informing them of its processing.",cyber_nonmalicious,High,1177 case
718,Sweden,6/7/2021,1200000,Health Care,Non-compliance with general data processing principles,"The Swedish DPA has imposed a fine of EUR 1,200,000 on MedHelp AB. The fine is related to an investigation against three companies and three Swedish regions. 

In all 21 regions of Sweden, a telephone hotline that offers advice on various health-related topics can be reached by dialing 1177. Each region operates its own health advice service, either internally or through contracted subcontractors, but together they form a national network.
In 2019, the media reported that recorded calls to the 1177 helpline were available on a web server without password protection or other security measures. 
All calls to the 1177 number initially went to the company Inera, which managed and developed the shared systems. Calls to the number 1177 from people living in the Stockholm, Sörmland and Värmland regions were put through by Inera to Medhelp AB, which took the calls. Medhelp had in turn contracted the Thai company Medicall Co Ltd. to take calls on weekends and at night. Both Medhelp and Medicall had a contract with the technology company Voice Integrate Nordic AB for, among other things, call recordings. A data breach had then occurred in which recordings of calls to the number 1177 were available on the Internet on a storage server belonging to Voice Integrate. 
The incident resulted from the misconfiguration of a network-attached storage device that was publicly accessible over the Internet and did not use encrypted communications. A large number of calls were accessed due to the vulnerability. 

The Swedish DPA found that MedHelp had failed to take appropriate technical and organizational measures to ensure an adequate level of security to protect personal data so that unauthorized persons could not access it. Similarly, MedHelp had failed to properly inform callers about the processing of their personal data in accordance with Art. 13 GDPR. 

In addition, the DPA finds the outsourcing of the processing of personal data to Medicall to be a breach of the legality principle set out in the GDPR. This is because Medicall is not covered by Swedish health and medical legislation and is therefore not subject to the legally regulated confidentiality obligation that exists in the Swedish healthcare sector.",cyber_nonmalicious,High,misconfigured NAS exposed call recordings
719,Sweden,6/7/2021,64500,Health Care,Insufficient technical and organisational measures to ensure information security,"The Swedish DPA has imposed a fine of EUR 64,500 on Voice Integrate Nordic AB. The fine is related to an investigation against three companies and three Swedish regions. 

In all 21 regions of Sweden, a telephone hotline that offers advice on various health-related topics can be reached by dialing 1177. Each region operates its own health advice service, either internally or through contracted subcontractors, but together they form a national network.
In 2019, the media reported that recorded calls to the 1177 helpline were available on a web server without password protection or other security measures. 
All calls to the 1177 number initially went to the company Inera, which managed and developed the shared systems. Calls to the number 1177 from people living in the Stockholm, Sörmland and Värmland regions were put through by Inera to Medhelp AB, which took the calls. Medhelp had in turn contracted the Thai company Medicall Co Ltd. to take calls on weekends and at night. Both Medhelp and Medicall had a contract with the technology company Voice Integrate Nordic AB for, among other things, call recordings. A data breach had then occurred in which recordings of calls to the number 1177 were available on the Internet on a storage server belonging to Voice Integrate. 
The incident resulted from the misconfiguration of a network-attached storage device that was publicly accessible over the Internet and did not use encrypted communications. A large number of calls were accessed due to the vulnerability. 

The Swedish DPA found that Voice Integrate had failed to take appropriate technical and organizational measures to ensure an adequate level of security to protect personal data so that unauthorized persons could not access it.",cyber_nonmalicious,High,1177 case - misconfigured NAS
741,Poland,6/21/2021,35300,"Finance, Insurance and Consulting",Insufficient fulfilment of data breach notification obligations,"The controller had sent an email to  that contained personal data of a customer to the wrong recipient. The leaked data included data such as the name, postal address of the data subject and insurance details. In this context the controller had not informed either the Polish DPA nor the data subjects about the data breach in a timely manner within 72 hours.",cyber_nonmalicious,High,email to wrong recipient
745,Croatia,7/5/2021,,Industry and Commerce,Insufficient technical and organisational measures to ensure information security,"A Croatian IT company provides IT services to entities such as mobile operators, banks and state institutions in Croatia, as well as to companies abroad (USA, Great Britain, the Netherlands, etc.), thereby acting as a data processor in relation to personal data. The data controller, a telecommunications company using the services of the IT provider, informed the DPA as well its users of the potential breach of personal data by the IT provider. The incident consisted of a security breach which led to unauthorized access and processing of personal data by hackers and involved personal data of 28,085 respondents. The incident occurred because the IT provider had not taken the necessary measures to achieve an adequate level of security in accordance with existing and foreseeable risks. The IT provider, as a data processor, was obliged to take appropriate technical security measures in such a way as to ensure the permanent confidentiality of the system, including regular testing, evaluation and assessment of the effectiveness of technical and organizational measures to ensure security of processing. When assessing the appropriate level of security, the IT provider should have taken particular account of the risks of unauthorized disclosure of personal data. Due to failure to take appropriate technical measures for the security of personal data processing, the DPA imposed an administrative fine on the IT provider. The amount of the fine is unknown at the moment. In its decision, the DPA took into account the nature of the IT provider’s business activity, whose role should be to support other entities through opinions and guidelines, proposing solutions for the implementation of web applications, and especially designing and implementing appropriate technical measures.",cyber_malicious,High,hackers gained unauthorized access
749,Luxembourg,6/11/2021,7600,Employment,Non-compliance with general data processing principles,"The DPA from Luxembourg (CNPD) has imposed a fine of EUR 7,600 on a company. This company had installed a video surveillance system for the purpose of protecting the company's assets, preventing intrusion by unauthorized persons and preventing accidents. However, two of the cameras also covered parts of a public street and six of the cameras covered the workplaces of some employees 
The DPA states that the recording of the employees and the public street was not necessary to ensure the purposes associated with the video surveillance and was therefore disproportionate. The DPA finds that the controller thus breached the principle of data minimization under Article 5(1)(c) of the GDPR.
In addition, the DPA found that the controller had not complied with its information obligations under Article 13 GDPR.",not_cyber,High,CCTV over public street/workplaces
751,The Netherlands,5/31/2021,450000,"Finance, Insurance and Consulting",Insufficient technical and organisational measures to ensure information security,"The Dutch DPA (AP) has fined UWV (the Dutch employee insurance service provider - 'Uitvoeringsinstituut Werknemersverzekeringen) EUR 450,000. The UWV had not properly secured the sending of group messages via the ""My Workbook"" environment. This is a personal environment on the UWV website where job seekers have contact with the UWV. As a result, there were multiple data leaks of personal information, including health information, from a total of more than 15,000 individuals.",cyber_nonmalicious,High,insecure group messaging caused leaks
754,Spain,7/8/2021,50000,"Finance, Insurance and Consulting",Insufficient legal basis for data processing,"The Spanish DPA (AEPD) has imposed a fine of EUR 50,000 on Caixabank S.A.. A data subject had filed a complaint with the DPA because he had received commercial advertising from the controller, although he had objected to the processing of his data for advertising purposes and the controller had replied that it would comply with this request.",not_cyber,High,marketing despite objection
773,Italy,5/27/2021,150000,Health Care,Non-compliance with general data processing principles,"The Italian DPA (Garante) has fined Azienda Provinciale per i Servizi Sanitari di Trento EUR 150,000. The controller had accidentally forwarded 293 medical reports of 175 patients to their general practitioners, even though the patients had asked not to forward the reports to their general practitioners. Among the patients in question had been two minors and several women who had undergone abortions. The investigation by Garante found that the data had been accidentally transmitted due to an error in the software that manages patient reports.",cyber_nonmalicious,High,misdirected medical reports via software error
819,Spain,8/25/2021,120000,"Finance, Insurance and Consulting",Insufficient technical and organisational measures to ensure information security,"The Spanish DPA (AEPD) has imposed a fine on Banco Bilbao Vizcaya Argentaria, S.A.. The reason for this had been a complaint from a person relating to a lack of authentication. Accordingly, only the ID number had to be given as identification when providing information by telephone. This could allow any person to call, provide an ID number, and thus receive the information associated with the ID number without any verification that the caller is actually the ID holder. The DPA considered this to be a failure to implement appropriate technical and organizational measures to ensure a level of security appropriate to the risk posed to the data subjects. The original fine of EUR 200,000 was reduced to EUR 120,000 due to voluntary payment and acknowledgement of guilt.",cyber_nonmalicious,High,weak phone auth process; no incident described
822,Spain,8/23/2021,1800,Not assigned,Insufficient technical and organisational measures to ensure information security,"The Spanish DPA (AEPD) has imposed a fine on an agency. The controller had disposed of documents containing personal data of its clients in the garbage. The AEPD considered this to be a lack of security and data protection measures in the sense of Art. 32 GDPR, which states that ""the controller and processor shall implement appropriate technical and organizational measures to ensure an adequate level of security."" The original fine of EUR 3,000 was reduced to EUR 1,800 due to voluntary payment and acknowledgement of responsibility.",cyber_nonmalicious,Medium,documents in garbage (physical disposal)
836,Denmark,9/16/2021,10000,Public Sector and Education,Insufficient technical and organisational measures to ensure information security,"The Danish DPA has imposed a fine of EUR 10,000 on Favrskov municipality. 

On August 19, 2020, the DPA received a notification from Favrskov Municipality of a personal data breach under Art. 33 GDPR.  The notification stated that during a break-in at the municipality's premises, a laptop was stolen which contained a program that provided an overview of the municipality's care facilities and thus information on the names and personal identity numbers of approximately 100 individuals with physical or mental disabilities.

The computer hard drive in question was not encrypted and the program in question, which contained confidential and sensitive personal data, was not equipped with security measures.

In reviewing the case, the DPO found that Favrskov Municipality had not ensured the encryption of the hard drives of the municipality's laptops for a long period of time prior to August 12, 2020, resulting in an inadequate level of security.

The DPA considered this to be a violation of Art. 32 GDPR, as the municipality had failed to implement appropriate technical and organizational measures to ensure a level of protection commensurate with the risk.",cyber_malicious,Low,"laptop stolen in break-in; physical theft, not really cyber"
858,Norway,9/20/2021,40200,Public Sector and Education,Insufficient technical and organisational measures to ensure information security,"The Norwegian DPA has imposed a fine of EUR 40,200 on the municipality of Høylandet. The latter had reported a data breach to the DPA in accordance with Art. 33 GDPR. An employee gained access to several image files (bitmap) when she had to create new letter templates and insert an image logo from the file.
The image files that the employee had access to contained sensitive information about individuals who had no connection with the municipality of Høylandet. The information included health data among others. The DPA found that the municipality had not implemented appropriate technical and organizational measures to ensure a level of security appropriate to the risk to the data subjects. Instead, the municipality stated that it had simply asked employees using the relevant computer program to avoid opening bitmap files that were not created by the municipality. The error has meanwhile been corrected and the municipality has introduced a new internal control system.",cyber_nonmalicious,High,employee accidentally accessed sensitive files (misconfig)
868,Spain,10/11/2021,10000,Industry and Commerce,Insufficient legal basis for data processing,"The Spanish DPA (AEPD) has imposed a fine of EUR 10,000 on MAF.COM ESQUI CLUB. The mother of an underage girl who had attended ski lessons with the controller filed a complaint with the DPA against the latter. The controller had published videos of the mother's daughter on its website and social media channels without her consent. The images were only disseminated with the consent of the father, who enrolled the girl in the ski course. The girl's parents were divorced at the time of the incident. The DPA found that the controller had failed to obtain consent from both parents and thus processed the images without a valid legal basis.",not_cyber,High,minor's videos without both parents' consent
892,Italy,9/16/2021,5000,Public Sector and Education,Non-compliance with general data processing principles,"The Italian DPA (Garante) has imposed a fine of EUR 5,000 on the municipality of Montalbano Jonico. An individual had filed a complaint against the municipality with the DPA. He complained that a document was publicly available on the municipality's website, which contained personal data about himself and his father. Under the ""Documents and Data"" section of the website, the files of the municipality could be viewed. In this context, it was possible to access a decision on a settlement for the overcoming and removal of architectural barriers in their home by filling out the corresponding search form. The decision clearly contained personal data and information in the text and subject line, such as the name of the complainant and his dependent father, with a reference to his situation as a disabled person. The text of the decision also contained the complainant's date of birth and place of residence, as well as information about the settlement sum. The DPA considered the the publication with indication of the data to be a violation of the principle of data minimization.",cyber_nonmalicious,Low,document publicly accessible on site; borderline minimization
897,Greece,10/4/2021,5000,Industry and Commerce,Insufficient fulfilment of data subjects rights,"The Hellenic DPA has imposed a fine of EUR 5,000 on the company PREMIUMMEDIA ΠΑΡΑΓΩΓΗ ΟΠΤΙΚΟ-ΑΚΟΥΣΤΙΚΩΝ ΕΡΓΩΝ ΙΔΙΩΤΙΚΗ ΚΕΦΑΛΑΙΟΥΧΙΚΗ ΕΤΑΙΡΙΑ. An individual had attempted to unsubscribe from the company's newsletter mailing list, but failed to do so. The failure to unsubscribe from the lists resulted from an internal technical error of the company.",not_cyber,High,unsubscribe failure (subject rights)
898,Romania,11/14/2021,2900,"Media, Telecoms and Broadcasting",Insufficient technical and organisational measures to ensure information security,"The Romanian DPA (ANSPDCP) has imposed a fine of EUR 2,900 on VODAFONE România S.A.. The company had reported a data breach to the DPA in accordance with Art. 33 GDPR. In the period from November 2020 to June 2021, there had been unauthorized access to personal data of seventy data subjects (mailing of service contracts to wrong email addresses, unauthorized access by employees of the 
controller to personal data of Vodafone customers without their request). The DPA found that the controller did not take appropriate technical and organizational measures to ensure the security of the processing of personal data.",cyber_nonmalicious,Medium,misdirected mail + insider snooping — which class for insiders?
914,Spain,11/23/2021,40000,"Media, Telecoms and Broadcasting",Insufficient legal basis for data processing,"The Spanish DPA (AEPD) has fined Vodafone España S.A.U. EUR 40,000. An individual had filed a complaint against Vodafone with the DPA because her cell phone line was transferred to a third party without her consent and she was charged amounts from a third party phone line. The reason for this was a technical error in Vodafone's systems.",not_cyber,Low,"line transferred via technical error; processing error, borderline"
927,Lithuania,11/29/2021,110000,Industry and Commerce,Insufficient technical and organisational measures to ensure information security,"The Lithuanian DPA has fined UAB Prime Leasing, the operator of the short-term car rental platform CityBee, EUR 110,000. The DPA conducted the investigation on its own initiative after information about a possible personal data breach (Art. 33 GDPR) of the company's customers became public in February 2021. According to the company, they learned about the security breach from another cybersecurity service provider who informed them that the customer data of 110,302 CityBee users had been published on the website of the hacking forum RaidForums.com. This included data such as names, addresses, phone numbers, email addresses, personal identification numbers, driver's license numbers, type of payment card and the last four digits of the card number of the data subjects. 

The DPA's investigation revealed that the published data originated from an unsecured backup copy of a database. 

The DPA found that the data breach occurred due to the company's failure to comply with its obligation to implement technical and organizational measures to ensure a level of security appropriate to the risk to data subjects. 

The company had, for example, failed to appoint a person with appropriate competence to be responsible for security and risk management.  It had also failed to ensure that accesses to database files were logged and evaluated. 
In addition, the company had stored the database unencrypted, so that a person with technical knowledge could have had full access to the data in the file after downloading it. The personal codes in the database were furthermore stored unprotected and the passwords in the database were only encrypted with an encryption algorithm that was considered insecure.",cyber_malicious,Medium,"root cause unsecured backup, but data stolen & posted on hacking forum"
952,Finland,12/7/2021,608000,Health Care,Non-compliance with general data processing principles,"The Finnish DPA has fined Vastaamo psychotherapy center EUR 608,000. In September 2020, the psychotherapy center reported an attack on its patient database to the DPA. An unauthorized third party had gained access to Vastaamo's medical database on at least two occasions, in December 2018 and March 2019. The attacker had also siphoned off data and left a ransom note on the servers. Due to insufficient logging, neither the exact date of the breach nor the network addresses used by the attacker could be identified.

The most likely cause of the medical database leak was an unprotected port on the database where the root user account of the database was not password protected. The patient database server was open to the Internet without firewall protection during the period between November 26, 2017, and March 13, 2019.

For this reason, the DPA determined that the personal data were not adequately protected against unauthorized and unlawful processing or accidental loss, destruction, or damage, and that the controller had not implemented basic measures for the secure processing of personal data.

As part of its investigation, the DPA also determined that the controller must have known as early as March 2019 that data in the patient information system had been lost and could have been compromised by an external attacker. Vastaamo should have immediately reported the security breach to both the DPA and its patients. However, Vastaamo was significantly late in meeting this obligation. 

The fine is composed proportionately of EUR 145, 600 for the breach of Art. 33 (1) GDPR, EUR 145, 600 for the breach of Art. 34 (1) GDPR and EUR 316, 800 for the breach of Art. 5 (1) f) GDPR.",cyber_malicious,High,Vastaamo — attacker left ransom note
987,Ireland,12/2/2021,60000,Public Sector and Education,Insufficient technical and organisational measures to ensure information security,"The Irish DPA has imposed a fine of EUR 60,000 on the Irish Teaching Council. The Council notified the DPA of a data breach under Art. 33 of the GDPR. 

Accordingly, two employees of the Council accessed a phishing email that allowed them to set up an automatic forwarding system from their email accounts to a malicious email account. As a result, 323 emails were forwarded to the unauthorized external email address between February 17, 2020 and March 6, 2020. The emails contained the personal data of 9,735 data subjects and the sensitive personal data of one data subject.

The DPA therefore found that the Council had failed to implement appropriate technical and organizational measures to ensure a level of protection for data subjects' personal data commensurate with the risk. 

In addition, the DPA found that the Council failed to report the data breach in a timely manner.",cyber_malicious,High,phishing -> auto-forward rule
990,Greece,12/29/2021,75000,Public Sector and Education,Insufficient technical and organisational measures to ensure information security,"The Hellenic DPA has imposed a fine of EUR 75,000 on the Greek Ministry of Tourism. A data breach had occurred at the authority. According to the DPA, an attempt by a citizen to enter his or her credentials on the authority's online platform resulted in the display of someone else's credentials, including full name, tax number, social security number, postal address, phone number, email address, and fields indicating a disability. The DPA found that the ministry failed to implement adequate technical and organizational measures to secure personal data. 
The ministry failed to report the incident to the DPA. The DPA considered this to be a violation of Article 33 of the GDPR. 
The DPA's investigation also found that the Ministry of Tourism had not appointed a data protection officer, even though an email address of the authority's data protection officer was provided on the above-mentioned platform for communication with users of the platform. This email address, as it turned out, was not active.",cyber_nonmalicious,High,system bug displayed another user's credentials; no attacker
991,Italy,12/2/2021,7000,Health Care,Insufficient technical and organisational measures to ensure information security,"The Italian DPA (Garante) has fined Società Med Store Saronno s.r.l. EUR 7,000. The nursing home notified the DPA of a data breach pursuant to Art. 33 GDPR. The facility had suffered a cyber attack by a hacker who gained access to personal data and published it. This included publishing radiological images of patients on his Twitter account. The DPA's investigation revealed that the home had only secured the data with simple passwords. For this reason, the DPA found that the home had failed to implement appropriate technical and organizational measures to ensure a level of protection commensurate with the risk.",cyber_malicious,High,hacker published patient images
1001,Luxembourg,12/1/2021,6800,Employment,Non-compliance with general data processing principles,"The DPA from Luxembourg (CNPD) has imposed a fine of EUR 6,800 on a company. The company had installed a video surveillance system to protect the company's assets, prevent intrusion by unauthorized persons and prevent accidents. However, the cameras also captured parts of an employee's work area, the smoking area that employees frequently used and parts of the public space. The DPA states that the controller thus violated the principle of data minimization under Art. 5 (1) c) of the GDPR. Furthermore, the DPA found a violation of the information obligations set out in Art. 13 GDPR, by not properly informing its employees and third parties about the video surveillance.",not_cyber,High,CCTV
1011,Finland,12/16/2021,6500,Industry and Commerce,Insufficient technical and organisational measures to ensure information security,"The Finnish DPA has imposed a fine of EUR 6,500 on a travel agency. 

A customer of the travel agency informed the DPA to suspect that the company might not process the data of its customers in a data protection compliant manner. During its investigation, the DPA found that the travel agency had not ensured secure processing of personal data. For example, visa application forms filled out by customers were publicly accessible on the travel agency's web server. 
The form contained, among other things, the name, contact details and passport number.

In addition, the travel agency had not complied with a customer's request to delete their data from the systems.",cyber_nonmalicious,High,visa forms exposed on web server
1024,Greece,1/27/2022,6000000,"Media, Telecoms and Broadcasting",Insufficient technical and organisational measures to ensure information security,"The Hellenic DPA has imposed a fine of EUR 6 million on Cosmote Mobile Telecommunications S.A.. Cosmote had reported a data breach to the DPA pursuant to Art. 33 GDPR. A hacker had penetrated the controller's systems and obtained and subsequently leaked data from Cosmote customers. The stolen data included sensitive information, from Cosmote subscribers such as age, gender and contract information. Nearly 10 million people were affected by the incident. 

For this reason, the DPA found that Cosmote had failed to implement adequate technical and organizational measures to ensure the proper execution of the data anonymization process.  In addition, Cosmote did not conduct a sufficient data protection impact assessment and did not properly inform data subjects about the processing of their data. 

Finally, the DPA found that Cosmote did not clearly regulate the allocation of roles in data processing with its subsidiary, OTE Group. 

In calculating the fine, the DPA aggravatingly took into account the very long duration of the breaches (6 years), the large number of data subjects, as well as the fact that no pseudonymization measures of the data were implemented over a long period of time.",cyber_malicious,High,
1025,Greece,1/27/2022,3200000,"Media, Telecoms and Broadcasting",Insufficient technical and organisational measures to ensure information security,"The Hellenic DPA has imposed a fine of EUR 3.2 million on Cosmote subsidiary OTE Group. Among other things, OTE Group had contributed to Cosmote's security infrastructure. Cosmote had reported a data breach to the DPA under Article 33 of the GDPR. A hacker had been able to penetrate Cosmote's systems due to a lack of security measures and obtained and subsequently leaked data from customers. The stolen data included sensitive information, from Cosmote subscribers such as age, gender and contract information. Nearly 10 million people were affected by the incident. 

For this reason, the DPA found that OTE Group had failed to implement adequate technical and organizational measures to ensure a level of security commensurate with the risk to data subjects.",cyber_malicious,High,same Cosmote hack (processor side)
1049,Germany,2020,50100,Accomodation and Hospitality,Insufficient technical and organisational measures to ensure information security,"In order to combat the Covid 19 pandemic, a restaurant had put out an open list in which visitors had to enter their contact data. The fact that the list was openly displayed would have made it possible for unauthorized third parties to gain access to the data.",cyber_nonmalicious,Medium,open COVID contact list exposed data
1055,Spain,2/1/2022,3940000,"Media, Telecoms and Broadcasting",Non-compliance with general data processing principles,"The Spanish DPA has fined Vodafone España, S.A.U. EUR 3.94 million. Nine Vodafone customers had filed complaints with the DPA. In the course of its investigation, the DPA found that fraudsters had pretended to be the data subjects when contacting Vodafone and had demanded a copy of their SIM cards. As a result, they were able to conclude contracts at the expense of the data subjects and carry out various transfers. According to the DPA, Vodafone had not properly verified the identity of the fraudsters before issuing the SIM cards and ensured that the inquirers were really the SIM card holders due to a lack of sufficient security measures.",cyber_malicious,High,SIM-swap fraud
1078,Italy,1/27/2022,40000,Industry and Commerce,Insufficient fulfilment of data subjects rights,"The Italian DPA has imposed a fine of EUR 40,000 on T.S.M. s.r.l.. A data subject had filed a complaint with the DPA against the company for failing to comply with their requests to delete their data and object to the future processing of their personal data.",not_cyber,High,ignored deletion/objection (subject rights)
1136,France,4/15/2022,1500000,Health Care,Insufficient technical and organisational measures to ensure information security,"The French DPA (CNIL) has imposed a fine of EUR 1.5 million on DEDALUS BIOLOGIE. DEDALUS distributes software solutions for medical analysis laboratories. 
In February, the press revealed a data leak at DEDALUS that resulted in the leak of nearly 500,000 individuals' data. The leaked data included information on the surnames, first names, social security number, name of the treating physician, data on medical examinations and illnesses of the data subjects. 

During its investigation, the CNIL found several violations of the GDPR.

Namely, DEDALUS had violated Art. 29 GDPR by extracting more data than required in the course of processing on behalf of two laboratories. 

In addition, the DPA found that DEDALUS had failed to implement appropriate technical and organizational measures to ensure the security of personal data. This constitutes a violation of Art. 32 GDPR.

For example, no specific procedure for data migration operations had been implemented. Also, the leaked data had not been stored in encrypted form on the server. In addition, the DPA found that DEDALUS lacked authentication for access to the public area of the server. 

The absence of such security measures was one of the main causes of the data leak. 

Further, the DPA found that the contractual documents between DEDALUS and its customers did not comply with the requirements set forth in Art. 28 GDPR.

The DPA took into aggravating consideration the seriousness of the violations committed, in particular the security breaches, as well as the large number of individuals affected, when imposing the fine.",cyber_nonmalicious,Medium,leak via unencrypted/unauthenticated server; no attacker mentioned
1180,Romania,5/24/2022,5000,Health Care,Insufficient technical and organisational measures to ensure information security,"The Romanian DPA has imposed a fine of EUR 5,000 on MED LIFE S.A.. The company had disposed of documents containing sensitive patient data in a publicly accessible garbage can. An individual had found these documents and filed a complaint with the DPA. During its investigation, the DPA found that MED Life had not taken adequate technical and organizational measures to protect personal data and avoid such incidents.",cyber_nonmalicious,Medium,documents in publicly accessible bin (physical disposal)
1242,Italy,5/22/2022,3000,Industry and Commerce,Non-compliance with general data processing principles,"The Italian DPA has imposed a fine of EUR 3,000 on the company Zito Auto di Gianfranco Zito. The company had installed video surveillance cameras which monitored, among other things, public spaces and employees. The DPA considered this to be a violation of the principle of data minimization (Art. 5 (1) c) GDPR).",not_cyber,High,CCTV
1247,Spain,6/23/2022,30000,"Media, Telecoms and Broadcasting",Non-compliance with general data processing principles,"The Spanish DPA has imposed a fine on RADIO TELEVISION MADRID, S.A.. Several media outlets, including the controller had published an audio recording of a multiple rape victim's testimony in court on their websites as well as on Twitter to report on the case. The case had attracted a lot of media attention. During its investigation, the DPA determined that the rape victim's right to privacy outweighed the controller's freedom of information. The audio recordings of the victim did not add any significant value to the reporting, but rather severely compromised the victim's privacy. For this reason, the DPA found that the controller violated the principle of data minimization. The original fine of EUR 50,000 was reduced to EUR 30,000 due to voluntary payment and admission of guilt.",not_cyber,High,press freedom / minimization
1248,Romania,6/30/2022,2000,Industry and Commerce,Insufficient technical and organisational measures to ensure information security,"The Romanian DPA has imposed a fine of EUR 2,000 on Continental Automotive Romania SRL. 
The controller had reported a data breach to the DPA pursuant to Art. 33 GDPR. 
The controller had discovered 135 unauthorized and improperly configured surveillance cameras on its premises, which, among other things, captured images of employees in the production area. These cameras were connected to unofficial and unprotected camera systems. For this reason, the DPA found that the controller had not taken appropriate technical and organizational measures to ensure the security of employees' personal data.",cyber_nonmalicious,Low,rogue unprotected CCTV — borderline not_cyber (CCTV) vs security failure
1250,United Kingdom,6/9/2022,91000,Public Sector and Education,Insufficient technical and organisational measures to ensure information security,"The UK DPA (ICO) has fined the Tavistock and Portman NHS Foundation Trust EUR 91,000. The Tavistock and Portman NHS Foundation Trust is a mental health specialist trust located in London.

In early September 2019, the trust wanted to run a contest asking patients at the adult gender identity clinic to provide artwork to decorate a renovated clinic building. For this, two emails were inadvertently sent with an open distribution list (one to 912 recipients and the second to 869 recipients).

It was clear from the content of the email that all recipients were patients of the clinic. The trust immediately recognized the error and unsuccessfully attempted to recall the emails. 

As part of its investigation, the IOC determined that the trust had no technical or organizational measures in place to prevent or mitigate this highly predictable human error. The ICO rated the harm to affected individuals as high given that information about the affected individuals' relationship with a gender identity clinic is very sensitive personal information. 


Due to immediate implementation of security measures and extensive cooperation with the ICO, the fine was reduced from EUR 910,000 to EUR 91,00.",cyber_nonmalicious,High,open distribution list emails
1268,Greece,7/13/2022,20000000,Industry and Commerce,Non-compliance with general data processing principles,"The Hellenic DPA has imposed a fine of EUR 20,000,000 on Clearview AI Inc. The non-profit organization ""Homos Digitalis"" had filed a complaint with the DPA on behalf of the data subject. The company holds a database of more than 20 billion facial images (including those of greek residents and nationals) from around the world. The data is collected online from publicly accessible platforms such as social networks. The company offers a search service that allows individuals be identified based on the biometric data extracted from the images. Individuals' profiles can be enriched with information associated with those images, such as image tags and geolocation. In the course of its investigation the DPA found that the personal data contained in the company's database had been processed unlawfully and without a valid legal basis. Also, the DPA found that the company had not provided the data subject with access to their personal data and thus violating Art. 15 GDPR. Furthermore, Cleaview had violated the principle of transparency by failing to adequately inform users about the processing of their data.",not_cyber,High,Clearview unlawful biometric scraping
1283,Spain,7/13/2022,132000,"Finance, Insurance and Consulting",Insufficient technical and organisational measures to ensure information security,"The Spanish DPA has imposed a fine on DKV Seguros y Reaseguros, S.A.E.. An individual had filed a complaint with the DPA after receiving multiple e-mails from the controller containing information from an unknown person. The controller had sent 51 emails with medical certificates containing the names, surnames and data on medical tests of the data subjects to the wrong recipient. The complainant had alerted the controller to the wrong mailing several times, but the controller did not respond until it learned of the complaint to the DPA. The controller had not reported the data breach to the DPA. 
In the course of its investigation, the DPA found that the controller had failed to implement appropriate technical and organizational measures to ensure a level of data protection security appropriate to the risk. The original fine of EUR 220,000 was reduced to EUR 132,000 due to voluntary payment and admission of responsibility.",cyber_nonmalicious,High,51 medical certificates to wrong recipient
1293,Croatia,7/21/2022,285000,"Media, Telecoms and Broadcasting",Insufficient technical and organisational measures to ensure information security,"The Croatian DPA has fined a telecommunications company EUR 285,000. The company had suffered a data breach. Attackers had managed to access data from about 100,000 data subjects. 

During its investigation, the DPA found that such a breach was facilitated by the company's failure to implement adequate technical and organizational security measures for the processing of personal data. For example, the processing systems lacked access restrictions. 

In assessing the fine, it was taken into aggravating account that the company is one of the leading telecommunications companies in Croatia and therefore, due to the high volume of data processed there, the risk of an attack on the systems was to be expected. 

For this very reason, the company should have paid more attention to ensuring that sufficient safety measures were taken.",cyber_malicious,High,attackers accessed 100k records
1301,Germany,2021,12500,Transportation and Energy,Unknown,"The DPA of Hamburg has imposed a fine of EUR 12,5000 on an energy supplier. The company had outsourced and sold its heating energy division. Customers affected by the transfer were informed about the transfer of their electricity supply contracts and given the right to object. In the event of a declared objection, no personal data of the customers should be transferred to the new company. However, despite customers having duly declared their objection, their data was transferred to the new company.",not_cyber,High,data transferred despite objection (no legal basis)
1345,Germany,2021,,Health Care,Insufficient technical and organisational measures to ensure information security,A physician's office had disposed of patient records in a waste paper container used by several offices.,cyber_nonmalicious,Medium,patient records in shared waste container (physical)
1352,Isle OF Man,7/13/2022,202000,Health Care,Non-compliance with general data processing principles,"The DPA of Isle of Man has imposed a fine of EUR 202,000 on Manx Care Ltd. Manx Care had emailed an unsecured attachment containing a patient's confidential health information to more than 1870 recipients. The DPA had subsequently issued an enforcement notice against Manx Care. However, Manx Care had failed to comply with the DPA's orders. As a result, the DPA came to the decision to impose a fine on the company. The DPA primarily found that the company had failed to implement appropriate technical and organizational measures to protect personal data. Also, the DPA found that the company had violated the principle of data minimization according to Art. 5 (1) c) GDPR by sending the patient's data to persons not related to the patient's care. Finally, the DPA found that the company had not informed the data subject of the data breach.",cyber_nonmalicious,High,unsecured attachment to 1870 recipients
1370,Romania,8/22/2022,10000,Transportation and Energy,Insufficient technical and organisational measures to ensure information security,"The Romanian DPA has fined Enel Energie Muntenia S.A. EUR 10,000. A customer had mistakenly received an email addressed to another customer containing documents with personal data of the other customer. In the course of its investigation, the DPA found that the incident had occurred due to the company's failure to take adequate technical and organizational measures to protect personal data.",cyber_nonmalicious,High,email to wrong customer
1377,Romania,8/29/2022,1000,"Finance, Insurance and Consulting",Insufficient technical and organisational measures to ensure information security,"The Romanian DPA has imposed a fine of EUR 1,000 on Alpha Bank Romania SA. The bank had accidentally sent a document to the wrong recipient via WhatsApp. The document contained personal data of four data subjects, such as first and last names and information on loans and contracts. During its investigation, the DPA found that the bank had failed to implement sufficient technical and organizational measures to protect personal data.",cyber_nonmalicious,High,document to wrong recipient via WhatsApp
1403,Romania,9/19/2022,2000,"Finance, Insurance and Consulting",Insufficient technical and organisational measures to ensure information security,"The Romanian DPA has imposed a fine of EUR 2,000 on Banca Comercială Română SA. 

The bank had notified the DPA of a data breach pursuant to Art. 33 GDPR. 

Due to an error in the IT application of the controller, emails containing personal data of customers were sent to the wrong recipients. 
This data breach resulted in the unauthorized disclosure of and access to certain personal data such as first and last name, home address, phone number, email address, and financial information. The incident affected 564 individuals. 

The DPA found that the bank had failed to take appropriate technical and organizational measures to ensure a level of security commensurate with the processing risk.",cyber_nonmalicious,High,"IT error, emails to wrong recipients"
1409,Romania,9/22/2022,2000,"Finance, Insurance and Consulting",Insufficient technical and organisational measures to ensure information security,"The Romanian DPA has imposed a fine of EUR 2,000 on Bitfactor SRL. 
The controller had notified the DPA of a data breach pursuant to Art. 33 GDPR. 
Due to a malfunction of an application of the controller, marketing messages were sent to users of the website, resulting in a breach of confidentiality of the personal data concerning 1757 data subjects.
During its investigation, the DPA found that the controller did not take adequate technical and organizational measures to protect the personal data of the data subjects.",cyber_nonmalicious,Medium,app malfunction breached confidentiality
1416,Italy,7/21/2022,3000,Health Care,Insufficient technical and organisational measures to ensure information security,"The Italian DPA has fined Azienda Socio Sanitaria Territoriale Rhodense EUR 3,000. The healthcare facility had reported the loss of a patient's medical record. The file contained personal data such as surname, first name, gender, date and place of birth, tax number, place of residence, telephone numbers of the data subject. The DPA determined that the incident was caused by a lack of technical and organizational measures to protect personal data at the healthcare facility.",cyber_nonmalicious,High,lost medical record (physical)
1447,Spain,10/17/2022,500,Individuals and Private Associations,Non-compliance with general data processing principles,"The Spanish DPA (AEPD) fined a private individual EUR 500. The individual had installed video surveillance cameras on their property which covered, among other things, the public space and a neighboring property. The AEPD found that such extensive video surveillance constituted a violation of the principle of data minimization.",not_cyber,High,CCTV over public space
1461,United Kingdom,10/19/2022,5033000,Industry and Commerce,Insufficient technical and organisational measures to ensure information security,"The British DPA has fined the construction group Interserve Group Limited EUR 5,033,000. The controller had notified the DPA of a data breach pursuant to Art. 33 GDPR. 
Interserve had suffered a cyber attack in which the attackers sent a phishing mail to the mailbox of Interserve's accounting team. The mail was opened by an employee who also downloaded and opened an attached zip file. This allowed the attackers to install malware and siphon off personal data from 113,000 employees. The siphoned data contained bank account information, social security numbers, ethnicity, sexual orientation and religion of the data subjects, among other things. 

The DPA's investigation found that inadequate security measures allowed the attack to occur. 

Interservere employees, for example, had not been adequately trained on data privacy. 

In addition, Interserve processed personal data on unsupported operating systems that were no longer subject to security updates to address vulnerabilities in the system. Also, Interserve had not conducted adequate vulnerability scans. Finally, Interserve's information security team had not sufficiently investigated the attack as antivirus software reported that the malware had been removed.",cyber_malicious,High,phishing + malware
1479,Romania,11/7/2022,2000,Transportation and Energy,Insufficient technical and organisational measures to ensure information security,"The Romanian DPA has imposed a fine of EUR 2,000 on the Romanian Post. The Post suffered a data breach where staff lost several mailings containing pension statements, employment certificates and death certificates. The incident affected 35 individuals (recipients).
The DPA found that the Post had failed to implement adequate technical and organizational measures to protect personal data that might have prevented such an incident.",cyber_nonmalicious,High,staff lost mailings (lost post)
1491,Spain,11/11/2022,3600,Accomodation and Hospitality,Insufficient legal basis for data processing,"The Spanish DPA has imposed a fine of EUR 3,600 on XASTRE DO PETO, S.L. (restaurant). An individual had filed a complaint with the DPA due to the fact that the controller required them to fill out a form with their personal information for contact tracing purposes in the context of the Covid-19 pandemic. However, during its investigation, the DPA found that the legal basis for collecting the contact information had expired in the meantime and that the controller had therefore processed the data unlawfully. The DPA also found that the controller did not provide data subjects with sufficient information on data processing. The DPA further determined that the controller did not provide data subjects with an easy way to object to the processing of personal data.",not_cyber,High,"COVID form, expired legal basis"
1495,Romania,11/16/2022,28000,"Finance, Insurance and Consulting",Insufficient technical and organisational measures to ensure information security,"The Romanian DPA has imposed a fine of EUR 28,000 on Raiffeisen Bank SA. 
The bank had reported several data breaches pursuant to Art. 33 GDPR to the DPA.

During its investigation, the DPA found that the bank conducted queries in a credit agency without the consent of the data subjects. 

In addition, the DPA found that the bank had granted credit to several customers without the affected customers having applied for it. 

Furthermore, the bank had inadvertently sent personal data of data subjects to wrong recipients, allowing them to access the data. 

The DPA found that the bank had failed to implement adequate technical and organizational measures to protect personal data. This resulted in unauthorized access and/or disclosure of personal data.",cyber_nonmalicious,Medium,mixed: unlawful credit-agency queries + misdirected mail
1500,Romania,11/21/2022,20000,"Finance, Insurance and Consulting",Insufficient technical and organisational measures to ensure information security,"The Romanian DPA has imposed a fine of EUR 20,000 on ING Bank NV Amsterdam Sucursala București. 
The bank had reported a data breach to the DPA pursuant to Art. 33 GDPR. 
Several personal data of customers, such as ID card data, bank data, bank card data, etc., were accessed and disclosed without authorization. This resulted in payment transactions being carried out by unauthorized third parties. During its investigation, the DPA found that the bank had failed to implement adequate technical and organizational measures to protect personal data, which allowed the unauthorized access.",cyber_malicious,Medium,unauthorized access + fraudulent transactions
1501,Romania,11/24/2022,1000,Health Care,Insufficient technical and organisational measures to ensure information security,"The Romanian DPA has imposed a fine of EUR 1,000 on Medicover S.R.L.. The controller had reported a data breach to the DPA pursuant to Art. 33 GDPR. The controller had inadvertently sent documents containing personal data to the wrong recipient. As a result, personal data such as the data subject's name, correspondence address, e-mail and health data were disclosed without authorization. The DPA determined that the incidents were due to the controller's failure to implement appropriate technical and organizational measures to protect the processing of personal data.",cyber_nonmalicious,High,documents to wrong recipient
1503,Romania,11/25/2022,3000,"Finance, Insurance and Consulting",Insufficient technical and organisational measures to ensure information security,"The Romanian DPA has imposed a fine of EUR 3,000 on OTP LEASING ROMANIA IFN SA. The controller had reported a data breach to the DPA pursuant to Art. 33 GDPR. 
An individual had informed the controller that they had gained unauthorized access to an IT platform operated by the controller by changing the URL address and creating an administrator account. This enabled the person to gain unauthorized access to personal data. The DPA found that the controller had failed to take appropriate technical and organizational measures to protect personal data. This resulted in unauthorized access to the personal data.",cyber_malicious,Medium,URL manipulation + admin account (exploit); reporter may be benign
1504,Spain,11/29/2022,500,Individuals and Private Associations,Non-compliance with general data processing principles,"The Spanish DPA (AEPD) has imposed a fine of EUR 500 on a private individual. The controller had installed video surveillance cameras which, among other things, also covered the public space and furthermore published the recorded images on Facebook. The DPA considered this to be a violation of the principle of data minimization.",not_cyber,High,CCTV + Facebook posting
1519,Ireland,1/26/2022,5000,"Finance, Insurance and Consulting",Insufficient technical and organisational measures to ensure information security,"The Irish DPA has imposed a fine of EUR 5,000 on Slane Credit Union Ltd. The controller had notified the DPA of a data breach in 2018.  Due to an error in a search engine optimization tool installed on the controller's website, four reports of member inquiries containing personal member data were unintentionally published. 
The incident affected 76 members, including minors, and their personal data such as names, addresses, gender, birth dates, account numbers, etc. 

The DPA found that the controller had failed to implement adequate technical and organizational measures to protect personal data. 

In addition, the DPA concluded that the controller failed to conduct due diligence on the processor and to conclude a GDPR compliant contract with the processor.",cyber_nonmalicious,High,SEO-tool error published member reports
1522,Spain,12/9/2022,8000,"Finance, Insurance and Consulting",Insufficient legal basis for data processing,"The Spanish DPA has fined a notary. The controller had consulted the land register of a property belonging to the data subject without an order requiring the consultation of this data or the consent of the data subject. The original fine of EUR 10,000 was reduced to EUR 8,000 due to voluntary payment.",not_cyber,High,land register consulted w/o legal basis
1530,Spain,12/13/2022,56000,"Media, Telecoms and Broadcasting",Insufficient legal basis for data processing,"The Spanish DPA has imposed a fine on Vodafone España, S.A.U.. A person had filed a complaint with the DPA because the company had given a duplicate of their SIM card to an unauthorized fraudulent third party without their consent. During its investigation, the DPA found that the company failed to verify the identity of the third party or obtain the data subject's consent to share their data. The original fine of EUR 70,000 was reduced to EUR 56,000 due to voluntary payment.",cyber_malicious,High,SIM-swap fraud via failed identity verification
1539,Romania,12/22/2022,10000,"Finance, Insurance and Consulting",Insufficient technical and organisational measures to ensure information security,"The Romanian DPA has imposed a fine of EUR 10,000 on SUDREZIDENȚIAL Broker S.R.L.. An employee of the controller had unauthorizedly published an Excel spreadsheet containing personal data, such as first name, last name, telephone number, ID number, e-mail address, bank details, etc. of 509 customers of the controller on the Internet. In the course of its investigation, the DPA found that the controller had failed to implement appropriate technical and organizational measures to protect personal data.",cyber_malicious,Medium,insider deliberately published customer data — which class?
1546,Romania,1/4/2023,3000,Industry and Commerce,Insufficient technical and organisational measures to ensure information security,"The Romanian DPA has imposed a fine of EUR 3,000 on Apă Canal Ilfov SA. The controller sent an e-mail with personal data to several recipients in an open distribution list. This made it possible for the recipients to view the e-mail addresses of all other recipients.",cyber_nonmalicious,High,open CC distribution list
1564,Ireland,12/22/2022,100000,Industry and Commerce,Non-compliance with general data processing principles,"The Irish DPA has imposed a fine of EUR 100,000 on the nursing home operator VIEC Limited. 
The controller had notified the DPA of a data breach pursuant to Art. 33 GDPR. The controller had suffered a phishing attack in which an unauthorized third party gained access to an email account of a VIEC manager. As a result, the unknown third party also managed to access personal data such as health and biometric data of home residents. The DPA found this to be a breach of the principle of integrity and confidentiality. The DPA also found that the controller had failed to implement appropriate technical and organizational measures to protect personal data.",cyber_malicious,High,phishing
1619,Cyprus,2022,5000,Industry and Commerce,Insufficient technical and organisational measures to ensure information security,"The Cypriot DPA has imposed a fine of EUR 5,000 on DW Dynamic Works LIMITED. The controller operated as a processor for Hermes Airport Ltd.. Hermes had suffered a cyberattack which, according to the DPA, was caused, among other things, by Dynamic Works' lack of technical and organizational measures to protect personal data.",cyber_malicious,High,processor blamed for Hermes cyberattack
1625,Cyprus,2022,7500,Industry and Commerce,Insufficient technical and organisational measures to ensure information security,"The Cypriot DPA has imposed a fine of EUR 7,500 on DW Dynamic Works LIMITED. The controller operated as a processor for the Cypriot Ministry of Denfese. The minsitry had suffered a cyberattack which, according to the DPA, was caused, among other things, by Dynamic Works' lack of technical and organizational measures to protect personal data.",cyber_malicious,High,processor blamed for ministry cyberattack
1648,Italy,4/7/2022,10000,Health Care,Non-compliance with general data processing principles,"The Italian DPA has fined Tecnomed Trento s.r.l. EUR 10,000. The controller had operated several video surveillance cameras in its premises, some of them without the required authorization. Furthermore, the DPA found that information signs regarding the processing of personal data by the cameras were missing. The DPA also found that three individuals with shared credentials had authorized access to the recorded images. The DPA concluded that this circumstance was not appropriate to guarantee the confidentiality of the information processed by the video surveillance system, in particular it does not allow to check who carried out certain processing operations.",not_cyber,High,CCTV + shared-credential authorization issue
1655,Belgium,8/23/2022,2500,Industry and Commerce,Insufficient technical and organisational measures to ensure information security,"The Belgian DPA has imposed a fine of EUR 2,500 on a company. The company operates a digital management platform where suppliers and customers can communicate and upload administrative documents. An individual, who is not themselves a member of the platform, had filed a complaint with the DPA. Since the complainant's roommate is a member of the platform, the complainant asked them to upload the joint water bill, which was in the complainant's name. The platform recognized the complainant's name and sent the roommate an invitation to connect with additional companies through the platform where the complainant was a customer. Although the roommate did not accept the invitation, they were able to view various data concerning the complainant. The DPA found that the company had failed to implement appropriate technical and organizational measures to protect personal data, in order, for example, to prevent easy access to third-party data.",cyber_nonmalicious,Medium,platform design flaw exposed data
1666,Ireland,1/23/2023,460000,Health Care,Non-compliance with general data processing principles,"The Irish DPA has imposed a fine of EUR 460,000 on Centric Health Ltd.. The controller suffered a ransomware attack in which personal data such as name, date of birth and contact details were accessed, altered and destroyed without authorization. Data records of approximately 70,000 people were affected, of which 2,500 were permanently affected. 

The DPA's investigation found that the healthcare facility had failed to implement adequate technical and organizational measures to protect personal data, which facilitated such an attack.",cyber_malicious,High,ransomware
1675,Spain,2/28/2023,15000,"Finance, Insurance and Consulting",Insufficient fulfilment of data subjects rights,"The Spanish DPA has imposed a fine of EUR 15,000 on GRUPO NORCONSULTING, S.L.. A data subject had filed a complaint against the controller with the DPA due to the controller's failure to properly comply with their request for access and erasure of their personal data.",not_cyber,High,ignored access/erasure (subject rights)
1680,Romania,3/6/2023,2250,"Finance, Insurance and Consulting",Insufficient technical and organisational measures to ensure information security,"The Romanian DPA has imposed a fine of EUR 2,250 on Finopro IFN SA. The controller had suffered a ransomware attack in which unauthorized third parties gained access to personal data such as address, credit card details, bank account information, telephone numbers etc. of data subjects.  During its investigation the DPA found that the controller had failed to implement adequate technical and organizational measures to protect personal data.",cyber_malicious,High,ransomware
1708,Spain,3/21/2023,50000,"Media, Telecoms and Broadcasting",Non-compliance with general data processing principles,"The Spanish DPA has imposed a fine of EUR 50,000 on SOCIEDAD ESPAÑOLA DE RADIODIFUSIÓN, S.L.. Several media outlets, including the controller had published an audio recording of a multiple rape victim's testimony in court on their websites to report on the case. The case had attracted a lot of media attention. During its investigation, the DPA determined that the rape victim's right to privacy outweighed the controller's freedom of information. The audio recordings of the victim did not add any significant value to the reporting, but rather severely compromised the victim's privacy. For this reason, the DPA found that the controller violated the principle of data minimization.",not_cyber,High,same rape-testimony media case
1709,Spain,3/21/2023,50000,"Media, Telecoms and Broadcasting",Non-compliance with general data processing principles,"The Spanish DPA has imposed a fine of EUR 50,000 on LA VANGUARDIA EDICIONES, S.L.. Several media outlets, including the controller had published an audio recording of a multiple rape victim's testimony in court on their websites as well as on Twitter to report on the case. The case had attracted a lot of media attention. During its investigation, the DPA determined that the rape victim's right to privacy outweighed the controller's freedom of information. The audio recordings of the victim did not add any significant value to the reporting, but rather severely compromised the victim's privacy. For this reason, the DPA found that the controller violated the principle of data minimization.",not_cyber,High,rape-testimony media case
1711,Spain,3/21/2023,50000,"Media, Telecoms and Broadcasting",Non-compliance with general data processing principles,"The Spanish DPA has imposed a fine of EUR 50,000 on CONECTA5 TELECINCO, S.A.U.. Several media outlets, including the controller had published an audio recording of a multiple rape victim's testimony in court on their websites as well as on Twitter to report on the case. The case had attracted a lot of media attention. During its investigation, the DPA determined that the rape victim's right to privacy outweighed the controller's freedom of information. The audio recordings of the victim did not add any significant value to the reporting, but rather severely compromised the victim's privacy. For this reason, the DPA found that the controller violated the principle of data minimization.",not_cyber,High,rape-testimony media case
1712,Spain,3/21/2023,50000,"Media, Telecoms and Broadcasting",Non-compliance with general data processing principles,"The Spanish DPA has imposed a fine of EUR 50,000 on DISPLAY CONNECTORS, S.L.. Several media outlets, including the controller had published an audio recording of a multiple rape victim's testimony in court on their websites as well as on Twitter to report on the case. The case had attracted a lot of media attention. During its investigation, the DPA determined that the rape victim's right to privacy outweighed the controller's freedom of information. The audio recordings of the victim did not add any significant value to the reporting, but rather severely compromised the victim's privacy. For this reason, the DPA found that the controller violated the principle of data minimization.",not_cyber,High,rape-testimony media case
1713,Spain,3/21/2023,50000,"Media, Telecoms and Broadcasting",Non-compliance with general data processing principles,"The Spanish DPA has imposed a fine of EUR 50,000 on EL DIARIO DE PRENSA DIGITAL SL.. Several media outlets, including the controller had published an audio recording of a multiple rape victim's testimony in court on their websites as well as on Twitter to report on the case. The case had attracted a lot of media attention. During its investigation, the DPA determined that the rape victim's right to privacy outweighed the controller's freedom of information. The audio recordings of the victim did not add any significant value to the reporting, but rather severely compromised the victim's privacy. For this reason, the DPA found that the controller violated the principle of data minimization.",not_cyber,High,rape-testimony media case
1716,Spain,3/21/2023,50000,"Media, Telecoms and Broadcasting",Non-compliance with general data processing principles,"The Spanish DPA has imposed a fine of EUR 50,000 on UNIDAD EDITORIAL INFORMACION GENERAL S.L.U.. Several media outlets, including the controller had published an audio recording of a multiple rape victim's testimony in court on their websites as well as on Twitter to report on the case. The case had attracted a lot of media attention. During its investigation, the DPA determined that the rape victim's right to privacy outweighed the controller's freedom of information. The audio recordings of the victim did not add any significant value to the reporting, but rather severely compromised the victim's privacy. For this reason, the DPA found that the controller violated the principle of data minimization.",not_cyber,High,same rape-testimony media case
1726,Germany,2022,,Not assigned,Insufficient fulfilment of data breach notification obligations,The DPA from Bremen has fined a company for failing to inform the DPA pursuant to Art. 33 GDPR that an employee's business email account had been hacked.,cyber_malicious,High,fined for late Art.33 notification; underlying incident = hacked email
1732,Poland,2/7/2023,321,Real Estate,Insufficient fulfilment of data breach notification obligations,"The Polish DPA has imposed a fine of EUR 321 on a housing association. 
The controller had suffered a data breach involving the theft of documents, including a copy of a notarial deed. During its investigation, the DPA found that the controller had both failed to report the data breach to the DPA in a timely manner and to notify the data subjects affected by the incident. Further, the DPA found that the controller had not adequately checked if the processor provided sufficient guarantees to implement appropriate technical and organisational measures to ensure data protection.",cyber_malicious,Low,"physical document theft — malicious but not ""cyber"""
1736,Spain,4/3/2023,50000,"Media, Telecoms and Broadcasting",Non-compliance with general data processing principles,"The Spanish DPA has imposed a fine of EUR 50,000 on 20 MINUTOS EDITORA, S.L.. Several media outlets, including the controller had published an audio recording of a multiple rape victim's testimony in court on their websites. The case had attracted a lot of media attention. During its investigation, the DPA determined that the rape victim's right to privacy outweighed the controller's freedom of information. The audio recordings of the victim did not add any significant value to the reporting, but rather severely compromised the victim's privacy. For this reason, the DPA found that the controller violated the principle of data minimization.",not_cyber,High,rape-testimony media case
1740,Italy,3/23/2023,4000,Health Care,Insufficient technical and organisational measures to ensure information security,"The Italian DPA has imposed a fine of EUR 4,000 on Azienda socio-sanitaria locale n. 1 di Sassari. The controller had mistakenly sent a document containing health data of the data subject to the wrong recipient. The DPA found that the healthcare facility had not taken sufficient technical and organizational measures to protect personal data.",cyber_nonmalicious,High,wrong recipient
1771,Greece,12/19/2022,7000,Not assigned,Insufficient fulfilment of data subjects rights,"The Hellenic DPA has imposed a fine of EUR 7,000 on the company ΜΑΡΙΑ ΠΕΔΙΩΤΗ ΚΑΙ ΣΙΑ Ο.Ε. The company had not sufficiently complied with the request for information from a person, as the information was late and incomplete. In addition, the controller did not sufficiently cooperate with the DPA.",not_cyber,High,late/incomplete info response
1797,Germany,2022,,Individuals and Private Associations,Insufficient technical and organisational measures to ensure information security,"The DPA of Brandenburg has imposed a five-figure fine on an aid organization. The aid organization provides transportation for people with illnesses. The organization had reported a data breach to the DPA in which data of data subjects had been published due to a hack. At the time of the attack, the controller's database contained more than 80,000 records with data that included information about the health status of the data subjects. During its investigation, the DPA found that the bank had failed to take adequate technical and organizational measures to protect personal data, which allowed such a breach to occur. In addition, the DPA found that the bank had failed to conclude a processing agreement with its processors.",cyber_malicious,High,explicit hack
1808,Poland,2/8/2023,7200,"Finance, Insurance and Consulting",Insufficient technical and organisational measures to ensure information security,"The Polish DPA has imposed a fine of EUR 7,200 on a company. The controller had suffered a data breach that resulted in the loss of personal data. During its investigation, the DPA found that the controller had failed to implement adequate technical and organizational measures to protect personal data, which facilitated the data breach. The controller had failed to conduct certain risk analyses, for example. In addition, the DPA found that the controller failed to review its processor and ensure that it provided sufficient guarantees to protect personal data.",cyber_nonmalicious,Medium,"""loss of personal data"", cause vague"
1840,Malta,2020,2000,Not assigned,Insufficient technical and organisational measures to ensure information security,A third party has gained unauthorized access to another person's account.,cyber_malicious,Low,one line: third party accessed another's account
1847,Romania,5/12/2023,1000,"Finance, Insurance and Consulting",Insufficient technical and organisational measures to ensure information security,"The Romanian DPA has imposed a fine of EUR 1,00 on the insurance company NN Asigurări de Viață S.A.. The controller had notified the authority of a data breach pursuant to Art. 33 GDPR. The controller had made a number of technical changes to its systems that allowed some website visitors to access personal data of other individuals. This led to the unauthorized access of personal data such as name, ID card number, email, etc. of two individuals. During its investigation, the DPA found that the controller had failed to take appropriate technical and organizational measures to protect personal data, which facilitated such an incident.",cyber_nonmalicious,High,technical change let visitors access others' data
1919,Romania,6/27/2023,2500,Industry and Commerce,Insufficient technical and organisational measures to ensure information security,"The Spanish DPA has imposed a fine of EUR 2,500 on Farmacia Ardealul SRL. The controller had reported a data breach to the DPA. During its investigation, the DPA found that an unauthorized installation of malware on the controller's website led to unauthorized processing of customer data (bank data). The DPA found that the controller had failed to install appropriate technical and organizational measures to protect personal data.",cyber_malicious,High,malware installed on website
1921,Greece,6/12/2023,210000,"Finance, Insurance and Consulting",Non-compliance with general data processing principles,"The Hellenic DPA has imposed a fine of EUR 210,000 on Piraeus Bank. During its investigation, the DPA found that the bank had processed personal data of customers in violation of the principle of lawfulness. In addition, the DPA found that the bank had processed personal data without taking appropriate and effective technical and organizational measures to process only the data necessary for the specific purpose. Finally, the DPA found that the bank had failed to properly comply with a data subject's request for access to their personal data.",not_cyber,Medium,mainly lawfulness/access rights; TOM mentioned in passing
1929,Poland,5/16/2023,6700,Public Sector and Education,Insufficient technical and organisational measures to ensure information security,"The Polish DPA has imposed a fine of EUR 6,700 on a municipality. The controller had reported a data breach to the DPA. During its investigation, the DPA found that the controller had suffered a ransomware attack, in which the attackers took advantage of a vulnerability present in the IT system. The DPA found that the controller had failed to install adequate technical and organizational measures to protect personal data, allowing such an attack to occur.",cyber_malicious,High,ransomware
1956,Spain,6/6/2023,3000,Individuals and Private Associations,Non-compliance with general data processing principles,"The Spanish DPA has fined a private individual EUR 3,000. An individual had filed a complaint with the DPA against the controller due to the fact that the controller had provided them with a false receipt that contained another customer's data and not their own. During its investigation, the DPA found that the controller had failed to implement adequate technical and organizational measures to protect personal data.",cyber_nonmalicious,Medium,wrong receipt exposed another customer's data
1961,Poland,5/31/2023,10600,Not assigned,Insufficient technical and organisational measures to ensure information security,"The Polish DPA has imposed a fine of EUR 10,600 on a company. The company had suffered a ransomware attack on their systems which resulted in the loss of personal data. During its investigation the DPA found that the company had failed to install adequate technical and organizational measures to protect personal data, allowing such an attack to occur. Furthermore the controller failed to inform the DPA and the data subject of the incident in a timely manner.",cyber_malicious,High,ransomware
1973,Lithuania,4/20/2023,20000,Not assigned,Non-compliance with general data processing principles,"The Lithuanian DPA has fined a company EUR 20,000. The company had suffered a data breach in which personal data of 50,000 data subjects were compromised. 

During its investigation, the DPA found that the company had failed to implement appropriate technical and organizational measures to protect personal data. These included the lack of adequate access controls and authentication of IT system administrators in the controller's information systems. 
Also, the DPA found that the company failed to set an appropriate retention period for personal data.",unclear,Medium,breach mechanism not stated
1992,Spain,7/27/2023,1200,Industry and Commerce,Insufficient technical and organisational measures to ensure information security,"The Spanish DPA has imposed a fine on FONTANORTE, S.L.. The controller had disposed of documents containing personal data in publicly accessible trash containers. The original fine of EUR 2,000 was reduced to EUR 1,200 due to voluntary payment and admission of responsibility.",cyber_nonmalicious,Medium,documents in public trash (physical disposal)
2036,Spain,9/7/2023,70000,Transportation and Energy,Insufficient legal basis for data processing,"The Spanish DPA has imposed a fine of EUR 70,000 on SUMINISTRADOR IBÉRICO DE ENERGÍA, S.L.. A customer had filed a complaint with the DPA due to the fact that the controller carried out a change of their electricity and gas supply company without obtaining their consent beforehand.",not_cyber,High,supplier switch without consent
2040,Spain,9/25/2023,600,Individuals and Private Associations,Non-compliance with general data processing principles,"The Spanish DPA (AEPD) has imposed a fine of EUR 600 on a private individual. The controller had installed video surveillance cameras which, among other things, also covered the public space and a neighbour property. The DPA considered this to be a violation of the principle of data minimization. In addition, the controller had not properly informed the data subjects about the processing of the data by the video surveillance and thus violated its duty to inform.",not_cyber,High,CCTV over public space
2041,Spain,9/26/2023,30000,"Media, Telecoms and Broadcasting",Non-compliance with general data processing principles,"The Spanish DPA has imposed a fine of EUR 30,000 on EUROPA PRESS DE CATALUNYA, S.A.. Several media outlets, including the controller had published an audio recording of a multiple rape victim's testimony in court on their websites to report on the case. The case had attracted a lot of media attention. During its investigation, the DPA determined that the rape victim's right to privacy outweighed the controller's freedom of information. The audio recordings of the victim did not add any significant value to the reporting, but rather severely compromised the victim's privacy. For this reason, the DPA found that the controller violated the principle of data minimization.",not_cyber,High,same rape-testimony media case
2045,Romania,9/26/2023,25000,Transportation and Energy,Insufficient technical and organisational measures to ensure information security,"The Romanian DPA has imposed a fine of EUR 25,000 on RESTART ENERGY ONE S.A.. During its investigation, the DPA found that there existed a publicly accessible file on the controller's website containing personal data (name, surname, address, telephone numbers, email addresses, contract number and contract date) of at least 750 data subjects. The file was publicly accessible via a link generated by search engines for a period of approximately 2.5 years. The DPA concluded that the controller had failed to implement appropriate technical and organizational measures to protect personal data.",cyber_nonmalicious,High,"public file, 2.5 years"
2072,France,10/12/2023,600000,"Media, Telecoms and Broadcasting",Insufficient fulfilment of data subjects rights,"The French DPA has imposed a fine of EUR 600,000 on GROUPE CANAL+ for multiple violations of the GDPR. The DPA determined that the data controller failed to demonstrate that it had obtained valid prior consent from individuals for sending electronic promotional messages. Additionally, the DPA found that the data controller did not provide adequate information regarding the retention periods of personal data in its privacy statement. Furthermore, the DPA observed that the data controller's processors did not furnish sufficient information to potential customers during marketing calls. Moreover, the DPA found that the data controller did not adequately respond to requests from data subjects in certain cases. In addition, the data controller failed to establish contractual regulations for the processing of personal data by its processors. Finally, the DPA noted that the controller had not properly secured passwords for the company's employees and failed to report a data breach. In determining the amount of the fine, the DPA considered the violations identified, as well as the company's cooperation and corrective actions taken during the proceedings to ensure compliance.",not_cyber,Medium,mixed; mainly consent/marketing/subject-rights
2081,Romania,10/2/2023,1000,Transportation and Energy,Insufficient technical and organisational measures to ensure information security,"The Romanian DPA has imposed a fine of EUR 1,000 on Cez Vânzare S.A.. The controller had accidentally sent emails containing personal customer data to the wrong recipients. 
The DPA found that the controller had failed to implement adequate technical and organizational measures to protect personal data.",cyber_nonmalicious,High,emails to wrong recipients
2084,Italy,8/31/2023,10000,Health Care,Non-compliance with general data processing principles,"The Italian DPA has fined Mednow Medical Center di Giugni Marco EUR 10,000. An individual had filed a complaint with the DPA because the controller had inadvertently sent the results of a medical examination to the wrong recipient. In addition, the controller had failed to properly fulfill the individual's data subject rights and only complied with the data subject's requests upon the DPA's notice.",cyber_nonmalicious,High,results to wrong recipient
2108,Italy,9/28/2023,50000,Health Care,Non-compliance with general data processing principles,"The Italian DPA has imposed a fine of EUR 50,000 on Azienda Usl Toscana centro. A person had reported that medical records containing sensitive patient data were still being stored in one of the healthcare facility's former and vacant buildings which were publicly accessible.",cyber_nonmalicious,Medium,records left in publicly accessible vacant building (physical)
2109,Italy,9/28/2023,5000,Public Sector and Education,Non-compliance with general data processing principles,"The Italian DPA has imposed a fine of EUR 5,000 on Ministero dell'Ambiente e della Sicurezza Energetica. The controller had published a document on its website that contained numerous data, including employee health data, without a valid legal basis. The document was publicly accessible for 16 days.",cyber_nonmalicious,Low,health data publicly accessible 16 days; borderline unlawful publication
2284,Greece,2/28/2024,2995140,Transportation and Energy,Insufficient technical and organisational measures to ensure information security,"The Hellenic DPA has imposed a fine of EUR 2,995,140 on the Hellenic Post (ΕΛΛΗΝΙΚΑ ΤΑΧΥΔΡΟΜΕΙΑ ΑΝΩΝΥΜΗ ΕΤΑΙΡΕΙΑ). The controller had suffered a data breach which resulted in personal data being accessed and later published on the Dark Web. During its investigation, the DPA found that the controller had failed to implement appropriate technical and organizational measures to prevent such an incident.",cyber_malicious,Medium,"data breach + published on dark web; attack implied, mechanism not stated"
2306,Italy,2/8/2024,79100000,Transportation and Energy,Insufficient technical and organisational measures to ensure information security,"The Italian DPA has fined Enel Energia SpA EUR 79.1 million due to its lack of compliance with technical and organisational measures aimed at limiting the potential abuses by agencies that unlawfully performed telemarketing activities. According to the DPA, Enel Energia acquired as many as 978 contracts from four different previously sanctioned companies, even though they did not belong to the energy company’s sales network. Moreover, following subsequent inspections at Enel Energia, the DPA ascertained that the information systems used for customer management and service activation by the company showed the abovementioned serious security shortcomings. Enel failed to put in place all the necessary measures to prevent the unlawful activities of unauthorised agents who fuelled for years an illicit business carried out through nuisance calls, service promotions, and the signing of contracts with no real economic benefits for customers by identifying easy ‘front doors’ in the company’s information systems.",cyber_malicious,Low,"rogue agents exploited system ""front doors"" for telemarketing — borderline not_cyber"
2326,Poland,4/30/2024,210,Individuals and Private Associations,Insufficient fulfilment of data breach notification obligations,The Polish DPA has fined an association EUR 210 for failing to report a data breach to the DPA in a timely manner.,unclear,Low,late breach reporting; no breach detail
2397,Spain,6/26/2024,80000,Real Estate,Insufficient technical and organisational measures to ensure information security,"The Spanish DPA has imposed a fine on AXA REAL ESTATE INVESTMENT MANAGERS IBERICA S.A. y SEUR GEOPOST, S.L.. The controller had suffered a security incident which, according to the DPA, had occurred due to the company's failure to implement appropriate technical and organizational measures to protect personal data. The original fine of EUR 100,000 was reduced to EUR 80,000 due to voluntary payment.",unclear,Medium,"""security incident"" - unspecified"
2407,Spain,5/28/2024,70000,"Finance, Insurance and Consulting",Non-compliance with general data processing principles,"The Spanish DPA has imposed a fine of EUR 70,000 on CAIXABANK S.A.. A person had filed a complaint with the DPA because an employee of the controller had accidentally disclosed tax data of the data subject to their ex-spouse without their consent.",cyber_nonmalicious,Medium,employee accidentally disclosed tax data to ex-spouse
2477,Romania,8/20/2024,8000,Accomodation and Hospitality,Insufficient technical and organisational measures to ensure information security,"The Romanian DPA has fined Ana Hotels SRL EUR 8,000. The controller had suffered a data breach which resulted in the unauthorized disclosure of personal data processed and stored in their IT systems. The DPA found that the controller had failed to implement adequate technical and organizational measures to protect personal data.",unclear,Medium,"""unauthorized disclosure"" — hack or leak?"
2484,Ireland,12/17/2024,251000000,"Media, Telecoms and Broadcasting",Insufficient technical and organisational measures to ensure information security,"The Irish Data Protection Commission (DPC) has fined Meta Platforms Ireland Limited EUR 251 million. The fine was imposed for data protection violations related to a data breach that occurred in 2018 and affected 29 million Facebook accounts worldwide, including 3 million in the EU/EEA. Compromised data included names, email addresses, phone numbers, and children's data. The breach resulted from the exploitation of user tokens on the platform by unauthorized third parties. The DPC found that Meta had violated Art. 33 GDPR (EUR 11 million), as information was missing from the data breach notification, for example. The DPC also found violations of Art. 25 GDPR (EUR 240 million), concluding that Meta had failed to ensure that data protection principles were protected in the design of processing systems and had failed in its obligations as a controller to ensure that, by default, only personal data that are necessary for specific purposes are processed.",cyber_malicious,High,token exploitation by third parties
2506,Finland,12/17/2024,950000,"Finance, Insurance and Consulting",Insufficient technical and organisational measures to ensure information security,"The Finnish DPA has imposed a fine of EUR 950,000 on Sambla Group Oy. Security vulnerabilities in two of its comparison portals allowed unauthorized persons to access personal data, such as income, housing costs, and marital status of credit applicants, via unsecured links.",cyber_nonmalicious,Medium,unsecured links exposed data; no attacker stated
2508,Spain,9/26/2024,1300000,"Media, Telecoms and Broadcasting",Non-compliance with general data processing principles,"The Spanish DPA has imposed a fine of EUR 1.3 million on TELEFÓNICA DE ESPAÑA SAU. The controller had reported a security incident to the DPA, stating that they had suffered a cyber attack that allowed unauthorised third parties to access personal customer data via an employee's account. During its investigation, the DPA found that the controller had failed to implement appropriate technical and organisational measures to protect personal data that could have prevented such an incident. The fine is composed as follows: EUR 500,000 for the violation of Art. 5 (1) f) GDPR and EUR 800,000 for the violation of Art. 32 GDPR.",cyber_malicious,High,cyber attack via employee account
2532,Spain,12/27/2023,6500000,"Media, Telecoms and Broadcasting",Insufficient technical and organisational measures to ensure information security,"The Spanish DPA has imposed a fine of EUR 6.5 million on THE PHONE HOUSE SPAIN, S.L. The controller had suffered a ransomware attack affecting personal data of 13 million individuals (e.g. customers and employees), which was exfiltrated and published on the deep web. The DPA's investigation revealed that the controller had failed to implement appropriate technical and organisational measures to protect personal data, in order to prevent such an incident.",cyber_malicious,High,ransomware
2537,Spain,1/17/2025,16000,"Finance, Insurance and Consulting",Non-compliance with general data processing principles,"The Spanish DPA has imposed a fine on CAJA RURAL DEL
SUR, S.C.C.. The controller had suffered a cyber attack in which the attackers were able to access customer data due to a security vulnerability in its systems. The DPA found that the company had failed to implement the necessary security measures that could have prevented such an incident. The original fine of EUR 20,000 was reduced to EUR 16,000 due to voluntary payment.",cyber_malicious,High,cyber attack
2538,Spain,1/17/2025,12000,"Finance, Insurance and Consulting",Non-compliance with general data processing principles,"The Spanish DPA has imposed a fine on CAJA RURAL DE ARAGÓN, S.C.C.. The controller had suffered a cyber attack in which the attackers were able to access customer data due to a security vulnerability in its systems. The DPA found that the company had failed to implement the necessary security measures that could have prevented such an incident. The original fine of EUR 15,000 was reduced to EUR 12,000 due to voluntary payment.",cyber_malicious,High,
2554,Spain,1/17/2025,76000,"Finance, Insurance and Consulting",Non-compliance with general data processing principles,"The Spanish DPA has imposed a fine on CAJA RURAL DE GIJÓN, S.C.A.C.. The controller had suffered a cyber attack in which the attackers were able to access customer data due to a security vulnerability in its systems. The DPA found that the company had failed to implement the necessary security measures that could have prevented such an incident. The original fine of EUR 95,000 was reduced to EUR 76,000 due to voluntary payment.",cyber_malicious,High,cyber attack
2555,United Kingdom,9/26/2024,904000,Public Sector and Education,Insufficient technical and organisational measures to ensure information security,"The ICO fined the Police Service of Northern Ireland £750,000 (EUR 904,000) after accidentally publishing personal data of 9,483 police officers and staff on the internet. The breach caused significant distress for PSNI officers and staff, as their personal information, including names, ranks, roles, and location of post, was exposed. Many feared for their safety, with concerns that dissident groups could use the data to intimidate or target them, creating fear and uncertainty.",cyber_nonmalicious,High,accidental publication of officer data
2566,United Kingdom,4/14/2025,70300,"Finance, Insurance and Consulting",Insufficient technical and organisational measures to ensure information security,"The UK DPA (ICO) has imposed a fine of £ 60,000 (EUR 70,300) on the law firm DPP Law Ltd. The controller had suffered a cyber attack during which personal data of 791 clients and expert witnesses were exfiltrated and published on the dark web.

The DPA found that the controller failed to implement adequate technical and organisational measures to prevent such an attack, including the failure to regularly audit administrative accounts on its network, thereby infringing Art. 5 (1) f), 32 (1), and 32 (2) UK GDPR.

The controller also breached Art. 33 (1) UK GDPR by failing to notify the DPA within 72 hours, reporting the incident only 43 days later.",cyber_malicious,High,"exfiltrated, published on dark web"
2574,Spain,2/25/2025,600000,Individuals and Private Associations,Non-compliance with general data processing principles,"The Spanish DPA has imposed a fine on IBERMUTUA, MUTUA COLABORADORA CON LA SEGURIDAD SOCIAL NUM.274. Due to a technical error in its online platform, personal data, including health information, of 3,395 individuals was unlawfully transferred to 354 recipients. The DPA found that the controller had failed to implement appropriate technical and organisational measures to protect personal data that could have prevented such an incident. The original fine of EUR 1 million was reduced to EUR 600,000 due to voluntary payment and admission of responsibility.",cyber_nonmalicious,High,technical error mass-misdirected data
2577,Spain,1/17/2025,10000,"Finance, Insurance and Consulting",Non-compliance with general data processing principles,"The Spanish DPA has imposed a fine on CAJA RURAL NTRA. SRA. DEL
ROSARIO. The controller had suffered a cyber attack in which the attackers were able to access customer data due to a security vulnerability in its systems. The DPA found that the company had failed to implement the necessary security measures that could have prevented such an incident. The original fine of EUR 12,000 was reduced to EUR 10,000 due to voluntary payment.",cyber_malicious,High,
2578,Spain,1/17/2025,8000,"Finance, Insurance and Consulting",Non-compliance with general data processing principles,"The Spanish DPA has imposed a fine on CAJA RURAL NTRA
MADRE DEL SOL S.C.A.C.. The controller had suffered a cyber attack in which the attackers were able to access customer data due to a security vulnerability in its systems. The DPA found that the company had failed to implement the necessary security measures that could have prevented such an incident. The original fine of EUR 10,000 was reduced to EUR 8,000 due to voluntary payment.",cyber_malicious,High,
2580,Spain,1/17/2025,12000,"Finance, Insurance and Consulting",Non-compliance with general data processing principles,"The Spanish DPA has imposed a fine on CAJA RURAL
GRANADA, S.C.C.. The controller had suffered a cyber attack in which the attackers were able to access customer data due to a security vulnerability in its systems. The DPA found that the company had failed to implement the necessary security measures that could have prevented such an incident. The original fine of EUR 15,000 was reduced to EUR 12,000 due to voluntary payment.",cyber_malicious,High,
2581,Spain,1/17/2025,8000,"Finance, Insurance and Consulting",Non-compliance with general data processing principles,"The Spanish DPA has imposed a fine on CAJA RURAL DE
BAENA NTRA. SRA. DE GUADALUPE, S.C.C.A.. The controller had suffered a cyber attack in which the attackers were able to access customer data due to a security vulnerability in its systems. The DPA found that the company had failed to implement the necessary security measures that could have prevented such an incident. The original fine of EUR 10,000 was reduced to EUR 8,000 due to voluntary payment.",cyber_malicious,High,cyber attack
2583,Spain,1/17/2025,12000,"Finance, Insurance and Consulting",Non-compliance with general data processing principles,"The Spanish DPA has imposed a fine on CAJA RURAL DE ASTURIAS,
S.C.C.. The controller had suffered a cyber attack in which the attackers were able to access customer data due to a security vulnerability in its systems. The DPA found that the company had failed to implement the necessary security measures that could have prevented such an incident. The original fine of EUR 15,000 was reduced to EUR 12,000 due to voluntary payment.",cyber_malicious,High,
2595,Lithuania,1/21/2025,9000,Public Sector and Education,Insufficient technical and organisational measures to ensure information security,"The Lithuanian DPA has imposed a fine of EUR 9,000 against the Employment Service under the Ministry of Social Security and Labor of the Republic of Lithuania. Following a data leak involving the data of 292 clients, the DPA found that the controller had failed to implement sufficient technical and organizational measures to prevent such incidents.",unclear,Medium,"""data leak"", mechanism unspecified"
2600,Denmark,11/12/2024,6700,Health Care,Insufficient technical and organisational measures to ensure information security,"The Danish DPA has imposed a fine of EUR 9,700 on Uptime-IT ApS. Uptime-IT ApS, the data processor for a chiropractic clinic, failed to install sufficient security measures, resulting in a data breach.",unclear,Medium,"""failed to install security, data breach"" - no mechanism"
2604,Croatia,3/24/2025,40000,"Media, Telecoms and Broadcasting",Insufficient legal basis for data processing,"The Croatian DPA (AZOP) has imposed a fine of EUR 40,000 on a company that published personal data of sole traders on its website. The data originated from public sources and from the financial agency FINA. Although publicly accessible, the authority found that there was no valid legal basis for the publication. Furthermore, the company did not inform the data subjects about the processing of their data and did not properly document its processing activities. Another point of concern was that the data protection officer was also the managing director of the company, which constitutes a conflict of interest under the GDPR. Therefore, the company was fined for breaching Art. 5 (1) (a) and (e), Art. 6 (1) (f), Art. 12, Art. 14, Art. 30, and Art. 38 (3) and (6) GDPR.",not_cyber,High,unlawful publication of sole-trader data (legal basis)
2605,Croatia,3/24/2025,20000,Health Care,Insufficient technical and organisational measures to ensure information security,"The Croatian DPA (AZOP) imposed a fine of EUR 20,000 on a hospital for failing to implement adequate technical and organizational measures to protect personal data in line with Art. 32 (1) (b) and (d), and Art. 32 (2) GDPR. Following a cyberattack, it was revealed that over a period of seven days, at least 3 GB of personal data had been unlawfully copied from the system. The attacker allegedly gained access through social engineering and a VPN connection, exploited an outdated operating system, and obtained domain administrator rights. In addition to the data breach, numerous servers were locked, backups were deleted, and unauthorized executable files were launched. AZOP found that key security measures such as access restrictions, monitoring, incident response, and corrective actions were either missing or insufficient, which significantly contributed to the success of the attack.",cyber_malicious,High,social engineering + VPN attack
2629,Germany,2024,60000,Health Care,Insufficient technical and organisational measures to ensure information security,"The DPA of Berlin imposed a fine of EUR 60,000 on a healthcare company. The company offers practice management software that includes a patient communication portal with insufficient technical and organizational measures to ensure data protection. The total amount of the fine was reduced because no data breach was found and the company cooperated with the DPA.",cyber_nonmalicious,High,insecure design only — no actual breach occurred
2634,Germany,2024,2500,Health Care,Insufficient technical and organisational measures to ensure information security,"The DPA of Hessen has imposed a fine of EUR 2,500 on a doctor´s office. The controller hired an office manager who worked partly from home. The manager worked with patient files, which he stored at home. However, he did not lock or otherwise secure the files, which resulted in guests and family members having access to them. On one occasion, the manager asked his wife to send him photos of some files via a private messaging service because he had left them in his car, which his wife was using for a long trip.",cyber_nonmalicious,High,unsecured patient files at home
2655,Spain,3/14/2025,3200000,Industry and Commerce,Insufficient technical and organisational measures to ensure information security,"The Spanish DPA imposed a fine of EUR 3,200,000 on CENTROS COMERCIALES CARREFOUR, S.A. The controller suffered a cyberattack, resulting in the leak of a large amount of personal data. The controller failed to implement sufficient technical and organizational measures to ensure data security. Additionally, the notification of the data subjects in regards to the data breach was insufficient.",cyber_malicious,High,cyberattack
2685,Romania,1/3/2025,2000,Health Care,Insufficient technical and organisational measures to ensure information security,"The Romanian DPA has imposed a fine of EUR 2,000 on Unirea Medical Center S.R.L. The controller publicly exposed the access credentials for a data subject's email account on a workstation.",cyber_nonmalicious,Medium,credentials exposed on a workstation; no attacker
2711,Romania,4/25/2025,6000,Industry and Commerce,Insufficient technical and organisational measures to ensure information security,"The Romanian DPA has imposed a fine of EUR 6,000 on SC Travel Planner SRL. The controller failed to implement sufficient technical and organisational measures, resulting in a data breach. The controller also failed to notify the DPA of the breach.",unclear,Medium,"""data breach"", type unspecified"
2717,Romania,5/16/2025,5000,"Finance, Insurance and Consulting",Insufficient technical and organisational measures to ensure information security,"The Romanian DPA has imposed a fine of EUR 5,000 on ACCOUNTING & AUDIT CONSULTING SRL. The controller did not implement sufficient technical and organisational measures to ensure information security, resulting in a data breach.",unclear,Medium,"""insufficient measures, data breach"" - no mechanism"
2738,Spain,5/26/2025,1380000,Transportation and Energy,Insufficient technical and organisational measures to ensure information security,"The Spanish DPA imposed a fine of EUR 1,380,000 on REPSOL COMERCIALIZADORA DE ELECTRICIDAD Y GAS, S.L. The controller used outdated technical and organisational measures to manage customer contracts. This resulted in an individual receiving energy bills, without having a contract with the controller. The size of the controller, a multinational company, and the large amount of personal data being processed, were seen as aggravating factors.",not_cyber,Low,billing/processing error; borderline
2740,Spain,6/4/2025,21000,Employment,Non-compliance with general data processing principles,"The Spanish DPA imposed a fine of EUR 21,000 on ALVEA SOLUCIONES TECNOLÓGICAS, S.L. The controller processed job applicants' data using publicly accessible Google Forms. The original fine of EUR 35,000 was reduced to EUR 21,000 due to immediate payment and admission of responsibility by the controller.",cyber_nonmalicious,High,public Google Forms exposure
2741,Spain,6/13/2025,18000,Industry and Commerce,Insufficient technical and organisational measures to ensure information security,"The Spanish DPA imposed a fine of EUR 18,000 on OCI CINE, S.L. The controller had implemented insufficient technical and organisational measures to ensure data security, resulting in customers having temporary access to the data of unrelated customers. The original fine of EUR 30,000 was reduced to EUR 18,000 due to immediate payment and admission of responsibility by the controller.",cyber_nonmalicious,High,customers could access others' data (design flaw)
2809,Czech Republic,6/9/2021,2000,Not assigned,Insufficient fulfilment of data subjects rights,"The Czech DPA has imposed a fine of EUR 2,000 on a legal person. The accused did not respond to the complainant's repeated requests to provide access to personal data and to provide information on how she had obtained the contact details of his data box.",not_cyber,High,ignored access requests
2841,Romania,9/1/2025,10000,Industry and Commerce,Insufficient technical and organisational measures to ensure information security,"The Romanian DPA has imposed a fine of EUR 10,000 on La Fântâna S.R.L. The controller suffered a cyber attack due to insufficient technical and organisational measures to ensure data security.",cyber_malicious,High,
2852,Spain,8/25/2025,1800,Transportation and Energy,Insufficient technical and organisational measures to ensure information security,"The Spanish DPA has imposed a fine of EUR 1,800 on LEIVA BUS, S.L. The controller leaked personal data due to insufficient technical and organisational measures to ensure data security. The original fine of EUR 3,000 was reduced to EUR 1,800 due to immediate payment and admission of responsibility by the controller.",unclear,Medium,"""leaked data due to insufficient measures"" - no mechanism"
2858,Estonia,9/5/2025,3000000,Industry and Commerce,Insufficient technical and organisational measures to ensure information security,"The Estonian DPA has imposed a fine of EUR 3,000,000 on Allium UPI. The controller failed to implement adequate technical and organisational measures to ensure data security. This resulted in a data breach involving the personal data of 750,000 individuals, including children and other vulnerable groups.",unclear,Medium,"""data breach"" 750k - no mechanism"
2875,Spain,9/4/2025,180000,"Finance, Insurance and Consulting",Insufficient technical and organisational measures to ensure information security,"The Spanish DPA has imposed a fine of EUR 180,000 on Sociedad de Gestión de Activos Procedentes de la Reestructuración Bancaria S.A. The controller suffered a cyber attack due to insufficient technical and organisational measures. The controller also used a third party data processor with which the controller had no sufficient data processing agreement. The original fine of EUR 300,000 was reduced to EUR 180,000 due to immediate payment and admission of responsibility by the controller.",cyber_malicious,High,cyber attack
2883,Bulgaria,1/17/2023,1020,"Media, Telecoms and Broadcasting",Non-compliance with general data processing principles,"The Bulgarian DPA has imposed a fine of EUR 1,020 on a telecommunications operator. The controller did not implement sufficient technical and organisational measures to ensure data security, resulting in an application for a provider change being processed for an individual who did not apply for one.",cyber_nonmalicious,Low,"unauthorized provider switch — possible fraud, not confirmed"
2890,Romania,9/25/2025,20000,Industry and Commerce,Insufficient technical and organisational measures to ensure information security,"The Romanian DPA has imposed a fine of EUR 20,000 on S.C. PRIMONET RO S.R.L. The controller failed to implement adequate technical and organisational measures to ensure data security. This resulted in a cyber attack that compromised the bank details of customers and caused financial losses.",cyber_malicious,High,cyber attack compromised bank details
2895,Romania,10/9/2025,25000,Transportation and Energy,Insufficient technical and organisational measures to ensure information security,"The Romanian DPA has imposed a fine of EUR 25,000 on EON ENERGIE ROMANIA S.A. The controller failed to implement adequate technical and organisational measures, resulting in a data breach.",unclear,Medium,"""data breach"" - no mechanism"
2896,Romania,10/13/2025,5000,Industry and Commerce,Insufficient technical and organisational measures to ensure information security,"The Romanian DPA has imposed a fine of EUR 5,000 on Vellea Home SRL. The controller failed to implement adequate technical and organisational measures, resulting in a data breach.",unclear,Medium,"""data breach"", type unspecified"
2914,Spain,9/17/2025,1500000,"Finance, Insurance and Consulting",Insufficient technical and organisational measures to ensure information security,"The Spanish DPA has imposed a fine of EUR 1,500,000 on SERVICIOS FINANCIEROS CARREFOUR, E.F.C. The controller suffered a successfull cyberattack due to insufficient technical and organisational measures. The original fine of EUR 2,500,000 was reduced to EUR 1,500,000 due to immediate payment and admission of responsibility by the controller.",cyber_malicious,High,cyberattack
2919,Romania,11/7/2025,7000,Industry and Commerce,Insufficient technical and organisational measures to ensure information security,"The Romanian DPA has imposed a fine of EUR 7,000 on Klass Wagen S.R.L. The controller suffered a cyber incident due to a former employee exposing the login credentials of colleagues to access the contract management software. The controller also failed to take immediate action due to internal delays.",cyber_malicious,Medium,insider - former employee exposed colleagues' credentials
2932,Romania,11/17/2025,8000,Industry and Commerce,Insufficient technical and organisational measures to ensure information security,"The Romanian DPA has imposed a fine of EUR 8,000 on PGS SOFA & CO SRL. The controller suffered a successful cyber attack due to insufficient technical and organisational measures.",cyber_malicious,High,"brief but explicit ""cyber attack"""
2953,Romania,11/27/2025,2000,Individuals and Private Associations,Insufficient technical and organisational measures to ensure information security,"Thr Romanian DPA has imposed a fine of EUR 2,000 on Nițu A. Cleopatra – Expert Accountant. The controller was the target of a successful cyber attack due to the inadequate technical and organisational measures in place to ensure data security.",cyber_malicious,High,successful cyber attack
2972,United Kingdom,11/20/2025,1400000,Industry and Commerce,Insufficient technical and organisational measures to ensure information security,"The UK DPA has imposed a fine of £ 1,228,283 (EUR 1,400,000) on LastPass UK Ltd. The controller suffered a succesfull cyber attack due to insufficient technical and organisational measures to ensure data security.",cyber_malicious,High,cyber attack (LastPass)
2984,Romania,12/30/2025,10000,Industry and Commerce,Insufficient technical and organisational measures to ensure information security,"The Romanian DPA has imposed a fine of EUR 10,000 on Roumasport S.R.L The controller failed to implement adequate technical and organisational measures, resulting in multiple cyber incidents.",cyber_malicious,Medium,"""multiple cyber incidents"" — assumed attacks"
2993,France,1/8/2026,27000000,"Media, Telecoms and Broadcasting",Insufficient technical and organisational measures to ensure information security,"The French DPA has imposed a fine of EUR 27,000,000 on FREE MOBILE. The controller suffered a data breach due to insufficient technical and organisational measures. This was caused by using an inadequate authentication procedure to connect to their VPN for remote working. Additionally, the controller failed to adequately inform the affected data subjects due to necessary information being missing from the information email. Lastly, the controller failed to adequately sort data and retain personal data for a limited amount of time.",cyber_malicious,Medium,breach via weak VPN authentication — attacker implied
3008,Slovenia,11/21/2025,16650,Not assigned,Insufficient technical and organisational measures to ensure information security,"The Slovenian DPA has imposed a fine of EUR 16,650 on a legal entity. The controller stored personal data on a publicly accessible web server without taking sufficient technical and organisational measures. The server could be accessed via a unique URL without additional safeguards, such as a password login. The entity was fined EUR 16,250, and the person responsible was fined EUR 400.",cyber_nonmalicious,High,unprotected URL
3019,Greece,12/31/2025,5000,"Media, Telecoms and Broadcasting",Insufficient technical and organisational measures to ensure information security,"The Greek DPA has imposed a fine of EUR 5,000 on REVMA PLUS Retail S.A.. The fined entity is the processor of Thessaloniki–Thessaly Gas Supply Company S.A. (ETid-3016). The processor, a call center involved in direct marketing activities, suffered a technical error in its system that prevented operators from calling data subjects that had not given their consent for direct marketing calls. The processor also failed to inform the controller of the technical error.",not_cyber,Medium,"technical error caused unlawful marketing calls, not a data-security incident"
3026,France,1/22/2026,5000000,Public Sector and Education,Insufficient technical and organisational measures to ensure information security,"The French DPA has imposed a fine of EUR 5,000,000 on FRANCE TRAVAIL. The controller suffered a successful cyber attack due to insufficient technical and organisational measures, resulting in the leak of personal and special category data concerning 38,820,828 individuals. The attack was carried out using the 'social engineering' method, meaning that the attacker obtained goods or information by exploiting the trust, ignorance or credulity of third parties.",cyber_malicious,High,social engineering attack
3027,Sweden,1/26/2026,565000,Industry and Commerce,Insufficient technical and organisational measures to ensure information security,"The Swedish DPA has imposed a fine of EUR 565,500 on Sportadmin i Skandinavien AB. The controller suffered a sucessfull cyber attack, resulting in personal and special category data of 2,126,075 individuals, including minors, beeing published in the darknet. The attack happend due to an succesfull SQL injection on one of the controllers websites, which had not been protected against this kind of attack, granting the attacker access to the controllers server, allowing him to exfiltrate said data.",cyber_malicious,High,"SQL injection, published on darknet"
3067,Ireland,12/10/2025,98000,Public Sector and Education,Insufficient technical and organisational measures to ensure information security,"The Irish DPA has imposed a fine of EUR 98,000 on the Universtiy of Limerick. The controller suffered multiple data breaches resulting from successful phishing attacks, which gave the attackers access to multiple employee accounts. The attackers gained access to the personal data stored in the accounts and were able to successfully divert emails to hidden folders. The controller also failed to adequately record processing activities and fulfil information obligations regarding the data breaches.",cyber_malicious,High,phishing
3101,Croatia,7/22/2025,50000,Not assigned,Insufficient technical and organisational measures to ensure information security,"The Croatian DPA has imposed a fine of EUR 50,000 on an information communication company. The controller suffered a cyber attack due to insufficient technical and organisational measures to ensure information security. Following the incident, the company implemented these measures and cooperated adequately with the supervisory authority.",cyber_malicious,High,
3133,Spain,4/28/2026,6000,Industry and Commerce,Insufficient cooperation with supervisory authority,"The Spanish DPA has imposed a fine of EUR 6,000 on GATIGOS, S.L. The controller failed to react to multiple requests by the DPA.",not_cyber,High,no cooperation with DPA
3147,United Kingdom,5/7/2026,1112100,Industry and Commerce,Insufficient technical and organisational measures to ensure information security,"The UK DPA has imposed a fine of  £963,900 (EUR 1,1121,00) on South Staffordshire Plc and South Staffordshire Water Plc. The controller suffered a significant cyber attack that went undetected for 20 months. This attack was the result of a successful phishing attack, through which the attacker installed malicious software in the controller's IT system. Twenty months later, the attacker gained domain administrator rights and downloaded data. This resulted in the attacker publishing 4.1 TB of data on the dark web, affecting 633,887 data subjects. The attack was only discovered when the controller noted performance issues in its IT system. The controller failed to implement adequate control routines, monitoring and logging protocols (only 5% of the controller's IT system was monitored), adequate software on some devices, and adequate vulnerability management. The controller admitted liability and voluntarily cooperated with the DPA, resulting in the fine being reduced by 40% compared to the amount the DPA had planned to impose.",cyber_malicious,High,phishing + malware
3189,Spain,3/11/2026,650000,Transportation and Energy,Insufficient technical and organisational measures to ensure information security,"The Spanish DPA has imposed a fine of EUR 650,000 on IBERIA LÍNEAS AÉREAS DE ESPAÑA, S.A. OPERADORA. The controller suffered a data breach due to insufficient technical and organisational measures. The incident occurred after an attacker accessed and exfiltrated the personal data of data subjects from a data processor's system. The breach occurred due to two known vulnerabilities for which the software manufacturer had provided patching options for a long time; however, the controller did not implement these.",cyber_malicious,High,attacker exfiltrated via unpatched vulnerabilities
564,Poland,2/11/2021,22200,Public Sector and Education,Insufficient technical and organisational measures to ensure information security,"The Polish DPA (UODO) fined Krajowa Szkoła Sądownictwa i Prokuratury (National School of Justice and Prosecution) EUR 22,200. UODO launched an investigation against the controller after it reported a data breach on its training platform website. During a test migration to the new platform, the data of more than 50,000 individuals had been exposed on the Internet. Among other things, this included the names, user names, postal and e-mail addresses, telephone numbers, units and departments of the data subjects. UODO found that the controller had not taken adequate technical and organizational measures to ensure the confidentiality of the data processed. In addition, the contract that the controller had concluded with the company entrusted with the processing of the data did not comply with the legal requirements. For example, the contract did not contain information about which categories of data would be processed.",cyber_nonmalicious,High,test-migration exposed data on internet
79,Poland,9/10/2019,660000,Industry and Commerce,Insufficient technical and organisational measures to ensure information security,"The Polish data protection authority imposed a fine of over PLN 2.8 million (approx. €644,780) on Morele.net for insufficient organisational and technical safeguards, which led to unauthorised access to the personal data of 2.2 million people.",cyber_malicious,Low,"Morele.net; ""unauthorised access"", mechanism vague"
2648,Italy,4/29/2025,30000,Public Sector and Education,Insufficient technical and organisational measures to ensure information security,"The Italian DPA imposed a fine of EUR 30,000 on Ordine degli psicologi della Lombardia. The controller suffered a data breach due to insufficient technical and organisational measueres.",unclear,Medium,vague data breach
1154,Iceland,5/3/2022,36000,Public Sector and Education,Insufficient legal basis for data processing,"The Icelandic DPA has imposed a fine of EUR 36,000 on the City of Reykjavík. The city had used the digital education system ""Seesaw"" at several schools. The student system processed, among other things, personal data of minor students such as teacher feedback and information about students' private affairs. 
During its investigation, the DPA found that the purpose of the processing of the children's data had not been sufficiently clearly defined. In this context, the DPA also found a breach of the principle of proportionality and data minimization. In addition, the DPA concluded that the city had not implemented adequate technical and organizational measures regarding the protection of personal data. This would have been necessary given the high risk that the data might be transferred to and processed in the United States. 
In determining the fine, mitigating consideration was given to the fact that no damage was caused by the data breaches.",not_cyber,High,schools system: purpose/minimization/legal basis
2297,Romania,4/23/2024,2000,"Finance, Insurance and Consulting",Insufficient technical and organisational measures to ensure information security,"The Romanian DPA has imposed a fine of EUR 2,000 on ALPHA BANK ROMANIA SA. The controller had suffered a data breach due to an employee mismanaging recording systems. During its investigation, the DPA found that the controller had failed to implement appropriate technical and organizational measures to protect personal data.",cyber_nonmalicious,Medium,employee mismanaged recording systems
2601,Denmark,11/27/2024,50250,Public Sector and Education,Insufficient technical and organisational measures to ensure information security,"The Danish DPA has imposed a fine between EUR 46,900 and EUR 53,600 on the Lyngby-Taarbæk Municipality. The controller failled to implement sufficient security measures resulting in a data breach. The exact amount of the fine is not listed in the source; only the range of EUR 46,900 to 53,600 is given. Therefore, this fine is listed as EUR 50,250, the mean value.",unclear,Medium,vague data breach
2704,Romania,4/2/2025,3000,"Media, Telecoms and Broadcasting",Insufficient technical and organisational measures to ensure information security,"The Romanian DPA has imposed a fine of EUR 3,000 on BINBOX GLOBAL SERVICES S.R.L. The controller failed to implement sufficient technical and organisational measuresto ensure data security, resulting in a data breach.",unclear,Medium,vague data breach
1494,Poland,11/2/2022,1700,Public Sector and Education,Insufficient technical and organisational measures to ensure information security,"The Polish DPA has imposed a fine of EUR 1,700 on the mayor of Dobrzyniewo Duże municipality. The mayor had reported a data breach to the DPA pursuant to Art. 33 GDPR. An employee's work computer, which contained personal data, had been stolen. During its investigation, the DPA determined that the data on the computer was not adequately secured and that the municipality had failed to take appropriate technical measures to protect personal data.",cyber_malicious,Low,work computer stolen - physical theft
150,Hungary,10/24/2019,7400,Health Care,Insufficient fulfilment of data breach notification obligations,A military hospital did not meet the reporting deadline for data breaches. Another part of the fine relates to a lack of technical and organisational measures.,unclear,Low,late notification + measures; no detail
3098,Croatia,7/2/2025,101000,Public Sector and Education,Insufficient technical and organisational measures to ensure information security,"The Croatian DPA has imposed a fine of EUR 101,000 on the Croatian Insurance Bureau. The controller failed to implement sufficient technical and organisational measures to ensure data security, resulting in the leak of the personal data from over a million vehicle owners. In determining the amount of the fine, the DPA took into account, that according to local regulations, fines imposed on public entities must not jepordice the fined entity's performance.",unclear,Medium,leak of 1M records; no mechanism
3057,Romania,2/19/2026,3000,Industry and Commerce,Insufficient technical and organisational measures to ensure information security,"The Romanian DPA has imposed a fine of EUR 3,000 on Your Consulting SRL. The controller suffered a data leak due to insufficient technical and organisational measures. In particular, the controller failed to regularly test, evaluate and reassess security measures.",unclear,Medium,vague data leak
2850,Spain,8/22/2025,6000,"Finance, Insurance and Consulting",Insufficient technical and organisational measures to ensure information security,"The Spanish DPA has imposed a fine of EUR 6,000 on BANCO INVERSIS, S.A. The controller suffered a data leak due to insufficient technical and organisational measures to ensure data security. The original fine of EUR 10,000 was reduced to EUR 6,000 due to immediate payment and admission of responsibility by the controller.",unclear,Medium,vague data leak
3134,Romania,4/3/2026,2500,Industry and Commerce,Insufficient technical and organisational measures to ensure information security,"The Romanian DPA has imposed a fine of EUR 2,500 on BLUE PROJECTS S.R.L. The controller experienced a data breach due to the inadequate technical and organisational measures in place to ensure data security. This affected the confidentiality and availability of personal data.",unclear,Medium,vague data breach
2556,Greece,5/27/2024,400000,Public Sector and Education,Insufficient technical and organisational measures to ensure information security,"The Hellenic DPA imposed a fine of EUR 400,000 on the Ministry of Interior for leaking email addresses from the voter registry of Greek expatriates. These personal data, which were intended for electoral purposes, were subsequently misused by a Member of the European Parliament (MEP) to send unsolicited political communications.",cyber_nonmalicious,Low,voter-registry emails leaked then misused; mechanism unclear
984,Poland,12/9/2021,10000,Public Sector and Education,Insufficient technical and organisational measures to ensure information security,"The Polish DPA (UODO) has fined Warsaw University of Technology EUR 10,000. The university had reported a data breach to the authority pursuant to Art. 33 GDPR. One of the university's organizational units used an application created by university staff to register for courses and access teaching history, assessment of exam results and billing of fees. In early January 2020, an unauthorized person had downloaded a database from the application that contained personal data of students and faculty (over 5,000 individuals). In its investigation, the DPA found that the Unvierstät had failed to implement appropriate technical and organizational measures that ensured the security of personal data . The DPA also found that the university had not conducted a formal risk assessment.",cyber_malicious,Medium,unauthorized person downloaded database
2938,Austria,9/4/2025,870,Not assigned,Insufficient fulfilment of data breach notification obligations,"The Austrian DPA has imposed a fine of EUR 870 on a company. After being informed of a data breach, the controller took adequate measures to close it but failed to inform the DPA.",unclear,Low,failed to inform DPA; no detail
2916,Finland,10/23/2025,865000,"Finance, Insurance and Consulting",Insufficient technical and organisational measures to ensure information security,"The Finish DPA has imposed a fine of EUR 865,000 on Aktia Pankki Oyj. The controller changed its strong authentication process in such a way that it no longer guaranteed adequate data security, resulting in a data breach.",cyber_nonmalicious,Medium,self-weakened authentication caused breach
292,Norway,9/3/2020,276000,Public Sector and Education,Insufficient technical and organisational measures to ensure information security,"In October 2019, the Data Protection Authority was informed by the Municipality of Bergen about a data breach in connection with the municipality's tool for communication between school and home called ""Vigilo"". This tool contained a module that allowed school and parents to communicate via a portal or app but that had not been secured properly to ensure the protection of personal data against security threats.",cyber_nonmalicious,High,Vasterbotten no minimum-access patient data
2659,Romania,6/12/2025,10000,"Finance, Insurance and Consulting",Insufficient technical and organisational measures to ensure information security,"The Romanian DPA imposed a fine of EUR 10,000 on Accounting Audit SRL. The company failed to implement sufficient technical and organizational measures, resulting in a data breach concerning a significant amount of personal data.",unclear,Medium,vague data breach
455,Sweden,11/24/2020,394000,Public Sector and Education,Insufficient technical and organisational measures to ensure information security,"The Swedish DPA imposed a fine on the City of Stockholm for data breaches on a school education platform. The platform consists of different subsystems, including a system for monitoring school attendance, a student administration system, an interface for parents and an administration interface for teachers. In one of the subsystems, a lack of ability to restrict user access to the data has allowed a significant number of staff to access information about students using a protected identity. In another sub-system, parents could access information about other students, such as grades relatively easily. Via Google's search engine, it was possible to find links to enter an administrative interface where information about teachers with a protected identity was accessible.",cyber_nonmalicious,High,school platform over-broad access + Google-indexed
1779,Germany,2022,16400,Health Care,Insufficient legal basis for data processing,"The DPA of Hessen has fined a Covid-19 test center EUR 16,400. The controller had sent an e-mail containing personal data to several recipients in an open distribution list. The DPA also found that the controller had failed to adequately document the data breach.",cyber_nonmalicious,High,email open distribution list
410,Poland,6/3/2020,1168,Individuals and Private Associations,Insufficient cooperation with supervisory authority,Fine for not answering requests for further information of the supervisory authority in due time following a data breach.,not_cyber,High,no cooperation with DPA
1621,Cyprus,2022,3750,Industry and Commerce,Insufficient technical and organisational measures to ensure information security,"The Cypriot DPA has imposed a fine of EUR 3,750 on PRINTAFORM Ltd. PRINTAFORM, which worked as a processor for Universal Life Insurance Public Co Ltd, had suffered a data breach in which personal data of customers was mistakenly disclosed to other customers. According to the DPA, the data breach was caused by PRINTAFORM's lack of technical and organizational measures to protect personal data.",cyber_nonmalicious,High,data disclosed to other customers
993,Italy,11/25/2021,6000,Health Care,Non-compliance with general data processing principles,"The Italian DPA (Garante) has imposed a fine of EUR 6,000 on Società H San Raffaele Resnati s.r.l. The DPA initiated an investigation against the health care provider after it reported a data breach to the DPA. A patient had mistakenly received medical records and clinical documentation from two other patients due to an error of an employee.",cyber_nonmalicious,High,patient got other patients records (employee error)
2934,Spain,8/11/2025,80000,"Finance, Insurance and Consulting",Insufficient technical and organisational measures to ensure information security,"The Spanish DPA has imposed a fine of EUR 80,000 on BIZUM, S.L. The controller failed to implement sufficient technical and organisational measures to ensure data security, resulting in a data breach. The original fine of EUR 100,000 was reduced to EUR 80,000 due to admission of responsibility by the controller.",unclear,Medium,vague data breach
2316,Romania,5/8/2024,5000,Health Care,Insufficient technical and organisational measures to ensure information security,"The Romanian DPA has imposed a fine of EUR 5,000 on CENTRUL MEDICAL UNIREA SRL. The controller had suffered a data breach in which personal data of patients and employees were disclosed on the internet without authorization. The DPA found that the controller had failed to implement appropriate technical and organizational measures to protect personal data.",cyber_nonmalicious,Low,data disclosed on internet; mechanism vague
2718,Romania,5/19/2025,5000,Health Care,Insufficient technical and organisational measures to ensure information security,"The Romanian DPA has imposed a fine of EUR 5,000 on Maravet S.R.L. The controller did not implement sufficient technical and organisational measures to ensure information security, resulting in a data breach.",unclear,Medium,vague data breach
176,Romania,12/10/2019,14000,"Finance, Insurance and Consulting",Insufficient technical and organisational measures to ensure information security,"The sanctions were applied as a result of a complaint alleging that Hora Credit IFN SA transmitted documents containing personal data of another person to a wrong e-mail address. Following the investigation it was found that Hora Credit IFN SA processed the data without providing effective mechanisms for verifying and validating the accuracy of the data collected processed according to the principles set out in art. 5 of the GDPR. It was also found that the operator did not take sufficient security measures for personal data, according to art. 25 and 32 of the GDPR, so as to avoid unauthorized and accessible disclosure of personal data to third parties. At the same time, Hora Credit IFN SA did not notify the Supervisory Authority of the security incident that was brought to its notice, according to art. 33 of the GDPR, within 72 hours from the date it became aware of it. The fine consists of three partial fines of EUR 3000, EUR 10000 and EUR 1000.",cyber_nonmalicious,High,documents to wrong email
527,Poland,1/5/2021,5500,Public Sector and Education,Insufficient fulfilment of data breach notification obligations,"The Polish DPA (UODO) imposed a fine of PLN 25,000 (EUR 5,500) on the Medical University of Silesia. In the course of exams held in the form of videoconferences at the end of May 2020, identification of students took place. Once the exam was completed, the recordings of the exams were available not only to the examinees, but also to other people with access to the system. In addition, any outsider could access the records of the examinations and the data of the examined students presented during identification via a direct link. The University failed to report the data breach to the DPA and notify the data subjects.",cyber_nonmalicious,High,exam recordings accessible via direct link
1269,Poland,7/6/2022,12450,Public Sector and Education,Insufficient fulfilment of data breach notification obligations,"The Polish DPA has imposed a fine of EUR 12,450 on the public cartography institute Głównego Geodetę Kraju. The institute had suffered a data breach in which numerous land register numbers were visible on the institute's website for more than 48 hours. The land register number allows a number of owners' data to be determined, including their first and last names, the names of their parents and the address of the property. The institute had failed to report the breach to the DPA, with the result that it learned of the incident through media reports. The institute also failed to inform the data subjects of the incident. For this reason, the DPA found that the controller violated Article 33 (1) GDPR and Article 34 (1) GDPR.",cyber_nonmalicious,High,land-register numbers visible on website
3109,Slovenia,2/16/2026,5500,Not assigned,Insufficient technical and organisational measures to ensure information security,"The Slovenian DPA has imposed a fine of EUR 5,500 on a unkonwn company and a responsible person within the company. The controller failed to implement adequate technical and organisational measures to ensure data security by giving employees access to customer data that was not necessary for them to fulfil their duties. This resulted in a data breach. Additionally, the controller had been warned regarding the information obligations under Art. 12 and Art. 13 GDPR. The fine had been split up into a fine in the amount of EUR 5,400 for the company and EUR 100 for the employee responsible.",cyber_nonmalicious,High,employees given unnecessary access to customer data
3162,Italy,3/26/2026,31800000,"Finance, Insurance and Consulting",Insufficient technical and organisational measures to ensure information security,"The Italian DPA has imposed a fine of EUR 31,800,000 onIntesa Sanpaolo S.p.A. The controller suffered a data breach when an employee accessed the banking data of 3,573 data subjects via 6,637 accesses over a period of 35 months. This included the data of public figures, other employees and relatives, for example. This access was in no way related to the employee's work. After uncovering the breach, the controller notified the DPA, reporting that only nine data subjects had been affected. The controller also failed to implement adequate technical and organisational measures to prevent such incidents due to a lack of internal safeguards preventing employees from accessing unnecessary data. The controller also failed to implement sufficient internal control mechanisms.",cyber_nonmalicious,Medium,insider snooping (35 months) - which class?
1697,Norway,3/8/2023,220000,Employment,Insufficient fulfilment of data breach notification obligations,"The Norwegian DPA has fined Argon Medical Devices EUR 220,000. The controller failed to notify the DPA of a data breach that involved  personal data of all its European employees within 72 hours. 
---UPDATE---
The controller appealed against the decision to the DPA, but the appeal was dismissed.",unclear,Low,failed to notify breach; no mechanism
485,Ireland,12/15/2020,450000,"Media, Telecoms and Broadcasting",Insufficient fulfilment of data breach notification obligations,"The Irish DPA (DPC) fined Twitter International Company EUR 450,000 for violating Art. 33 (1) GDPR and Art. 33 (5) GDPR for failing to notify the DPA in a timely manner of a data breach and not adequately documenting that breach.  
The data breach concerned the privacy settings of user posts on the social media platform Twitter. There, users have the option to set the visibility of their posts to private or public. Private posts can only be seen by subscribers of the respective user profile, while public posts are visible to the public. A programming bug in Twitter's Android app resulted in some private posts being visible to the public. The DPA found that Twitter had not properly fulfilled its reporting and documentation obligations. Twitter's legal team became aware of the error on January 2nd, 2019, and it was not until January 8th that the company informed the DPC. Consequently, the company failed to inform the DPC within the 72-hour period required by Art. 33 (1) GDPR. Furthermore, it had failed to adequately document the incident in accordance with Art. 33 (5) GDPR.",cyber_nonmalicious,High,programming bug made private posts public
3191,Spain,4/22/2026,300000,Industry and Commerce,Insufficient technical and organisational measures to ensure information security,"The Spanish DPA has imposed a fine of EUR 300,000 on KONECTA BTO,S.L. The controller, a service provider that handles customer service for third parties, suffered a data breach that affected 808,000 data subjects. The breach occurred due to an attacker exploiting vulnerabilities in the controller's system that had been identified in previous audits but not addressed. The controller also used insufficient monitoring tools. The original fine of EUR 500,000 was reduced to EUR 300,000 due to immediate payment and admission of responsibility by the controller.",cyber_malicious,High,attacker exploited unpatched vulnerabilities
333,Norway,7/10/2020,46660,Public Sector and Education,Insufficient technical and organisational measures to ensure information security,"Fine for the processing of children's health data in connection with disability through the digital learning platform ""Showbie"". The Municipality had failed to carry out a Data Protection Impact Assessment (""DPIA"") in accordance with Article 35 of the General Data Protection Regulation (Regulation (EU) 2016/679) (""GDPR"") prior to the start of the processing and had not taken adequate technical and organisational measures in accordance with Article 32 of the GDPR, resulting in an increased risk of unauthorised access to the personal data of the pupils.",cyber_nonmalicious,Low,no DPIA/inadequate measures; no actual breach
1968,Romania,7/18/2023,3000,"Finance, Insurance and Consulting",Insufficient technical and organisational measures to ensure information security,"The Romanian DPA has imposed a fine of EUR 3,000 on ING Bank NV Amsterdam Sucursala București. The bank had reported a data breach to the DPA pursuant to Art. 33 GDPR. In the course of its investigation, the DPA found that a pdf file had been unauthorizedly transmitted via Whats-App. This led to the unauthorized disclosure of numerous customer data. According to the DPA, the bank had failed to implement adequate technical and organizational measures to protect personal data, which allowed such an incident to occur.",cyber_nonmalicious,Medium,pdf transmitted via WhatsApp without authorization
2716,Romania,5/14/2025,2000,"Finance, Insurance and Consulting",Insufficient technical and organisational measures to ensure information security,"The Romanian DPA has imposed a fine of EUR 2,000 CVA TAX & FINANCE S.R.L. The controller did not implement sufficient technical and organisational measures to ensure information security, resulting in a data breach and the restriction of access to data.",unclear,Medium,"""data breach + restriction of access""; vague"
859,Norway,9/20/2021,75600,Health Care,Insufficient technical and organisational measures to ensure information security,"The Norwegian DPA has fined St. Olav's Hospital in the amount of EUR 75,600. The hospital suffered three data leaks in accordance with Art. 33 the GDPR. The first incident had occurred between January 13, 2011, and January 27, 2020, at the hospital's cardiology department following an upgrade for a new treatment-oriented health registry for the cardiology laboratory. 

In connection with the upgrade, a test server was used on which treatment reports were temporarily cached and then copied to the new system. However, the reports in the test server were not deleted. Moreover, another error occurred, which allowed all authenticated employees to access the reports. About 21,000 reports were affected. 

The second breach occurred in the period from May 17, 2015 to January 28, 2020, when reports from medical devices (pulse oximeters for long-term measurement of oxygen saturation and pulse) were stored in a file area accessible to any employee with an authenticated and active account. 

The third breach occurred in the period from January 01, 2018 to December 09, 2019. Passwords for various databases were stored in plain text in a file on the hospital's server. Employees with an active hospital system account were able to first connect to the server viaRemote Desktop and then search for a file with a password in the database. 

The DPA found that the hospital had failed to establish effective access controls.",cyber_nonmalicious,High,test server reports not deleted; all employees could access
723,Norway,5/28/2021,39700,"Finance, Insurance and Consulting",Insufficient technical and organisational measures to ensure information security,"The Norwegian DPA (Datatilsynet) has imposed a fine of EUR 39,700 on BRAbank ASA. The controller had reported a data breach to the DPA on September 6, 2019. On the controller's website, some customers were able to view other customers' data on the ""My Page"" section. These included credit terms and address information of other customers. The section had been activated shortly before for 500 selected customers and was intended, among other things, to provide an overview of loans taken out with the controller. 
Based on investigations into the case, the DPA found that the controller had not complied with the GDPR's requirements for risk assessment and appropriate technical measures in connection with the launch of the customer portal. According to the DPA's assessment, the personal data security breach could have been prevented if the controller had conducted a risk assessment and review as required by law.",cyber_nonmalicious,High,customers could view others data on My Page
2877,France,9/18/2025,100000,Industry and Commerce,Non-compliance with general data processing principles,"The French DPA has imposed a fine of EUR 100,000 on SAMARITAINE SAS. After multiple theft incidents, the controller installed security cameras disguised as smoke detectors to monitor its employees. The cameras were installed without consulting the DPO and outside the existing surveillance system. After dismantling the 'test cameras', employees kept SD cards containing recordings, which constitutes a data breach that the controller did not report to the DPA.",not_cyber,High,hidden CCTV employee monitoring
1600,Romania,1/31/2023,1000,Health Care,Insufficient fulfilment of data breach notification obligations,"The Romanian DPA has fined Dent Estet Clinic SA (dental practice) EUR 1,000. An employed dentist at the practice had published medical information of a patient, such as photos and X-rays, in an article on a medical blog. However, the dentist failed to obtain the patient's consent before publishing the medical data. Although the patient had informed the clinic, it failed to notify the DPA of the data breach in a timely manner.",not_cyber,Medium,dentist published patient data w/o consent - borderline
893,Ireland,8/20/2021,1500,Individuals and Private Associations,Insufficient technical and organisational measures to ensure information security,"The Irish DPA (DPC) has fined the organization MOVE (Men Overcoming Violence) EUR 1,500. MOVE is a charity working in the field of domestic violence. The organization aims to support the safety and well-being of women and their children who have experienced violence in relationships. For this purpose, participants (men) come to weekly sessions in order to change their behavior. On February 3, 2021, the organization reported a data breach in accordance with Art. 33 GDPR.
The organization stated that eighteen SD cards had been lost, which may have contained recordings of group sessions of the MOVE program, in which participants discuss their behavior and attitudes regarding domestic violence with a group leader. Some of the participants could be seen and heard on the recordings.  In addition, the recordings included footage of participants discussing their behaviors and feelings regarding current or former partners, other family members, and friends who may have been named. Approximately 80-120 participants could have been affected by the data breach, as well as at least one group leader per recorded session. The DPC found that MOVE had breached its obligation under Art. 32 (1) GDPR by failing to implement appropriate technical and organizational measures to ensure a level of security appropriate to the risk presented by the processing of personal data through the recording of group sessions.",cyber_nonmalicious,High,18 SD cards lost
2684,Ireland,6/23/2025,125000,Public Sector and Education,Insufficient technical and organisational measures to ensure information security,"The Irish DPA has imposed a fine of EUR 125,000 on the City of Dublin Education and Training Board. The controller suffered a data breach due to insufficient technical and organisational measures, concerning around 13,000 data subjects. The controller also failed to inform the DPC and the data subjects without undue delay.",unclear,Medium,vague data breach
319,Denmark,6/30/2020,6700,Public Sector and Education,Non-compliance with general data processing principles,"The data protection authority had found that the Lejre Municipal Child and Youth Centre had regularly uploaded minutes of meetings with particularly sensitive and sensitive personal data, including on citizens under 18 years of age, to the Lejre Municipal Personnel Portal, which was accessible to employees of the Lejre Municipality, regardless of whether the employees in question were working with these cases. In addition, the data protection authority denied the failure to comply with the obligation to inform the persons concerned of the data breach.",cyber_nonmalicious,High,sensitive minutes on portal accessible to all staff
1776,The Netherlands,1/19/2023,150000,Public Sector and Education,Insufficient technical and organisational measures to ensure information security,"The Dutch DPA has imposed a fine of EUR 150,000 on the Dutch Social Insurance Institution (SVB). The controller had suffered a data breach in which a client's data had been leaked to unauthorized third parties. An unknown third party had succeeded in requesting benefit information via the controller's telephone helpdesk. In the course of its investigation, the DPA found that the controller had failed to implement sufficient technical and organizational measures to protect personal data. For example, the DPA found that the system for verifying the identity of callers was inadequate and verification questions were too simple.",cyber_malicious,Medium,third party got benefit info via helpdesk (social engineering)
996,Malta,1/17/2022,65000,Industry and Commerce,Insufficient technical and organisational measures to ensure information security,"The DPA of Malta has imposed a fine of EUR 65,000 on C-Planet (IT Solutions) Limited. The DPA had initiated an investigation against C-Planet in April 2020 after being informed of a data breach. 
The DPA noted as a result that C-Planet had violated Art. 6 (1) GDPR, Art. 9 (1), (2) GDPR, Art. 14 GDPR and Art. 5 (1) f) GDPR in the context of data processing. 

The DPA also found that C-Planet failed to implement appropriate technical and organizational measures to ensure a level of security commensurate with the risk and that this led to the data breach. This constitutes a violation of Art. 32 GDPR. 
In addition, the DPA found that the controller failed to notify the personal data breach within the legally required deadline and to inform the data subjects. This constitutes a violation of Art. 33 GDPR and Art. 34 GDPR.",unclear,Medium,"C-Planet; vague ""led to data breach"""
2494,Croatia,9/13/2024,190000,Health Care,Insufficient technical and organisational measures to ensure information security,"The Croatian DPA (AZOP) has imposed a fine of EUR 190,000 on a hospital. The hospital had suffered a data breach in which radiological image files were irrevocably lost. AZOP had received several complaints from data subjects whose personal data, including medical images, could not be provided. The investigation revealed that the hospital failed to implement appropriate technical measures to safeguard personal data, as no backups of the affected data were made (violation of Art. 32 (1) b) GDPR). Moreover, the hospital did not report the incident within the required 72 hours after becoming aware of it (violation of Art. 33 (1) GDPR). The hospital had also failed to enter into a data processing agreement with the service provider responsible for implementing and maintaining the system (violation of Art. 28 (3) GDPR). 
Further violations included the unclear definition of retention periods for personal data from recorded telephone conversations (violation of Art. 5 (1) e) GDPR) and the unlawful recording of conversations lacking a legal basis (violation of Art. 6 (1) GDPR). 
Additionally, the clinic did not inform patients in clear and plain language about the processing of their personal data when they called the call center, nor did it provide all the necessary information about the collection of personal data through the recording of these conversations (violation of Art. 12 (1) GDPR, Art. 13 (1) c) GDPR and Art. 13 (2) a), b) GDPR. Finally, AZOP found that the data protection officer was not involved in the development or adaptation of data protection guidelines and in questions regarding the recording and storage of telephone conversations (Art. 38 (1) GDPR).",cyber_nonmalicious,High,"radiological files lost, no backups (availability)"
609,Spain,3/15/2021,600000,Industry and Commerce,Insufficient technical and organisational measures to ensure information security,"The Spanish DPA (AEPD) fined Air Europa Lineas Aereas, SA. EUR 600,000 after a serious data breach involving unauthorized access to contact details and bank accounts was reported to the AEPD. Approximately 489,000 individuals and 1,500,000 records were affected. The AEPD announced that it had fined the controller EUR 500,000 for a breach of Art. 32 (1) GDPR due to the failure to take appropriate technical and organizational measures to ensure an adequate level of security, and EUR 100,000 for a breach of Art. 33 GDPR for notifying the AEPD of the security breach 41 days late. In determining the amount of the fine, the fact that the incident was not limited to a local area, but affected a large number of people not only in Spain, but also worldwide, and that sensitive banking and financial data were affected, harming several thousand people, was taken into account as an aggravating factor.",cyber_malicious,Medium,unauthorized access to contact/bank data (attack implied)
3195,Romania,6/12/2026,5000,Transportation and Energy,Insufficient technical and organisational measures to ensure information security,"The Romanian DPA has imposed a fine of EUR 5,000 on the Națională Poșta Română. The controller suffered a data breach which resulted in postal items beeing destroyed, which caried personal data. The data breach resulted due to the fact, that the controller failed to ensure that its employees only processed the data they had to process in the context of their tasks.",cyber_nonmalicious,Medium,postal items destroyed (lost mail)
2289,Italy,3/21/2024,10000,Health Care,Insufficient fulfilment of data breach notification obligations,"The Italian DPA has fined Azienda sanitaria locale Roma 3 EUR 10,000 for failing to report a data breach to the DPA in a timely manner and to properly document the data breach.",unclear,Low,failed to report breach; no detail
2776,Italy,4/29/2025,40000,Public Sector and Education,Insufficient technical and organisational measures to ensure information security,"The Italian DPA has imposed a fine of EUR 40,000 on the Municipality of Bologna. The controller used a data processor (Cooperativa Sociale Quadrifoglio | ETid: 2274) to process data, including health data, of childreen with disabilities and special needs. The controller failed to ensure, that the processor had sufficient technical and organisational measures to ensure data security, resulting in a data leak.",unclear,Medium,processor data leak; no mechanism
1742,Germany,2022,,Transportation and Energy,Insufficient technical and organisational measures to ensure information security,"A logistics company had disposed of delivery lists in a public waste paper container. The lists contained a large amount of detailed information, such as the first and last names of subscribers, the addresses, subscribed newspapers, and special delivery information, such as the location of mailboxes and any complaints from recipients. The DPA also noted that the company failed to inform the data subjects and the DPA of the data breach in a timely manner.",cyber_nonmalicious,Medium,delivery lists in public waste container (physical)
2707,Romania,4/11/2025,2000,Industry and Commerce,Insufficient technical and organisational measures to ensure information security,"The Romanian DPA has imposed a fine of EUR 2,000 on NEW GAMBLING SOLUTIONS S.R.L. The controller failed to implement sufficient technical and organisational measuresto ensure data security, resulting in a data breach.",unclear,Medium,vague data breach
3146,Ireland,5/8/2026,277500,"Finance, Insurance and Consulting",Insufficient technical and organisational measures to ensure information security,"The Irish DPA has imposed a fine of EUR 277,500 on Permanent TSB. The controller suffered three data breaches resulting from malicious actors in possession of certain customer information who called the controller's telephone service to change account information. This resulted in the data subjects being exposed to an increased risk of fraud and forced to close their accounts. In some cases, the attacks resulted in financial loss for the data subjects. The breaches occurred because, even though the controller had appropriate security protocols in place, those protocols were not followed.",cyber_malicious,High,malicious actors called service to change accounts
1109,Cyprus,3/21/2022,5000,Public Sector and Education,Insufficient technical and organisational measures to ensure information security,"The Cypriot DPA has imposed a fine of EUR 5,000 on the English School staff union (ESSA). The school had notified the DPA of a data breach under Art. 33 GDPR. A teacher, also a member of the staff union, had used the email addresses of the parents of the students for a purpose other than the one for which the email addresses had originally been collected. The DPA found that the staff union had failed to take appropriate technical and organizational measures to ensure the protection of personal data and to prevent such incidents.",not_cyber,Medium,teacher reused parent emails (purpose limitation)
2253,Poland,12/19/2023,2300,Public Sector and Education,Insufficient fulfilment of data breach notification obligations,"The Polish DPA has fined the District Court in Krakow EUR 2,300 for failing to report a data breach to the DPA and data subjects in a timely manner.",unclear,Low,failed to report breach; no detail
2456,Romania,9/17/2024,3000,Transportation and Energy,Insufficient technical and organisational measures to ensure information security,"The Romanian DPA has imposed a fine of EUR 3,000 on Constanța South Container Terminal SRL. The controller had suffered a data breach in which personal data of employees had been unlawfully accessed. During its investigation, the DPA found that the controller had failed to implement appropriate technical and organisational measures to protect personal data.",unclear,Medium,"employee data ""unlawfully accessed""; mechanism vague"
1317,Poland,7/6/2022,2120,Health Care,Insufficient fulfilment of data breach notification obligations,"The Polish DPA has imposed a fine of EUR 2,120 on the University Hospital of the Medical University of Warsaw. The university hospital had suffered a data breach in which a patient had received a referral from a doctor that contained, among other things, personal data (name, address, etc.) of another patient. The DPA found that neither the doctor nor the hospital informed the patient or the DPA about the data breach.",cyber_nonmalicious,High,patient got another patients referral
2287,Spain,10/26/2022,6400,Industry and Commerce,Non-compliance with general data processing principles,"The Spanish DPA has imposed a fine on AIO E-COMMERCE, S.L.. The controller had suffered a data breach resulting in personal data such as bank details being siphoned off and subsequently sold on the internet. As part of its investigation, the DPA found that the controller had failed to implement appropriate technical and organizational measures to protect personal data. The DPA also found that the controller had violated the principle of data minimization by storing all digits of the affected credit card numbers rather than just the last four.  The original fine of EUR 8,000 was reduced to EUR 6,400 due to voluntary payment.",cyber_malicious,High,bank data siphoned off and sold online
1100,Italy,2/10/2022,10000,Public Sector and Education,Insufficient legal basis for data processing,"The Italian DPA has imposed a fine of EUR 10,000 on the Region of Tuscany. The region had notified the DPA of a data breach pursuant to Art. 33 GDPR. 

The region stated that it had inadvertently published personal data of 3,548 applicants for administrative assistant positions. The data concerned information that the applicants had shared as part of a pre-selection test for the application. The region had mistakenly published a URL through which personal data and the results of the test could be viewed.",cyber_nonmalicious,High,inadvertently published URL with applicant data
1127,Italy,3/10/2022,10000,Health Care,Insufficient technical and organisational measures to ensure information security,"The Italian DPA (Garante) has imposed a fine of EUR 10,000 on Azienda USL Toscana Centro. The DPA initiated an investigation against the controller after it reported a data breach under Art. 33 GDPR. The controller had mistakenly sent patient medical records to the wrong patients. The DPA therefore found that the health care facility had not taken sufficient technical and organisational measures to protect personal data.",cyber_nonmalicious,High,records to wrong patients
1420,Denmark,8/17/2021,20100,Public Sector and Education,Insufficient technical and organisational measures to ensure information security,"The Danish DPA has imposed a fine of EUR 20,100 on the Danish Immigration Agency. 

Media reports brought the DPA's attention to possible logging errors in one of the agency's IT systems, which could have an impact on the rights and freedoms of residents. The DPA consequently started an investigation at the agency.

In spring and summer 2020, several security incidents occurred in the agency's systems, resulting in the loss of data records. 

The loss of data led to proceedings being initiated against a number of residents regarding the reduction of their cash benefits, and a number of residents being reported to the police for non-compliance with the provisions of the Foreigners Act.

During its investigation, the DPA found that a lack of technical and organizational measures allowed the incident to occur. For instance, the agency had not made adequate backups of the data processed, although this would have been necessary in view of the legal consequences a loss of the data could mean for the immigrants.",cyber_nonmalicious,Medium,"logging errors, loss of records (no backups)"
2714,Romania,5/12/2025,2000,"Finance, Insurance and Consulting",Insufficient technical and organisational measures to ensure information security,"The Romanian DPA has imposed a fine of EUR 2,000 on CV PRO CONSULT S.R.L. The controller did not implement sufficient technical and organisational measures to ensure information security, resulting in a data breach.",unclear,Medium,vague data breach
1871,Italy,4/13/2023,7631175,"Media, Telecoms and Broadcasting",Insufficient legal basis for data processing,"The Italian DPA has fined TIM S.p.A. EUR 7,631,175. The DPA had received numerous complaints about the telecommunications provider, mainly for unauthorized telemarketing activities. The Italian DPA is currently taking stronger action against unauthorized telemarketing. In its investigation against TIM, the DPA found that the controller was contacting individuals for marketing purposes even though they were registered on opt-out lists or had not given their consent for their data to be processed for marketing purposes. In addition, the controller failed to adequately respond to data subject inquiries and to comply with its information obligations under Art. 13, 14 GDPR. . Finally, the DPA found that the controller failed to adequately investigate and address a data breach.",not_cyber,High,unauthorized telemarketing
1013,Sweden,1/26/2022,28500,Health Care,Insufficient technical and organisational measures to ensure information security,"The Swedish DPA has imposed a fine of EUR 28,500 on the Uppsala regional board.  

The fine is the result of an investigation of the Uppsala region (the regional board and the hospital board). The DPA had received two reports of incidents involving personal data from the Uppsala region. The incidents involved sensitive personal health data that had been transferred unencrypted to recipients inside and outside Sweden. 

The regional board had transmitted sensitive personal data and personal identity numbers via email. The actual transmission of the emails was encrypted, but the information in the emails was not. The emails in question contained patient data that was automatically sent to the appropriate health administrators in the region, as well as patient data that was manually sent to researchers and physicians in the region. 

For this reason, the DPA found that the regional board had not taken adequate technical and organizational measures to protect the data from unauthorized access, for example.",cyber_nonmalicious,High,sensitive health data emailed unencrypted
2721,Romania,5/30/2025,5000,"Finance, Insurance and Consulting",Insufficient technical and organisational measures to ensure information security,"The Romanian DPA has imposed a fine of EUR 5,000 on AG-BROKER ASIGURARE S.R.L. The controller did not implement sufficient technical and organisational measures to ensure information security, resulting in a data breach.",unclear,Medium,vague data breach
1891,France,6/8/2023,150000,"Finance, Insurance and Consulting",Non-compliance with general data processing principles,"The French DPA has imposed a fine of EUR 150,000 on the company KG COM. The company operates several websites and offers fortune-telling consultations to customers via chat or telephone. After the company suffered a data breach, the DPA conducted three investigations.  During its investigation, the DPA found that the controller systematically recorded conversations with customers as well as potential customers without properly justifying why such extensive recording was necessary.

In addition, the controller stored banking information of its customers for the purposes of conducting transactions and combating fraud, as well as to facilitate customers' purchase of further fortune-telling consultations. The DPA found that a legitimate interest of the controller could be affirmed for the storage of bank data for the purpose of fraud prevention, but not for the storage regarding further purchases.

The DPA also found that the controller processed data on the health status as well as the sexual orientation of its customers without their explicit consent; implied consent through use of the consultations was not considered sufficient.


In addition, the DPA found that the controller had failed to implement appropriate technical and organizational measures to protect personal data. The controller did not, for example, provide sufficiently robust passwords for the user accounts, which exposed the data to the risk of computer attacks. 

Finally, the DPA found that the controller failed to report a data leak to the DPA.",not_cyber,Medium,mainly excessive recording/retention; breach triggered probe
1685,Romania,3/14/2023,3000,Transportation and Energy,Insufficient technical and organisational measures to ensure information security,"The Romanian DPA has fined Tinmar Energy SA EUR 3,000. The controller had suffered a data breach in which third parties gained unauthorized access to personal data such as first name, last name, phone number, address etc. of the data subjects. The DPA found that the controller had failed to implement adequate technical and organizational measures to protect personal data.",cyber_malicious,Low,third parties gained unauthorized access; vague
2703,Romania,3/25/2025,25000,Industry and Commerce,Insufficient technical and organisational measures to ensure information security,"The Romanian DPA has imposed a fine of EUR 25,000 on NTT DATA ROMANIA S.A. The controller failed to implement sufficient technical and organisational measures, resulting in a data breach. The controller also failed to notify the DPA of the breach within 72 hours of becoming aware of the incident.",unclear,Medium,vague data breach
1552,Romania,1/12/2023,2000,Transportation and Energy,Insufficient technical and organisational measures to ensure information security,"The Romanian DPA has imposed a fine of EUR 10,000 on BRISTOL LOGISTICS SA. The DPA received a notification from BRISTOL LOGISTICS SA of a personal data breach under Art. 33 GDPR. The notification stated that a binder containing the personnel files of 12 employees had been stolen, which led to unauthorized persons having access to personal data. The DPA considered this to be a violation of Art. 32 GDPR, as the municipality had failed to implement appropriate technical and organizational measures to ensure a level of protection commensurate with the risk.",cyber_malicious,Low,personnel-file binder stolen - physical theft
1642,Romania,2/8/2023,5000,Industry and Commerce,Insufficient technical and organisational measures to ensure information security,"The Romanian DPA has imposed a fine of EUR 5,000 on Medijobs Platform SRL. The controller had informed the DPA about a data breach according to Art. 33 GDPR. Unauthorized third parties had succeeded in accessing the IT infrastructure of the controller and had downloaded, deleted and transferred personal data of applicants such as name, e-mail address, professional history, marital status, etc.. The DPA found that the controller had failed to implement adequate technical and organizational measures to protect personal data, which ultimately also contributed to the data breach.",cyber_malicious,High,"attackers accessed IT infra, exfiltrated data"
1094,Ireland,3/15/2022,17000000,"Media, Telecoms and Broadcasting",Insufficient technical and organisational measures to ensure information security,"The Irish DPA (DPC) has imposed a fine of EUR 17 million on Meta Platforms Ireland Limited (former Facebook Ireland Limited). 

The decision is based on twelve notifications of data breaches that occurred between June 7, 2018 and December 4, 2018. 

The outcome of the DPC's investigation revealed that Meta had violated Article 5 (2) GDPR and Article 24 (1) GDPR. In the course of its investigation, the DPC found that Meta failed to demonstrate that it had taken appropriate technical and organizational measures to protect the data of EU users. 

The fine proceedings involved cross-border data processing, which is why the decision was subject to the co-decision procedure under Art. 60 GDPR involving all other European supervisory authorities as co-decision-makers.  Although two European DPAs objected to the DPC's draft decision, a consensus was ultimately reached. Accordingly, the DPC's decision reflects the collective views of the DPC and the other European DPAs.",unclear,Medium,"Meta 12 breaches; accountability, no mechanism"
2112,Romania,11/13/2023,110000,Transportation and Energy,Insufficient technical and organisational measures to ensure information security,"The Romanian DPA has imposed a fine of EUR 110,000 on Rompetrol Downstream SRL. The controller had suffered a data breach in which customer data was repeatedly accessed and used internally without authorization. This resulted in the unauthorized disclosure of personal data such as identity card number, name, address, place of birth, etc. 

The DPA found that the controller had not taken measures to ensure that any person who has access to personal data only processes it at the controller's instruction, nor had it taken appropriate technical and organizational measures to ensure a level of security appropriate to the risk of the processing.",cyber_nonmalicious,Medium,internal unauthorized access/misuse - insider
501,Poland,12/28/2020,18930,"Finance, Insurance and Consulting",Insufficient fulfilment of data breach notification obligations,"The Polish DPA (UODO) fined Towarzystwo Ubezpieczeń i Reasekuracji WARTA S.A. EUR 18,930 for a breach of Art. 33 (1) GDPR and Art. 34 (1) GDPR. 
In May 2020, the DPA received a notification from a third party about a personal data breach involving an insurance agent acting as a processing agent for Towarzystwo Ubezpieczeń i Reasekuracji WARTA S.A. who sent an insurance policy to an unauthorized addressee by email. The document contained personal data concerning, among others, surnames, first names, residential addresses and information on the subject of the insurance policy. 
As a result, the supervisory authority asked the controller to clarify whether, regarding the sending of the electronic correspondence to an unauthorized addressee, a risk analysis on the data security of natural persons had been carried out, which is necessary to evaluate whether a data breach had occurred. Such a breach requires notification to the DPA and the individuals affected by the breach. In the letter, the supervisory authority advised the controller how to notify the breach and asked for explanations.
Despite the letter requesting explanations, the controller did not report the data breach nor did it inform the data subjects about the incident. The DPA therefore initiated administrative proceedings. Only as a result of the initiation of the procedure did the controller report the personal data breach and inform two individuals affected by the breach.",cyber_nonmalicious,High,agent sent policy to wrong addressee
1846,Romania,5/12/2023,1500,"Finance, Insurance and Consulting",Insufficient technical and organisational measures to ensure information security,"The Romanian DPA has imposed a fine of EUR 1,500 on the insurance company NN Pensii Societate de Administrare a unui Fond de Pensii Administrat Privat S.A.. The controller had notified the authority of a data breach pursuant to Art. 33 GDPR. The controller had made a number of technical changes to its systems that allowed some website visitors to access personal data of other individuals. This led to the unauthorized access of personal data such as name, ID card number, email, etc. of two individuals. During its investigation, the DPA found that the controller had failed to take appropriate technical and organizational measures to protect personal data, which facilitated such an incident.",cyber_nonmalicious,High,technical change let visitors access others data
1688,Poland,1/19/2023,6400,Public Sector and Education,Insufficient technical and organisational measures to ensure information security,"The Polish DPA has imposed a fine of EUR 6,400 on the Szczecin-Centrum District Court. 

The court had reported a data breach to the DPA involving the loss of three data carriers. One data carrier was an official and encrypted one, the other two were private and unencrypted data carriers containing drafts of court rulings and statements with personal data. 

In the course of its investigation, the DPA discovered that data carriers which had not been checked and secured by the court's IT department had been used on official computers over a period of many years. In addition, the DPA found that although there were regulations prohibiting the use of private data carriers, the court failed to check whether employees actually complied with these regulations. In addition, the court failed to implement technical measures to prevent the use of private data carriers.

---UPDATE---
The Supreme Administrative Court dismissed the appeal by the controller against the judgement made by the Provincial Administrative Court in Warsaw which had upheld the decision of the DPA.",cyber_nonmalicious,High,lost data carriers (unencrypted)
1149,Norway,2/2/2022,30000,Public Sector and Education,Insufficient technical and organisational measures to ensure information security,"The Norwegian DPA has imposed a fine of EUR 30,000 on Lillestrøm Municipality.

The municipality had accidentally published a document in which 10 out of 21 attachments contained personal data of students. The data included information on student names, date of birth, test results, assessments of student behavior and student challenges. This error was not detected by the responsible administrator and went through two more manual quality checks at the documentation center without the error being detected there as well.
It was only a journalist who later drew attention to the data breach. 

During its investigation, the DPA found that the municipality had not taken sufficient technical and organizational measures to protect personal data. 
Also, the fact that the incident was discovered not by the municipality, but by a third party, indicates inadequate routines in this area.",cyber_nonmalicious,High,accidentally published document with student data
74,Hungary,6/25/2019,15150,Not assigned,Insufficient fulfilment of data breach notification obligations,The data controller did not fulfil its data breach notification obligations when a flash memory with personal data was lost.,cyber_nonmalicious,High,flash memory lost
866,Luxembourg,8/5/2021,135000,"Finance, Insurance and Consulting",Insufficient technical and organisational measures to ensure information security,"The DPA of Luxembourg has imposed a fine of EUR 135,000 on an insurance company. 

On October 19, 2018, an employee of the controller had sent an e-mail to an uninvolved third party instead of the data subject. This occurred due to an error by the employee who had incorrectly entered the e-mail address of the data subject. In addition to the name and gender of the data subject, the e-mail also contained detailed information about the data subject's illnesses. In addition, the attachment contained three forms relating to illnesses that the data subject had reported in connection with the conclusion of a life insurance policy.On November 29, the same incident occurred. The second misdirected e-mail contained, in addition to the data subject's name, very specific questions about a particular pathology, the last name of the life insurance doctor, the address of said doctor, and two blank forms related to said pathology to be filled out by him or his doctor

The DPA noted that it had not been informed of the data breach in a timely manner in accordance with Art. 33 GDPR. The company had also not complied with its documentation obligation under Art. 33 (5) GDPR. 
Furthermore, the DPA found that the controller had failed to implement technical and organizational measures to ensure a level of security appropriate to the risk for the data subjects.",cyber_nonmalicious,High,employee emailed wrong third party
2210,Romania,2/26/2024,3000,Transportation and Energy,Insufficient technical and organisational measures to ensure information security,"The Romanian DPA has imposed a fine of EUR 3,000 on VESTA CEU ROMÂNIA SRL. The controller had reported a data breach to the DPA pursuant to Art. 33 GDPR. 
The controller had disclosed personal data such as name, place of residence, salary, CV and copies of passports to employees without authorization, who then accessed the data internally and illegally passed it on to third parties. According to the DPA, the controller had failed to implement adequate technical and organizational measures to protect personal data, which allowed such an incident to occur.",cyber_malicious,Medium,insider passed data to third parties - which class?
2981,Poland,11/15/2025,4750,Public Sector and Education,Insufficient technical and organisational measures to ensure information security,"The Polish DPA has imposed a fine of EUR 4750 on the Powiatowego Inspektora Sanitarnego w Policach. The controller failed to implement adequate technical and organisational measures to ensure data security, which resulted in a data breach due to an employee loosing an unencrypted usb flash drive with personal health data and data regarding administrative proceedings.",cyber_nonmalicious,High,employee lost unencrypted USB
2279,Spain,11/2/2023,48000,Health Care,Non-compliance with general data processing principles,"The Spanish DPA has imposed a finea INSTITUT MARQUÉS OBSTETRICIA I GINECOLOGIA, S.L.P. The controller had suffered a data breach in which personal patient and employee data had been unlawfully accessed. During its investigation, the DPA found that the controller had failed to take appropriate technical and organizational measures to protect personal data. The DPA also found that the controller failed to properly inform data subjects about the data breach. The original fine of EUR 80,000 was reduced to EUR 48,000 due to voluntary payment and acknowledgement of responsibility.",unclear,Medium,"data ""unlawfully accessed""; mechanism vague"
971,France,12/28/2021,180000,"Finance, Insurance and Consulting",Insufficient technical and organisational measures to ensure information security,"The French DPA (CNIL) has imposed a fine of EUR 180,000 on the payment institution SLIMPAY. 
In 2015, SLIMPAY conducted an internal research project in which it processed personal data in its databases. When the research project ended in July 2016, the data remained stored on a server, without any security measures and freely accessible on the Internet. The data breach affected about 12 million people.

During its investigation, the CNIL found that the company had failed to implement appropriate technical and organizational measures to ensure a level of security commensurate with the risk to data subjects. Thus, the server access was not subject to any security measures, so that it was possible to access it via the Internet between November 2015 and February 2020

In addition, the DPA found that the company had failed to inform the data subjects about the data breach. 

The CNIL also found that in several cases, contracts the company had concluded with processors were inadequately drafted, as they did not include certain envisaged clauses obliging the processors to process personal data in accordance with the requirements of the GDPR.",cyber_nonmalicious,High,data left on freely-accessible server
2763,Poland,12/23/2024,357000,Industry and Commerce,Insufficient technical and organisational measures to ensure information security,"The Polish DPA has imposed a fine of EUR 357,000 on Panek SA. During the reconstruction of its website, the controller failed to implement adequate technical and organisational measures to ensure data security, resulting in leak of customer data. The controller appealed against the decision, but the provincial administrative court in Warsaw dismissed the appeal.",cyber_nonmalicious,Low,leak during website rebuild; no attacker
2054,Italy,7/18/2023,12000,Health Care,Non-compliance with general data processing principles,"The Italian DPA has imposed a fine of EUR 12,000 on Azienda Socio Sanitaria Territoriale Ovest Milanese. The controller had suffered data breaches that affected the privacy of several data subjects. For example, a patient's health records were given to the wrong patient. In addition, the controller had sent an email regarding Covid-19 behavior in multiple scelrose patients to 198 recipients, allowing all recipients to openly view the other email addresses. In addition, the controller sent an invitation for a disability assessment to the wrong person.",cyber_nonmalicious,High,records to wrong patient + open distribution list
3114,Poland,4/7/2026,2350,Real Estate,Insufficient fulfilment of data breach notification obligations,"The Polish DPA has imposed a fine of EUR 2,350 on a housing association. The controller suffered a data breach and failed to inform the DPA within 72 hours",unclear,Low,breach + failed to report; no detail
2244,Romania,3/5/2024,5000,Industry and Commerce,Insufficient technical and organisational measures to ensure information security,"The Romanian DPA has imposed a fine of 5,000 euros on EURO MINI STORAGE ROMANIA SRL. The controller had suffered a data breach in which customer data was accessed without authorization. During its investigation, the DPA found that the controller had failed to take appropriate technical and organizational measures to prevent such an incident.",unclear,Medium,"data ""accessed without authorization""; vague"
551,Poland,1/5/2021,19000,Health Care,Insufficient fulfilment of data breach notification obligations,"The Polish DPA (UODO) imposed a fine of EUR 19,000 on a hospital operator. A former employee had unlawfully copied the personal data of 100 patients from the hospital's computer network. The leaked data included the social security number, name, date of birth, address and telephone number of the data subjects. Although the controller considered the potential risk to the data subjects to be high, she had not informed the data subjects about the incident.  The DPA then requested the controller to immediately inform the data subjects about the incident and provide them with advice on how to minimize the potential negative impact of the breach. However, the controller did not comply with this request.",cyber_malicious,Medium,former employee copied 100 patients data - insider
221,Spain,3/3/2020,42000,"Media, Telecoms and Broadcasting",Insufficient technical and organisational measures to ensure information security,"According to the AEPD, the company had not been able to demonstrate adequate measures to ensure information security, leading to unauthorized access to personal data of a client.",unclear,Low,unauthorized access to a client; very vague
576,Lithuania,3/2/2021,15000,Public Sector and Education,Insufficient technical and organisational measures to ensure information security,"The Lithuanian DPA (VDAI) imposed a fine of EUR 15,000 on Registrų Centras. The controller is a company which manages several Lithuanian registers. The company suffered a data breach that affected 22 of these registers. During its investigation, the DPA found that the controller had not implemented adequate technical and organizational measures to protect the processing of personal data. The measures implemented by the controller were clearly not sufficient to ensure the continuous integrity, availability and resilience of the data, nor to restore the availability of the data after incidents.",unclear,Medium,"22 registers breach; integrity/availability, vague"
491,France,12/17/2020,6000,Health Care,Insufficient technical and organisational measures to ensure information security,"The French DPA (CNIL) fined a doctor EUR 6,000 for violations of Art. 32 GDPR and Art. 33 GDPR. The controller had stored medical image data such as MRI and X-ray images as well as personal data such as names, dates of birth and treatment data of his patients on a server in order to be able to access them from his home computer. A review of the controller's systems had revealed that access to the server was not properly secured. This would have allowed anyone to access his patients' data. Furthermore, the data leak had existed for about five years. The data protection authority therefore found that the doctor had failed to take adequate technical and organisational measures to ensure data security.",cyber_nonmalicious,High,server not secured; patient data accessible
627,Norway,3/15/2021,100000,Public Sector and Education,Insufficient technical and organisational measures to ensure information security,"The Norwegian DPA (Datatilsynet) has fined the municipality of Asker EUR 100,000. On May 20, 2020, the DPA received a notice that the municipality had unlawfully published personal data on its website. On the website, users could view the names of documents that had previously been sent via the municipality's email distribution list. In addition to the names of the actual document, they also contained the names and dates of birth of 127 people, including children. Although the distribution lists were proofread daily by two people, the municipality had failed to detect the discrepancies. The Norwegian DPA concludes that the data breach occurred partly due to a lack of required routines for handling email lists.",cyber_nonmalicious,High,unlawfully published data on website
2470,Romania,10/16/2024,3000,Not assigned,Insufficient technical and organisational measures to ensure information security,"The Romanian DPA has imposed a fine of EUR 3,000 on Your Consulting SRL. The controller had suffered a data breach involving the unauthorized disclosure of personal data. During its investigation, the DPA found that the controller had failed to implement appropriate technical and organizational measures to protect personal data in order to avoid such incidents.",unclear,Medium,vague unauthorized disclosure
433,Italy,10/26/2020,20000,Public Sector and Education,Non-compliance with general data processing principles,"In a data breach notification pursuant to Art. 33 GDPR, the data protection authority found that patients accessing their online medical reports via their smartphones could also access personal health data of 74 other patients. According to the polyclinic, the reason for this was a human error in the integration of two IT systems.",cyber_nonmalicious,High,patients could access 74 others records (human error)
1203,Poland,6/6/2022,3500,Industry and Commerce,Insufficient fulfilment of data breach notification obligations,"The Polish DPA has fined Esselmann Technika Pojazdowa Sp. z o.o. Sp. k. EUR 3,500. The controller had suffered a data breach during which a certificate of employment containing personal data of an employee got lost. The controller failed to report this data breach to the DPA and thus violated Art. 33 GDPR.",cyber_nonmalicious,High,employment certificate lost
2700,Romania,6/23/2025,4000,"Media, Telecoms and Broadcasting",Insufficient technical and organisational measures to ensure information security,"The Romanian DPA has imposed a fine of EUR 4,000 on Vodafone Romania S.A. The controller failed to implement sufficient technical and organisational measures to ensure data security, resulting in a data breach.",unclear,Medium,vague data breach
3021,Italy,12/4/2025,1000,Employment,Insufficient legal basis for data processing,"The Italian DPA has imposed a fine of EUR 1,000 on ""Principe Umberto di Savoia"" State Scientific and Linguistic High School. The controller processed the personal data of employees in relation to their employment, including medical data such as sick leave due to serious illness. The controller failed to introduce sufficient technical and organisational measures, resulting in employees gaining unauthorised access to personal data. The processor also failed to adequately inform data subjects regarding the processing.",cyber_nonmalicious,Medium,employees gained unauthorized access to medical data
791,Germany,2020,65000,Industry and Commerce,Insufficient technical and organisational measures to ensure information security,"The DPA of Lower Saxony has imposed a fine of EUR 65,000 on a company. The reason for the proceedings was a report by the company to the authority regarding a data breach pursuant to Art. 33 GDPR. As a result, the DPA conducted an audit of the company's web presence. In the process, the DPA discovered that an outdated web store application was used on the site, which was no longer provided with security updates. The developer had explicitly warned against further use of this version, as it contained significant security vulnerabilities. The investigations of the DPA further revealed that the passwords stored in the database were not sufficiently secured. The DPA concluded that the technical measures taken by the responsible party were not adequate for the protection requirements of the GDPR, resulting in a violation of Art. 32 GDPR.",cyber_nonmalicious,Low,outdated app/insecure passwords; possible exploit
1259,Norway,3/4/2022,195000,Public Sector and Education,Insufficient technical and organisational measures to ensure information security,"The Norwegian DPA has fined the Norwegian Parliament EUR195,000. 

The parliament had suffered a data breach in which unauthorized persons gained access to the email accounts of members of parliament and parliamentary administrative staff. The attackers had succeeded in siphoning off the data, including personal data on bank accounts, dates of birth and health-related data.
During its investigation, the DPA found that the parliament did not incorporate sufficient security mechanisms, such as two-factor authentication, even though a risk analysis in 2020 had found that this posed a high privacy risk. 
 
For this reason, the DPA found that the parliamentary administration had not taken appropriate technical and organizational measures to achieve a sufficient level of security.",cyber_malicious,High,attackers accessed MP email accounts
2186,Romania,1/15/2024,3000,Industry and Commerce,Insufficient technical and organisational measures to ensure information security,"The Romanian DPA has imposed a fine of EUR 3,000 on TECHNINK LEB SRL. The controller had suffered a data breach in which personal customer data had been unlawfully disclosed. During its investigation, the DPA found that the controller had failed to take appropriate technical and organizational measures to protect personal data.",unclear,Medium,vague unlawful disclosure
2709,Romania,4/15/2025,2000,Accomodation and Hospitality,Insufficient technical and organisational measures to ensure information security,"The Romanian DPA has imposed a fine of EUR 2,000 on United Business Solutions SRL. The controller failed to implement sufficient technical and organisational measuresto ensure data security, resulting in a data breach.",unclear,Medium,vague data breach
1104,Poland,1/19/2022,1000000,Transportation and Energy,Insufficient technical and organisational measures to ensure information security,"The Polish DPA has imposed a fine of EUR 1 million on Fortum Marketing and Sales Polska S.A.. 

The company had reported a data breach to the DPA in accordance with Art. 33 GDPR. During its investigation, the DPA found that unauthorized persons had managed to access and siphon off customer data. The data breach occurred at the time of the introduction of a change in the company's IT environment. The change was made by a processing agent. As part of the change, an additional Fortum customer database was created. However, the server on which the database was stored did not have sufficient security measures, which is why the unauthorized persons succeeded in accessing the data. 


The DPA also found that the processor failed to pseudonymize and encrypt the data. In addition, the processing agent had been using real customer data, rather than test data, to test the changes to the system. 


For this reason, the DPA concluded that the controller failed to take appropriate technical and organizational measures to ensure the protection of personal data. In addition, the DPA found that the controller would have been required to monitor the work of the processor to ensure that the protection of personal data is continuously guaranteed.",cyber_malicious,High,unauthorized persons accessed and siphoned data
625,Italy,2/11/2021,45000,Health Care,Insufficient technical and organisational measures to ensure information security,"The Italian DPA (Garante) has imposed a fine of EUR 45,000 on Istituti ospedalieri bergamaschi. The DPA initiated an investigation against the controller after it reported a data breach to the DPA. A patient had mistakenly received medical records and clinical documentation from seven other patients in his digital medical record.",cyber_nonmalicious,High,patient got 7 others records
1620,Cyprus,2022,3500,"Finance, Insurance and Consulting",Insufficient data processing agreement,"The Cypriot DPA has imposed a fine of EUR 3,500 on Universal Life Insurance Public Co Ltd. The processor of the data controller had suffered a data breach in which personal data of customers were mistakenly disclosed to other customers. During its investigation, the DPA found that the controller had failed to contractually regulate the relationship with its processor. The DPA concluded that the controller had contracted a processor without ensuring that the processor provided sufficient guarantees for the implementation of appropriate technical and organizational measures to protect personal data.",cyber_nonmalicious,High,processor disclosed data to other customers
2261,Poland,3/12/2024,18000,"Finance, Insurance and Consulting",Insufficient fulfilment of data breach notification obligations,"The Polish DPA has fined Toyota Bank Polska S.A. EUR 18,000 for failing to report a data breach to the DPA in a timely manner.",unclear,Low,failed to report breach; no detail
1108,Cyprus,3/22/2022,4000,Public Sector and Education,Insufficient technical and organisational measures to ensure information security,"The Cypriot DPA has imposed a fine of EUR 4,000 on the English School in Cyprus. The school had reported a data breach to the DPA under Art. 33 GDPR. A teacher had used the email address of the students' parents for a purpose other than that for which the email addresses were originally collected. The DPA found that the school had failed to take adequate technical and organizational measures to ensure the protection of personal data and to prevent such incidents.",not_cyber,Medium,teacher reused parent emails (purpose limitation)
2446,Poland,9/2/2024,19800,Public Sector and Education,Insufficient legal basis for data processing,"The Polish DPA has imposed a fine of EUR 19,800 on the National Prosecutor's Office. During a press conference, the public prosecutor's office disclosed an individual's personal data, such as their first and last name and special categories of data, without a valid legal basis. The DPA also found that the controller failed to report the data breach to the DPA and the data subject.",not_cyber,High,disclosed data at press conference w/o legal basis
486,Sweden,12/15/2020,29500,Real Estate,Insufficient legal basis for data processing,"The Swedish DPA (Integritetsskyddsmyndigheten) fined the housing company Uppsalahem AB SEK 300,000 (EUR 29,500). The housing company had installed surveillance cameras in an apartment building to monitor one floor after disturbances and security incidents occurred. The cameras not only monitored the staircase, but also the front door of a resident. Therefore, when the door was opened, the inside of the apartment was also captured by the video surveillance. While the company may have had a legitimate interest in the video surveillance, this is outweighed by the residents' right to privacy.",not_cyber,High,CCTV capturing apartment interior
3136,Romania,4/30/2026,2500,Industry and Commerce,Insufficient technical and organisational measures to ensure information security,"The Romanian DPA has imposed a fine of EUR 2,500 on BLUE PROJECTS INDUSTRIES  S.R.L. The controller experienced a data breach due to the inadequate technical and organisational measures in place to ensure data security. This affected the confidentiality and availability of personal data.",unclear,Medium,vague data breach
2432,Denmark,8/14/2024,26800,Public Sector and Education,Insufficient technical and organisational measures to ensure information security,"The Danish DPA has imposed a fine of EUR 26,800 on the municipality of Vejen. The municipality had suffered a security incident involving the theft of three unencrypted computers containing information about children. During its investigation, the DPA found that 300 other computers were not encrypted either.",cyber_malicious,Low,3 unencrypted computers stolen - physical theft
2688,Romania,2/3/2025,15000,"Finance, Insurance and Consulting",Insufficient technical and organisational measures to ensure information security,"The Romanian DPA has imposed a fine of EUR 15,000 on Unicredit Bank SA. The controller failed to implement sufficient technical and organisational measures to ensure data security, resulting in two separate data breaches.",unclear,Medium,vague data breach
2138,Poland,10/8/2023,24000,"Finance, Insurance and Consulting",Insufficient fulfilment of data breach notification obligations,"The Polish DPA has fined Link4 Towarzystwo Ubezpieczeń S. A. EUR 24,000 for failing to report a data breach to the DPA in a timely manner.",unclear,Low,failed to report breach; no detail
29,Germany,2018,20000,Not assigned,Insufficient fulfilment of data breach notification obligations,Late notification of a data breach and failure to notify the data subjects.,unclear,Low,late notification; no detail
39,Italy,4/17/2019,50000,Public Sector and Education,Insufficient technical and organisational measures to ensure information security,"A number of websites affiliated to the Italian political party Movimento 5 Stelle are run, by means of a data processor, through the platform named Rousseau. The platform had suffered a data breach during the summer 2017 that led the Italian data protection authority, the Garante, to require the implementation of a number of security measures, in addition to the obligation to update the privacy information notice in order to give additional transparency to the data processing activities performed.While the update of the privacy information notice was timely completed, the Italian data protection authority, raised its concerns as to the lack of implementation on the Rousseau platform of some of GDPR related security measures. It is worth it to mention that the proceeding initiated before May 2018, but the Italian data protection authority issued a fine under the GDPR since the Rousseau platform had not adopted security measures required by means of an order issued after the 25th of May 2018. Interestingly, the fine was not issued against the Movimento 5 Stelle that is the data controller of the platform, but against the Rousseau association that is the data processor.",unclear,Medium,"Rousseau breach; fine re missing measures, mechanism vague"
1105,Poland,1/19/2022,53000,Industry and Commerce,Insufficient technical and organisational measures to ensure information security,"The Polish DPA has fined PIKA Sp. z o.o. in the amount of EUR 53,000. 

The fine is related to a fine imposed on Fortum Marketing and Sales Polska S.A.. PIKA was acting as a processor for Fortum. During its investigation, the DPA found that unauthorized persons had managed to access and siphon off customer data.The data breach occurred at the time of the introduction of a change in the company's IT environment by PIKA. As part of this change, an additional Fortum customer database was created.  However, the server on which the database was stored did not have sufficient security measures, which is why the unauthorized persons were able to access the data. 
The DPA also found that PIKA had failed to pseudonymize and encrypt the data. In addition, PIKA had used real customer data rather than test data to test the system changes. 

For this reason, the DPA concluded that PIKA had failed to take appropriate technical and organizational measures to ensure the protection of personal data.",cyber_malicious,High,unauthorized persons accessed/siphoned (Fortum processor)
730,Denmark,6/16/2021,27000,Public Sector and Education,Insufficient technical and organisational measures to ensure information security,"The Danish DPA (Datatilsynet) has imposed a fine of EUR 27,000 on Vejle municipality. The Danish DPA had started investigations against the municipality after it had reported a data breach pursuant to Art. 33 GDPR. The municipal dental care service had sent automated welcome letters to both parents as part of the treatment of children, which contained the contact details of both parents. In this process, the municipality had not checked whether it was permitted to pass the information on to the other parent. In several cases, parents thus received the address of the other parent, regardless of whether the other parent had name and address protection. The DPA considered this to be a failure of the municipality to take technical and organizational measures to ensure adequate data protection.",cyber_nonmalicious,High,dental letters over-disclosed to both parents
1412,Denmark,9/12/2022,6700,Public Sector and Education,Insufficient technical and organisational measures to ensure information security,"The Danish DPA has imposed a fine of EUR 6,700 on Hørsholm municipality. 
The municipality had reported a data breach to the DPA pursuant to Art. 33 GDPR. An employee's work computer, which contained sensitive and confidential information about approximately 1,600 municipality employees, had been stolen. During its investigation, the DPA determined that the data on the computer was not adequately secured and that the municipality had failed to take appropriate technical measures to protect personal data.",cyber_malicious,Low,work computer stolen - physical theft
1849,Romania,5/18/2023,18000,Industry and Commerce,Insufficient technical and organisational measures to ensure information security,"The Romanian DPA has imposed a fine of EUR 18,000 on AUTOMOBILE BAVARIA SRL. The data controller had notified the authority of a data breach pursuant to Art. 33 GDPR. Unknown parties had managed to unauthorizedly disclose personal data such as name, telephone number, residence, etc. of 290 customers on the controller's website. During its investigation, the DPA found that the controller had failed to take appropriate technical and organizational measures to protect personal data, which allowed such an incident to occur.",cyber_malicious,Low,unknown parties disclosed data on website; vague
2254,Poland,10/18/2023,24000,"Finance, Insurance and Consulting",Insufficient fulfilment of data breach notification obligations,"The Polish DPA has fined an insurance company EUR 24,000 for failing to report a data breach to the DPA in a timely manner.",unclear,Low,failed to report breach; no detail
2589,Poland,4/15/2025,7800,Health Care,Insufficient technical and organisational measures to ensure information security,"The Polish DPA has fined a funeral home EUR 7,800. The funeral home failed to implement sufficient technical and organisational measures to prevent a data breach. The funeral home had stored documents containing personal data in unlocked boxes. The company also transported those boxes in an open truck, which resulted in 10 boxes falling out of the truck and landing on the side of a road, where the boxes were found by the police. The driver did not notice the loss, due to the fact that that the boxes had not been counted. This resulted in the funeral home not reporting the incident to the DPA. During the investigation, the DPA found that the controller had failed to carry out a sufficient risk analysis and had failed to demonstrate sufficient supervision over the data processing.

---Update---
The decision made by the DPA was upheld by the Provincial Administrative Court in Warsaw.",cyber_nonmalicious,High,boxes fell from open truck (lost documents)
1175,Spain,5/17/2022,4000,Industry and Commerce,Insufficient legal basis for data processing,"The Spanish DPA (AEPD) has imposed a fine of EUR 4,000 on INSEKT FOOD S.L.. A data subject hat filed a complain with the DPA against the controller due to the fact that the controller had published personal data of the data subject in three WhatsApp groups. As a result, all 541 members of these WhatsApp groups were granted unauthorized access to certain personal data of the data subject (surname, first name, address).",not_cyber,Medium,published data in WhatsApp groups - deliberate disclosure
1150,Italy,3/24/2022,10000,Industry and Commerce,Insufficient technical and organisational measures to ensure information security,"The Italian DPA has imposed a fine of EUR 10,000 on Brav s.r.l.. The operator of the online platform had reported a data breach to the DPA pursuant to Art. 33 GDPR. Unauthorized persons had managed to access the platform used by the Genoa Police for the management of traffic violations, as well as the personal data contained therein. 
According to the City of Genoa, it was possible to gain unauthorized access to the platform due to the fact that certain employees had unauthorizedly disclosed the password for accessing the platform, in violation of official regulations. For this reason, the DPA found that the controller had failed to take appropriate technical and organizational measures to protect personal data. The controller should have ensured that passwords were changed regularly to prevent unauthorized persons from gaining access to personal data.",cyber_malicious,Medium,unauthorized access via leaked password
2504,Romania,1/17/2025,2000,Industry and Commerce,Insufficient technical and organisational measures to ensure information security,"The Romanian DPA has imposed a fine of EUR 2,000 on DELIVERY SOLUTIONS S.A. A security incident led to the unauthorized disclosure of personal data (name, address, telephone number, email address) caused by the misuse of valid access data. During its investigation, the DPA found that the controller had failed to implement appropriate technical and organizational measures to protect personal data.",cyber_malicious,Low,"""misuse of valid access data""; insider/attacker unclear"
2594,Estonia,1/10/2025,,Health Care,Insufficient technical and organisational measures to ensure information security,"The Estonian DPA imposed a fine of EUR 85,000 on Asper Biogene OÜ. Asper Biogene OÜ suffered a data leak due to a lack of adequate security measures. The leak affected approximately 100,000 files containing personal, health and genetic data. Asper Biogene OÜ also appointed a member of the board of directors as DPO, resulting in a conflict of interest. A fine of EUR 80,000 was imposed for the inadequate security measures. The unlawful appointment of the DPO was fined EUR 5,000.
---UPDATE---
The Tartu County Court overturned the DPA's decision. The DPA has appealed against the court's decision.",unclear,Medium,Asper Biogene leak; mechanism vague
1330,Denmark,8/11/2022,6700,Public Sector and Education,Insufficient technical and organisational measures to ensure information security,"The Danish DPA has imposed a fine of EUR 6,700 on Lolland municipiality. 
The municipality had reported a data breach to the DPA in accordance with Art. 33 GDPR. One of the municipality's employees had their work phone stolen. The employee used the phone to access their work email account which contained information on the names of several citizens, social security numbers and health data. 

During its investigation, the DPA found that the phone was not protected by a password. Therefore, it was possible to access the information stored on the phone. 

The DPA concluded that this incident had occurred due to the municipality's failure to take sufficient technical and organizational measures to protect personal data. The municipality should have ensured, at least, that each employee secured their cell phone with a password.",cyber_malicious,Low,work phone stolen (no password) - physical theft
578,Cyprus,3/3/2021,25000,"Finance, Insurance and Consulting",Insufficient technical and organisational measures to ensure information security,"The Cypriot DPA imposed a fine of EUR 25,000 on Hellenic Bank. The bank had closed one of its branches in the city of Nicosia in 2015. When moving out of the space, a safe containing old documents of still existing customers, installed in one of the walls, had been forgotten. As the building was vacant in the following years, the controller only learned about this incident when the property was rented out again for the first time in 2019. The new tenant had found the safe and informed the controller. Bank staff had then retrieved the documents and reported the data breach to the Cypriot DPA. The DPA ultimately concluded that the controller had violated Art. 5 (1) e), f) GDPR, Art. 32 (1) b), c) GDPR, and Art. 33 (1) GDPR.",cyber_nonmalicious,Medium,forgotten safe in vacated branch (physical)
2213,Poland,1/18/2024,2300,Not assigned,Insufficient fulfilment of data breach notification obligations,"The Polish DPA has fined a data controller EUR 2,300 for failing to report a data breach to the DPA and data subjects in a timely manner.",unclear,Low,failed to report breach; no detail
915,Romania,11/26/2021,2000,Industry and Commerce,Insufficient technical and organisational measures to ensure information security,"The Romanian DPA (ANSPDCP) has imposed a fine of EUR 2,000 on Valoris Center S.R.L.. The controller notified the DPA of a data breach pursuant to Art. 33 GDPR. A call center employee of the controller had accidentally sent a customer an Excel file containing data from other customers of the controller. In the course of the investigation, it was determined that this breach resulted in the unauthorized disclosure of or access to personal data such as email address, username, user ID, phone number, customer name, customer code, customer PIN, with a total of 11169 natural persons affected by the incident. The DPA found that the controller had failed to implement technical and organizational measures to ensure a level of security appropriate to the risk to data subjects.",cyber_nonmalicious,High,call-center employee emailed Excel of other customers
2349,Spain,5/30/2024,4200,Accomodation and Hospitality,Non-compliance with general data processing principles,"The Spanish DPA has imposed a fine on PILLOW HOTELS, S.L.. A person had filed a complaint with the DPA. The individual had made a booking for an overnight stay with the controller via booking.com. A few days before the trip, they received a WhatsApp message from a person claiming to be the director of the hotel, addressing them by name and asking them to confirm the booking by referring to a fraudulent link to enter their credit card details. The data subject contacted the hotel to confirm the fraud and learned that similar cases were already known. During its investigation, the DPA found that the controller had failed to implement appropriate technical and organizational measures to prevent such fraud incidents. The DPA also found that the controller had failed to report these data breaches. The original fine of EUR 7,000 was reduced to EUR 4,200 upon admission of responsibility and voluntary payment.",cyber_malicious,High,phishing/impersonation fraud via WhatsApp
2063,Croatia,10/5/2023,5470000,"Finance, Insurance and Consulting",Insufficient legal basis for data processing,"The Croatian DPA (AZOP) has imposed of fine of EUR 5,470,000 to a debt collection company. The investigation was triggered by an anonymous complaint stating that controller unlawfully processed personal data, with USB stick attached to the complaint containing personal data of 181,641 individuals.
As a controller, the debt-collection company unlawfully processed sensitive data (health related) of their debtors, as well as the data of individuals who are not in a debtor-creditor relationship, most often collecting telephone number, first and last name and residential address.  
It was determined that the data controller did not adequately implement sufficient technical protection measures that could timely detected leakage of data from their system. Although there was a security system, the DPA determined that due to deficiencies the company lost control over the movement of their data subjects´ personal data. Furthermore, the company recorded comments related to the debtor´s state of health that the DPA found to be excessive processing without an adequate legal basis. Additionally, the DPA determined that the data controller has unlawfully recorded telephone conversations with data subject as the legitimate interest test assessment that established a legal basis for processing has not been conducted prior to the start of such processing. 
Finally, the DPA found that the data subjects have not been transparently informed on the processing of their data.",not_cyber,Low,debt collection: unlawful processing + leak; mixed
204,Germany,2019,20000,Transportation and Energy,Insufficient fulfilment of data breach notification obligations,"On July 6, 2018, HVV GmbH was informed by a customer about a security gap on the website www.hvv.de, which was caused by an update on February 5, 2018 and concerned the so-called Customer E-Service (CES). The security gap consisted in the fact that customers logged in to the CES who had an HVV Card and linked their CES customer account to at least one active contractual relationship in background systems could, by changing the URL, display data of other customers who had an HVV Card. This data breach was not reported to the data protection authority in a timely manner.",cyber_nonmalicious,High,URL change let customers see others data
3153,Italy,3/12/2026,40000,Public Sector and Education,Insufficient technical and organisational measures to ensure information security,"The Italian DPA has imposed a fine of EUR 40,000 on INPS – Istituto nazionale previdenza sociale. The controller allowed citizens to submit forms online and offered a service that populated the forms with data from the national ANPR database. However, the controller failed to implement adequate technical and organisational measures, resulting in data subjects gaining access not only to their own relevant data, but also to the data of other individuals, including special category data and data relating to criminal records. This failure resulted in a data breach affecting 47,464 individuals, 1,526 of whom were minors. Additionally, the online service was not intended for use by minors, but they were able to access it.",cyber_nonmalicious,High,subjects could access others data incl criminal records
489,Romania,12/17/2020,100000,"Finance, Insurance and Consulting",Insufficient technical and organisational measures to ensure information security,"The Romanian DPA (ANSPDCP) fined Banca Transilvania SA EUR 100,000 for violations of Art. 5 (1) f) GDPR, Art. 32 (1) GDPR and Art. 32 (2) GDPR.
It was found that the bank requested a declaration from a customer about the intended use of a certain amount of money wished to withdraw from its account. This statement was submitted to the bank online and forwarded to several employees of the bank. One employee photographed the declaration with his cell phone and spread it via WhatsApp. Subsequently, the document was posted on the social network Facebook and on a website.
This situation led to the disclosure and unauthorized access of certain personal data concerning four data subjects, despite the Bank's commitment to respect the principle of integrity and confidentiality of personal data as required by Art. 5 (1) f) GDPR.
The DPA notes that the occurred disclosure of the data also proves the ineffectiveness of the internal training of the Bank's employees regarding compliance with the standards for data protection. These trainings are, however, an integral part of the technical and organizational measures that the Bank was obliged to implement, Art. 32 GDPR.",cyber_malicious,Medium,"employee photographed doc, spread WhatsApp/Facebook - insider leak"
2995,France,12/11/2025,1000000,Industry and Commerce,Non-compliance with general data processing principles,"The French DPA has imposed a fine of EUR 1,000,000 on MOBIUS SOLUTIONS LTD. The fined entity had been the former data processor for Deezer, which suffered a data breach in 2022. The processor failed to fulfil its duties as a data processor, which resulted in a data breach.",unclear,Medium,Deezer processor breach; vague
72,Bulgaria,8/28/2019,511000,"Finance, Insurance and Consulting",Insufficient technical and organisational measures to ensure information security,"Leakage of personal data due to inadequate technical and organisational measures to ensure the protection of information security. Third parties had access to over 23000 credit records relating to over 33000 bank customers including personal data such as names, citizenships, identification numbers, adresses, copies of identity cards and biometric data.",cyber_nonmalicious,Low,third parties had access to credit records; exposure vague
1828,Italy,3/23/2023,30000,Health Care,Insufficient technical and organisational measures to ensure information security,"The Italian DPA has imposed a fine of EUR 30,000 on Bolzano municipality. The Bolzano health authority had reported a data breach to the DPA involving unauthorized access to the health records of a number of patients, which was caused by a deficiency in the electronic health record service that the municipality had delegated to a processor. During its investigation, the DPA found that although the leak occurred at the processor's site, the municipality should have taken appropriate technical and organizational measures to ensure that such incidents would be avoided.",cyber_nonmalicious,Medium,unauthorized access via processor deficiency
561,Italy,1/27/2021,10000,Health Care,Non-compliance with general data processing principles,"The Italian DPA (Garante) fined Azienda Ospedaliero Universitaria di Parma EUR 50,000. The controller, a hospital, had reported two data breaches to the Italian DPA in which patient data was mistakenly disclosed to third parties. In the first incident, parents found the report of a microbiological examination of another patient in the file of their minor child. The report revealed the data subject´s name, tax number, address, birth date and various health data. In the second incident, the heir of a patient received the health report of another patient, which contained the name and birth date as well as data on the health status of the data subject.",cyber_nonmalicious,High,patient data to wrong recipients
2207,Austria,12/12/2023,5900,Not assigned,Insufficient fulfilment of data breach notification obligations,"The Austrian DPA fined a controller EUR 5,900 for failing to report a data breach in a timely manner and for not cooperating with the DPA.",unclear,Low,failed to report + no cooperation; no detail
2585,Spain,2/14/2025,200000,"Finance, Insurance and Consulting",Insufficient technical and organisational measures to ensure information security,"The Spanish DPA (AEPD) has imposed a fine of EUR 200,000 on ORANGE BANK, S.A. SUCURSAL EN ESPAÑA. The AEPD reacted to multiple complaints of private individuals regarding a data leak. ORANGE BANK (the controller) used a data processor for the processing of personal data. ORANGE BANK was unable to ensure that necessary technical and organizational measures had been taken, resulting in the infringement of Art. 5 (1) f) GDPR. Additionally, the AEPD decided that the present infringement is particularly serious, due to the fact, that ORANGE BANK processes large amounts of data resulting in an increased demand towards the internal processes regarding data protection and security. Lastly the AEPD ordered ORANGE BANK to bring their processes into compliance with the GDPR within 6 months after the decision becomes final and enforceable.",unclear,Medium,Orange Bank leak; vague
2082,Poland,7/18/2023,3400,Not assigned,Insufficient technical and organisational measures to ensure information security,"The Polish DPA has imposed a fine of EUR 3,400 on a company. The controller had reported a data breach to the DPA. The company car of a senior employee had been broken into, resulting in the theft of a company laptop on which personal data of three persons were processed. During its investigation, the DPA determined that the controller had failed to implement appropriate technical and organizational measures to protect personal data. Among other things, the laptop had not been properly encrypted.",cyber_malicious,Low,laptop stolen in car break-in - physical theft
930,United Kingdom,11/25/2021,585000,Public Sector and Education,Insufficient technical and organisational measures to ensure information security,"The UK DPA (ICO) has fined the Cabinet Office EUR 585,000. 

On December 27, 2019, the Cabinet Office published a file on GOV.UK containing the names and uncensored addresses of more than 1,000 individuals who had received New Year's honors. Individuals from a wide range of professions across the United Kingdom were affected, including individuals with a high public profile.

After learning of the data breach, the Cabinet Office removed the web link to the file. However, the file was still in the cache and was accessible online to people who had the exact website address.

The disclosed personal data was available online for two hours and 21 minutes and had been accessed 3,872 times.

The breach occurred due to an error in the setup of the Cabinet Office's new IT system. 

The ICO found that the Cabinet Office failed to take appropriate technical and organizational measures to ensure a level of protection appropriate with the risk to data subjects.",cyber_nonmalicious,High,accidentally published file on GOV.UK
2053,Poland,7/12/2023,2500,Not assigned,Insufficient fulfilment of data breach notification obligations,"The Polish DPA has fined a company EUR 2,500 for failing to report a data breach to the DPA and data subjects.",unclear,Low,failed to report breach; no detail
1894,Romania,6/15/2023,2000,"Finance, Insurance and Consulting",Non-compliance with general data processing principles,"The Romanian DPA has imposed a fine of EUR 2,000 on BRD-Groupe Société Générale S.A.. The controller had reported a data breach to the DPA. During its investigation, the DPA found that the controller had unlawfully disclosed personal data of a bank client and other individuals.",unclear,Medium,"""unlawfully disclosed""; mechanism vague"
2954,Romania,12/8/2025,1000,Transportation and Energy,Insufficient technical and organisational measures to ensure information security,"The Romanian DPA has imposed a fine of EUR 1,000 on Compania de Apa Oltenia S.A. The controller failed to implement adequate technical and organisational measures to ensure data security, resulting in personal data beeing leaked on social media.",unclear,Medium,"data ""leaked on social media""; mechanism vague"
2689,Romania,2/4/2025,10000,"Finance, Insurance and Consulting",Insufficient technical and organisational measures to ensure information security,"The Romanian DPA has imposed a fine of EUR 10,000 on V&M Contab & Management SRL. The controller failed to implement sufficient technical and organisational measures to ensure data securtiy resulting in a data breach. Also the company failed to respond to a request by the DPA.",unclear,Medium,data breach + failed to respond to DPA
1014,Sweden,1/26/2022,152000,Health Care,Insufficient technical and organisational measures to ensure information security,"The Swedish DPA has imposed a fine of EUR 152,000 on the Uppsala hospital board.  

The fine is the result of an investigation by the Uppsala Region (the regional board and the hospital board). DPA had received two reports of incidents involving personal data from Uppsala region. The incidents involved sensitive personal health data that was transferred unencrypted to recipients inside and outside Sweden. 

Accordingly, Uppsala University Hospital had sent emails containing patient data to patients and senders in third countries without encryption. In addition, the hospital administration had stored sensitive personal data in the Outlook email hosting service. For this reason, the DPA found that the hospital board had not taken sufficient technical and organizational measures to protect the data from unauthorized access.",cyber_nonmalicious,High,"health data emailed unencrypted, stored in Outlook"
3075,United Kingdom,12/12/2025,75700,Public Sector and Education,Insufficient technical and organisational measures to ensure information security,"The UK DPA has imposed a fine of £66,000 (EUR 75,700) on the Chief Constable of the Police Service of Scotland. The processor executed a mass download from the mobile telephone of a private individual during the course of a police investigation, thereby contravening regional data protection legislation. After the investigation concluded, the data was forwarded to another investigative entity for a misconduct investigation into a third party, who was provided with the entire download from the data subject's phone. The controller failed to implement adequate technical and organisational measures to prevent the disclosure of personal data to unauthorised third parties. Additionally, the controller failed to comply with the principles of data minimisation. Furthermore, the controller failed to inform the DPA of the data breach.",cyber_nonmalicious,Low,over-disclosure of phone download; borderline minimization
954,Denmark,12/16/2021,13450,Public Sector and Education,Insufficient technical and organisational measures to ensure information security,"The Danish DPA has fined the municipality of Frederiksberg EUR 13,450. On March 1, 2021, the municipality reported a data breach under Art. 33 GDPR. 

The municipality's dental care service had operated a system through which parents could access their children's dental care letters online. The municipality then extended this access to parents with joint custody. As a result, in several cases, parents gained access to information about the other parent and the child's address, even though the affected parent and child were registered with name and address protection.
The DPA considered this to be a breach of the municipality's duty to implement adequate technical and organizational measures to ensure a level of security appropriate to the risk to the data subjects.",cyber_nonmalicious,High,dental letters access to both parents
669,Iceland,4/29/2021,23100,Industry and Commerce,Insufficient technical and organisational measures to ensure information security,"The Icelandic DPA (Persónuvernd) has imposed a fine of EUR 23,100 on InfoMentor ehf. Previously, the controller had reported a data breach according to Art. 33 GDPR. The incident concerned the company's online system, which is mainly used by schools and other institutions for communication and information purposes. In the course of its investigations, the DPA determined that inadequate technical and organizational security measures on the part of the controller led to the breach. Due to a security leak that resulted in the six-digit system number of each user being visible in the URL address of a specific page within the mentor system, unauthorized persons gained access to the personal data of 424 children.",cyber_nonmalicious,High,system number in URL let unauthorized access
2338,Spain,5/7/2024,360000,"Finance, Insurance and Consulting",Insufficient technical and organisational measures to ensure information security,"The Spanish DPA has imposed a fine on 4FINANCE SPAIN
FINANCIAL SERVICES, S.A.U.. The controller had suffered a data breach that led to the unlawful access to customer profiles. During its investigation, the DPA found that the controller had failed to take appropriate technical and organizational measures to protect personal data in order to prevent such an incident. The original fine of EUR 600,000 was reduced to EUR 360,000 due to voluntary payment and acknowledgement of responsibility.",unclear,Medium,"""unlawful access to profiles""; vague"
615,Italy,2/11/2021,5000,Individuals and Private Associations,Insufficient legal basis for data processing,"The Italian DPA (Garante) has imposed a fine of EUR 5,000 on the Foundation for Religion and Worship ""Casa sollievo della sofferenza"" Opera di San Pio da Pietrelcina. On January 31, 2020, the controller notified the DPA of a personal data breach under Art. 33 GDPR. Documents containing information about the health status of the data subject had been accidentally sent by mail to the wrong addressee. This had happened due to a mix-up: An invoice had previously been sent not to the data subject, but to another person with the same name, whose address had then been used for further correspondence with the data subject.",cyber_nonmalicious,High,documents to wrong addressee (mix-up)
1829,Italy,3/23/2023,10000,Health Care,Insufficient technical and organisational measures to ensure information security,"The Italian DPA has fined Informatica Alto Adige Spa EUR 10,000. The municipality of Bolzano had reported a data protection breach to the DPA involving unauthorized access to the health data of a number of patients caused by a deficiency in the electronic health record that the municipality had delegated to Informatica Alto Adige Spa. During its investigation, the DPA found that Alto Adige Spa had failed to take appropriate technical and organizational measures to prevent such incidents.",cyber_nonmalicious,Medium,unauthorized access via processor deficiency
453,Romania,11/24/2020,5000,Industry and Commerce,Insufficient technical and organisational measures to ensure information security,"Due to inadequate technical and organizational measures, the company disclosed the order, delivery and personal data of over 1000 customers via its web store.  The data was displayed on a document in the web store that could be downloaded without access protection. In addition, the operator had failed to report the security leak to the data protection authority.",cyber_nonmalicious,High,docs downloadable without access protection
2687,Romania,1/31/2025,15000,Transportation and Energy,Insufficient technical and organisational measures to ensure information security,"The Romanian DPA has imposed a fine of EUR 15,000 on S.P.E.E.H. HIDROELECTRICA S.A. The controller failed to implement sufficient technical and organisational measures to ensure data security, resulting in a data breach.",unclear,Medium,vague data breach
2620,Spain,4/9/2025,600,Individuals and Private Associations,Insufficient technical and organisational measures to ensure information security,"The Spanish DPA imposed a fine on FEDERACION DE COLUMBICULTURA DE CASTILLA-LA MANCHA. The controller was unable to ensure the confidentiality of personal data, which resulted in a leak. The original fine of EUR 1,000 was reduced to EUR 600 due to immediate payment and admission of responsibility by the controller.",unclear,Medium,vague leak
1115,Ireland,4/5/2022,463000,"Finance, Insurance and Consulting",Insufficient technical and organisational measures to ensure information security,"The Irish DPA has fined the Bank of Ireland EUR 463,000. 

The bank had reported 22 data breaches to the DPA under Article 33 GDPR. 

As part of its investigation, the DPA found that the bank had provided false information to the Central Credit Register due to a mix-up of bank customers' account data. 

This error had the potential to have a negative impact on the creditworthiness of the data subjects.

The DPA found that the personal data breach had occurred due to inadequate technical and organizational measures on the part of the bank. 

In addition, the bank did not immediately inform the data subjects and the DPA about the data breach.",cyber_nonmalicious,Medium,"account-data mix-up, false credit info"
613,Romania,3/30/2021,10000,"Media, Telecoms and Broadcasting",Insufficient technical and organisational measures to ensure information security,"The Romania DPA (ANSPDCP) has fined Telekom Romania Mobile Communications S.A. EUR 10,000 for failing to implement adequate security measures to ensure the security of personal data processing. In particular, the ANSPDCP's investigation revealed that the controllers' failure to implement adequate security measures resulted in the unauthorized disclosure of the data of 99,210 data subjects, including their customer number, gender and telephone number, as well as unauthorized access to the personal data stored in the accounts of 413 customers. On this basis, the ANSPDCP ruled that the controller violated Art. 32 (1) and (2) GDPR.",cyber_nonmalicious,Low,unauthorized disclosure/access; mechanism vague
2757,Poland,7/21/2025,3955000,Employment,Non-compliance with general data processing principles,"The Polish DPA has imposed a fine of EUR 3,955,000 on McDonald’s Polska Sp. z o.o. The controller used a third party processor (see ETid: 2758) for the purpose of managing work scheduals. The controller failed to ensure, that the processor implemented sufficient technical and organisational measures to ensure data security, resulting in a data breach. Additionally the controller failed to ensure, that only necessary data had been processed and the controller also did not adequatly involve the DPO in all relevant activities.",unclear,Medium,processor data breach; vague
738,Norway,6/4/2021,49200,Health Care,Insufficient technical and organisational measures to ensure information security,"The Norwegian DPA (Datatilsynet) has fined the municipality of Moss EUR 49,200 for inadequately securing personal data. 
In January, the municipality of Rygge was annexed to the municipality of Moss. For this reason, several IT systems from both municipalities were combined. 
Due to inadequate security measures, a data breach occurred in a productive system used in the municipality's health service. 
This system processed personal and health data and affected people who live in the municipality and use the health center. The system is used for services related to immunization programs in the municipality, as well as for other health checks and follow-ups of pregnant women. About 2000 people were potentially affected by the breach. Due to the data breach, errors had occurred in vaccine registration. As a result, the data subjects were at risk of receiving the wrong vaccines. There was also a potential for their immunization data to be misfiled in the national immunization registry.
Furthermore, errors occurred in follow-ups for pregnant women, including information on the week of pregnancy or the mother's drug use. 
Also, patient information was provided to health workers in a health service ward without being required and without access being documented.",cyber_nonmalicious,Medium,IT integration error caused health-system breach
1235,Italy,4/28/2022,70000,Health Care,Non-compliance with general data processing principles,"The Italian DPA has imposed a fine of EUR 70,000 on the healthcare facility Ospedale San Raffaele s.r.l.. The hospital had reported two data breaches to the DPA under Art. 33 GDPR. 

In the first case, the neurology department of the hospital had sent a newsletter in an open distribution list, which resulted in the email addresses of the recipients being visible to all recipients. Of the 499 email addresses affected, 321 email addresses related to patients and 46 related to family members/caregivers of patients, which allowed these individuals to be identified by name.

In the second case, a surgical department had sent a newsletter in an open distribution list, so again the recipients' email addresses were visible to all recipients. Of the 90 e-mail addresses affected, 75 e-mail addresses referred to patients and/or family members/caregivers of the patients, which meant that these individuals could be identified by name.

The DPA considered this to be a violation of the principle of ""integrity and confidentiality,"" which requires that personal data be processed in a manner that ensures appropriate security, including protection against unauthorized or unlawful processing and against accidental loss, destruction or damage by appropriate technical and organizational measures. With regard to the calculation of the fine, the DPA took into aggravating account the fact that the data breach also affected data relating to the health of the persons concerned. 
The fact that the hospital had introduced measures to prevent such events in the future and had cooperated to a high degree with the DPA was taken into beneficial consideration.",cyber_nonmalicious,High,two open distribution list newsletters
2759,Spain,7/11/2025,32000,Industry and Commerce,Insufficient technical and organisational measures to ensure information security,"The Spanish DPA has imposed a fine of EUR 32,000 on VALORA PREVENCIÓN, S.L.U. The controller, a company offering occupational health and safety services, failed to implement sufficient technical and organisational measures. This resulted in the health data of an employee being leaked to a coworker of the data subject. The original fine of EUR 40,000 was reduced to EUR 32,000 due to immediate payment by the controller.",cyber_nonmalicious,High,health data leaked to coworker
2426,Spain,3/16/2023,145000,"Finance, Insurance and Consulting",Non-compliance with general data processing principles,"The Spanish DPA has imposed a fine of EUR 145,000 on AFIANZA ASESORES S.L.. The controller had reported a data breach to the DPA, stating that a backpack containing a USB stick with personal data (including data relating to court proceedings) had been stolen. During its investigation, the DPA found that the USB stick was not encrypted and that the controller had failed to implement appropriate technical and organizational measures to protect personal data.",cyber_malicious,Low,backpack/USB stolen - physical theft
668,Romania,5/7/2021,2000,Employment,Insufficient technical and organisational measures to ensure information security,"The Romanian DPA (ANSPDCP) has imposed a fine of EUR 2,000 on World Class România S.A.. The controller had published the termination letter of an employee in a WhatsApp group used by the controller's employees. As a result, all members of this WhatsApp group were granted unauthorized access to certain personal data of the data subject (surname, first name, address, ID number, information related to the request for termination).",not_cyber,Medium,published termination letter in WhatsApp - deliberate disclosure
2242,Italy,2/8/2024,800000,Industry and Commerce,Insufficient fulfilment of data breach notification obligations,"The Italian DPA has imposed a fine of EUR 800,000 on NTT Data Italia S.P.A. The fine is related to the fine imposed on UniCredit (ETid-2227). UniCredit had contracted NTT to carry out vulnerability analyses and penetration tests. During its investigation, the DPA found that NTT had not notified UniCredit of a data breach in a timely manner. In addition, NTT had contracted another company to carry out vulnerability assessments and penetration tests without prior authorization from the bank as the data controller.",unclear,Low,processor notification failure; linked to UniCredit breach
2482,Norway,10/21/2024,20800,Public Sector and Education,Insufficient technical and organisational measures to ensure information security,"The Norwegian DPA fined Grue municipality EUR 20,800 following the municipality's notification of a data breach. The municipality reported that personal data of students had been unlawfully published on a public portal. During its investigation, the DPA found that the municipality had not taken sufficient technical and organizational measures to ensure the protection of personal data.",cyber_nonmalicious,High,student data published on public portal
41,Malta,2/18/2019,5000,Public Sector and Education,Insufficient technical and organisational measures to ensure information security,"As a result of the lack of appropriate security measures on the Lands Authority website, over 10 gigabytes of personal data became easily accessible to the public via a simple google search. The majority of the leaked data contained highly-sensitive information and correspondence between individuals and the Authority itself. The Lands Authority chose not to appeal. In Malta, in the case of a breach by a public authority or body, the Data Protection Commissioner may impose an administrative fine of up to €25,000 for each violation and may additionally impose a daily fine of €25 for each day such violation persists.",cyber_nonmalicious,High,10GB accessible via Google search (exposure)
1520,Romania,12/9/2022,2000,Industry and Commerce,Insufficient technical and organisational measures to ensure information security,"The Romanian DPA has imposed a fine of EUR 2,000 on Casa Rusu S.R.L. . The controller had reported a data breach to the DPA pursuant to Art. 33 GDPR. The controller had used an unauthorized form during the payment process on its website, through which the bank data of the customer cards were collected. This allowed unauthorized access to personal data such as the first and last name of the affected bank cardholder, card number, expiration date and year, CVC code. During its investigation, the DPA found that the controller failed to take appropriate technical and organizational measures to protect personal data.",cyber_malicious,Medium,unauthorized card-skimming form on website
816,Romania,8/24/2021,3000,Health Care,Insufficient technical and organisational measures to ensure information security,"The Romanian DPA (ANSPDCP) has fined Actamedica SRL EUR 3,000. The controller had informed a private individual about the loss of her biological samples and a sum of money sent via a courier service. When asked what personal data had been disclosed on this occasion and whether the ANSPDCP had been informed of this incident, the controller only provided the contact details of his lawyer and an e-mail address of the courier service to which the private individual could address her complaint. The ANSPDCP found a breach of the controller's obligation to implement technical and organizational measures to ensure a level of protection appropriate to the risk to data subjects, as well as a breach of the controller's obligation to notify the ANSPDCP of the data breach.",cyber_nonmalicious,Low,loss of samples/data via courier; vague
2013,Romania,8/21/2023,70000,Industry and Commerce,Insufficient technical and organisational measures to ensure information security,"The Romanian DPA has imposed a fine of EUR 70,000 on Uipath SRL. The controller had notified the DPA of a data breach pursuant to Art. 33 GDPR. During its investigation, the DPA found that personal data (first and last name, email address, employment details, etc.) of 600,000 users of the academy platform could unauthorizedly be accessed via a URL address. The DPA found that the controller had failed to implement adequate technical and organizational measures to protect personal data, which allowed such an incident to occur.",cyber_nonmalicious,High,600k data accessible via URL
2966,Spain,11/19/2025,60000,Industry and Commerce,Insufficient technical and organisational measures to ensure information security,"The Spanish DPA has imposed a fine of EUR 60,000 on STRATESYS TECHNOLOGY SOLUTIONS, S.L. The controller failed to implement adequate technical and organisational measures, resulting in a data breach. The original fine of EUR 100,000 was reduced to EUR 60,000 due to immediate payment and admission of responsibility by the controller.",unclear,Medium,vague data breach
2696,Romania,3/4/2025,20000,Industry and Commerce,Insufficient technical and organisational measures to ensure information security,"The Romanian DPA has imposed a fine of EUR 20,000 on WEBRASOFT SRL. The controller failed to implement sufficient technical and organisational measures to ensure data security, resulting in a data breach.",unclear,Medium,vague data breach
3005,Slovenia,7/25/2025,5020,Not assigned,Insufficient technical and organisational measures to ensure information security,"The Slovenian DPA has imposed a fine of EUR 5,020 on a legal entity. The controller had developed an application that allowed the exchange of personal data, but failed to implement technical measures to protect the programming interface when switching from the test environment to the production environment. This resulted in a data breach affecting approximately 100,000 users. The entity was fined EUR 4,820, and the person responsible was fined EUR 200.",cyber_nonmalicious,High,unprotected API test->prod exposed 100k
759,Denmark,7/16/2021,67900,Health Care,Insufficient technical and organisational measures to ensure information security,"The Danish DPA (Datatilsynet) has fined the Region of Syddanmark EUR 67,900 for failing to comply with its obligation as a data controller to implement adequate security measures. The matter came to the attention of the DPA when a citizen complained to the authority in 2020 about the lack of security in the processing of personal data of the citizen's child by the region, and shortly thereafter the region reported the matter to the authority as a personal data breach.

The Region of Syddanmark had maintained a database for research and clinical purposes for a period of more than 1.5 years, whereby the database was not adequately secured against unauthorized access. By manipulating URLs, it was possible to gain access to PDF documents stored in the database. This allowed citizens who were registered in the database - and who also had a login to the database - to access the personal data of people registered in the database. The database contained questionnaires with health information on more than 30,000 children receiving psychiatric care.",cyber_nonmalicious,High,URL manipulation accessed DB PDFs
2437,Germany,2024,6000,Industry and Commerce,Insufficient fulfilment of data breach notification obligations,"The DPA of Hamburg has imposed a fine of EUR 6,000 on an online retailer for failing to report a data breach in a timely manner.",unclear,Low,failed to report breach; no detail
1111,Romania,3/28/2022,2000,Industry and Commerce,Insufficient technical and organisational measures to ensure information security,"The Romanian DPA has imposed a fine of EUR 2,000 on Condor SA. 

The controller had suffered a data breach in which unauthorized persons gained access to several documents containing personal data of employees and former employees such as place of work, surname, first name, position, salary and bank details.
 
During its investigation, the DPA found that the controller had not taken appropriate technical and organizational measures that would ensure the protection of personal data.",cyber_nonmalicious,Low,unauthorized persons accessed documents; vague
570,Ireland,8/12/2020,85000,Public Sector and Education,Insufficient technical and organisational measures to ensure information security,"The Irish DPA (DPC) fined Tusla Child and Family Agency EUR 85,000. The controller had reported 71 data breaches to the Irish DPA that occurred between May 25 and November 16, 2018, and concerned the unauthorized access of personal data processed by the controller. After a broad investigation, the DPA concluded that the controller failed to implement adequate technical and organizational measures to protect the data processing and thus violated Art. 32 (1) of the GDPR.",cyber_nonmalicious,Medium,"71 breaches, unauthorized access; mechanism vague"
2855,Italy,7/23/2025,10000,Public Sector and Education,Insufficient technical and organisational measures to ensure information security,"The Italian DPA has imposed a fine of EUR 10,000 on the Order of Nursing Professions of Viterbo. The controller suffered a data leak due to insufficient technical and organisational measures to ensure data security.",unclear,Medium,vague data leak
125,Romania,12/4/2019,20000,Transportation and Energy,Insufficient technical and organisational measures to ensure information security,The Romanian data protection authority imposed a sanction on an airline because it has not taken appropriate measures to ensure that any natural person acting under its supervision processes personal data in accordance with its instructions (Article 32(4) of the GDPR). This resulted in an employee having unauthorized access to the booking application and being able to photograph a list with the personal data of 22 passengers/customers to disclose this list on the Internet.,cyber_malicious,Low,work phone stolen (no password) - physical theft
2497,Italy,11/2/2024,15000000,"Media, Telecoms and Broadcasting",Non-compliance with general data processing principles,"The Italian DPA has imposed a fine of EUR 15 million on OpenAI in connection with the operation of the generative AI chatbot “ChatGPT”.
The DPA found that OpenAI had violated provisions of the GDPR, inter alia, by failing to notify the DPA of a data breach that occurred in 2023, by using users' personal data to train ChatGPT without providing a valid legal basis for such processing, and by violating the principle of transparency.
Additionally, OpenAI did not implement age verification, potentially risking exposure of children under 13 to inappropriate content.
Furthermore the DPA ordered OpenAI to carry out a six-month public information campaign to educate users on how ChatGPT processes data and how they can exercise their GDPR rights.",not_cyber,High,training without legal basis/transparency/age (OpenAI)
1617,Germany,2023,9000,Health Care,Insufficient fulfilment of data breach notification obligations,"The DPA of Sachsen-Anhalt has imposed a fine of EUR 9,000 on Magdeburg University Hospital. The clinic had failed to report to the DPA a data breach involving a former employee having unlawfully disclosed personal data from the clinic's systems to third parties.",cyber_malicious,Medium,former employee disclosed data to third parties - insider leak
1197,Italy,4/28/2022,50000,Public Sector and Education,Insufficient technical and organisational measures to ensure information security,"The Italian DPA has fined Istituto Nazionale Assicurazione Infortuni sul Lavoro (Public Accident Insurance for workers) EUR 50,000.
As part of its investigation, the DPA found that on three occasions the accident and occupational illnesses of other employees were publicly viewable on an online system of the insurance carrier. The incident occurred due to an outdated version of the system. 
The DPA concluded that the insurance carrier had not sufficiently fulfilled its duty to take appropriate technical and organizational measures to prevent personal data breaches.  The insurance carrier should have ensured that updated and secure online systems were used.",cyber_nonmalicious,High,accident data publicly viewable (outdated system)
1132,Greece,4/4/2022,10000,"Finance, Insurance and Consulting",Non-compliance with general data processing principles,"The Hellenic DPA has imposed a fine of EUR 10,000 on Piraeus Bank. 
The bank had mistakenly sent a document containing data of the data subject to a third party. This error was based on a wrongly provided e-mail address by a co-owner of the account.

Although the bank became aware of this error, they did not stop sending the communications to the third party, but instead instructed the data subject to exercise their right to correct the inaccurate data. 

As a result of its investigation, the DPA found that the bank had violated the principle of confidentiality for failing to stop sending the communications. The DPA also found that the bank had failed to report the data breach to the DPA and the data subject in a timely manner.",cyber_nonmalicious,High,document to wrong third party (mix-up)
2930,Latvia,10/28/2025,300000,Public Sector and Education,Insufficient technical and organisational measures to ensure information security,"The Latvian DPA has imposed a fine of EUR 300,000 on SIA ""ZZ Dats"". The entity that was fined was the data processor for almost all local governments in Latvia. It failed to implement adequate technical and organisational measures to ensure data security, resulting in a data breach. The entity appealed the decision to the Riga City Court.",unclear,Medium,processor breach; vague
2980,The Netherlands,12/15/2025,175000,Public Sector and Education,Insufficient technical and organisational measures to ensure information security,"The Dutch DPA has imposed a fine of EUR 175,000 on Arnhem and Nijmegen University of Applied Sciences. The controller suffered a data breach due to insufficient technical and organisational measures.",unclear,Medium,vague data breach
1170,Romania,5/18/2022,5000,"Finance, Insurance and Consulting",Insufficient legal basis for data processing,"The Romanian DPA has fined Kredyt Inkaso Investments RO S.A.
EUR 5,000.

A data subject had filed a complaint with the DPA against the controller for having disclosed their personal data and that of their minor child to medical institutions without authorization and without the data subject having any relationship with the institutions. During its investigation, the DPA found that the controller had disclosed data such as home address, professional status, as well as data from the employment contract. 

In addition, the DPA found that the controller had not notified the DPA of the data breach in a timely manner required by Art. 33 GDPR.",not_cyber,High,disclosed data to medical institutions without legal basis
128,Germany,11/11/2020,900000,"Media, Telecoms and Broadcasting",Insufficient technical and organisational measures to ensure information security,"Original Fine Summary: The Controller is a company offering telecommunication services. A caller could obtain extensive information on personal customer data from the company's customer service department simply by entering a customer's name and date of birth. In this authentication procedure, the BfDI aws a violation of Article 32 GDPR, according to which a company is obliged to take appropriate technical and organisational measures to systematically protect the processing of personal data. Due to the company's cooperation with the data protection authority, the fine imposed was at the lower end of the scale. -- Update: On November 11th, 2020, after an appeal against the fine, the Bonn District Court decided that although the fine is justified in principle, it is unreasonably high. The chamber has therefore reduced the fine from originally EUR 9,55 million to EUR 900,000. One of the reasons for the reduction was that the company's procedure for authenticating customers used for its telephone hotline (requesting only the name and date of birth of the caller) had remained unobjected for a long time and therefore the company lacked a concrete awareness of the problem which leads to the fact that the concrete culpability in this case had to be classified as rather low. Furthermore, according to the court, the violation was also rather minor, as it could not lead to a massive data leakage.",cyber_nonmalicious,High,weak phone authentication exposed customer data
272,Belgium,4/28/2020,50000,"Media, Telecoms and Broadcasting",Insufficient involvement of data protection officer,"According to the data protection authority, the company's data protection officer was not sufficiently involved in the processing of personal data breaches and the company did not have a system in place to prevent a conflict of interest of the DPO, who also held numerous other positions within the company (head of compliance and audit department), which led the DPA to the conclusion that the company's DPO was not able to work independently.",cyber_nonmalicious,Medium,"server/backup in guest bathroom, no lock (physical)"
890,Romania,11/1/2021,1000,Industry and Commerce,Insufficient technical and organisational measures to ensure information security,"The Romanian DPA (ANSPDCP) has imposed a fine of EUR 1,000 on IKEA ROMÂNIA SA. The controller had sent a notification to the DPA about a personal data breach under Art. 33 GDPR. Accordingly, the controller had organized a drawing contest in which children of IKEA Family members could participate. Participants uploaded their own drawings to an online platform along with entry forms containing their personal data and that of their parents, including their consent. In order to vote for the best drawing, the children's drawings were posted on the online platform and by accident along with it  the personal data included in the participation forms.
At the time of the investigation, it was determined that the security incident had resulted in the unauthorized disclosure of personal data of IKEA Family members (surname, first name and age of minors, as well as surname, first name, city, country, email, IKEA Family membership number and the signature of the parents) on the online platform accessible only to IKEA Family members in Romania. The incident affected 114 people, half of whom were minors. 
The DPA found that the controller had thus breached its obligation under Art. 32 (1) b), (2) GDPR to implement technical and organizational measures that ensure a level of security appropriate to the risk for the data subjects.",cyber_nonmalicious,High,contest forms accidentally posted online
2844,Spain,7/18/2025,1100,Real Estate,Insufficient fulfilment of data breach notification obligations,"The Spanish DPA has imposed a fine of EUR 1,100 on ADMINISTRACIONES BENIPON, S.L. The processor failed to notify the controller of a data breach and also used a sub-processor without prior consent and without an legal agreement.",unclear,Low,processor notification/subprocessor governance; vague
1940,Iceland,7/3/2023,81000,Health Care,Insufficient technical and organisational measures to ensure information security,"The Icelandic DPA has fined Heilsuveru EUR 81,000. The controller had reported a data breach to the DPA, as two unauthorized persons had managed to view personal data. During its investigation, the DPA found that the controller had failed to implement appropriate technical and organizational measures to protect personal data.",cyber_nonmalicious,Low,two unauthorized persons viewed data; vague
329,Spain,7/2/2020,3600,Industry and Commerce,Insufficient fulfilment of data breach notification obligations,"Although the company had taken steps to remedy a data breach, it had not informed the AEPD sufficiently. As a result, the AEPD imposed a fine of EUR 4,800, which was reduced to EUR 3,600 due to voluntary payment.",cyber_nonmalicious,High,Marche QR codes sequential; access to others
2461,Ireland,9/27/2024,91000000,"Media, Telecoms and Broadcasting",Insufficient technical and organisational measures to ensure information security,"The Irish DPA (DPC) has imposed a fine of EUR 91 million on Meta Platforms Ireland Limited (MPIL). The DPC had initiated an investigation after MPIL reported that user passwords had been stored unencrypted on internal systems; however, external parties did not have access to these passwords.

During the investigation, the DPC found that MPIL had not implemented appropriate technical and organizational measures to protect personal data, as the passwords should have been stored in encrypted form. The DPC noted that storing unencrypted passwords increases the risk of misuse. 

Furthermore, MPIL failed to report and properly document a data breach involving the storage of unencrypted passwords.",cyber_nonmalicious,High,passwords stored unencrypted (no external access)
1093,Croatia,3/8/2022,89250,Industry and Commerce,Insufficient technical and organisational measures to ensure information security,"A retail company, i.e. the data controller, reported the breach of personal data to the DPA informing that its employees have recorded video surveillance footage via mobile phone which was unauthorised and contrary to the company’s internal acts and instructions. The recording was made public by leaking to social media and consequently other media outlets. The DPA determined that the data controller did not take adequate actions to prevent its employees from creating the footage. Although the company did undertake certain measures such as adopting internal acts on access to video surveillance footage, educating employees and implementing confidentiality statements, the DPA determined the company did not ensure – neither before nor after the disclosure of the unauthorised footage – appropriate organisational and technical security measures for the purpose of minimising risk of such or similar data breaches. In addition, the data controller did not regularly monitor or inspect efficiency of the technical and organisational measures implemented for the purpose of maintaining confidentiality, integrity and accessibility of personal data. Thus, the DPA imposed a fine of HRK 675,000.00 for the failure to take appropriate technical measures and clarified that this fine should also have general preventive effects and raise awareness among the data controllers and processor on the obligations concerning data processing.",cyber_malicious,Low,"employee filmed CCTV, leaked to social media - insider vs not_cyber"
2906,Romania,10/16/2025,2000,"Finance, Insurance and Consulting",Insufficient technical and organisational measures to ensure information security,"The Romanian DPA has imposed a fine of EUR 2,000 on PRIME TRANSACTION SA. The controller failed to implement adequate technical and organisational measures, resulting in a data breach.",unclear,Medium,vague data breach
2039,Hungary,6/22/2023,205000,"Media, Telecoms and Broadcasting",Insufficient technical and organisational measures to ensure information security,"The Hungarian DPA has imposed a fine of EUR 205,000 against Digi Telecommunications and Services Ltd. The controller had suffered a data breach in which an unauthorized party managed to access personal data of data subjects (e.g. customers and newsletter subscribers) via the controller's website. During its investigation, the DPA found that the controller had failed to implement appropriate technical and organizational measures to protect personal data, which facilitated such an incident.",cyber_malicious,Low,unauthorized party accessed data via website
2725,Romania,6/26/2025,25000,Public Sector and Education,Non-compliance with general data processing principles,"The Romanian DPA has imposed a fine of EUR 25,000 on the Alliance for the Union of Romanians Party. The controller did not implement adeqaute technical and organisational measures to ensure data security, which resulted in a data breach. The controller also processed personal data without a sufficient legal basis.",unclear,Medium,data breach (vague) + no legal basis; mixed
2994,France,1/8/2026,15000000,"Media, Telecoms and Broadcasting",Insufficient technical and organisational measures to ensure information security,"The French DPA has imposed a fine of EUR 15,000,000 on FREE. The controller suffered a data breach due to insufficient technical and organisational measures. This was caused by using an inadequate authentication procedure to connect to their VPN for remote working. Additionally, the controller failed to adequately inform the affected data subjects due to necessary information being missing from the information email.",cyber_malicious,High,data breach via inadequate VPN authentication (FREE)
948,Norway,11/24/2021,98000,Public Sector and Education,Insufficient legal basis for data processing,"The Norwegian DPA has imposed a fine of EUR 98,000 on the Norwegian State Pension Fund (SPK). The controller had notified the DPA of a data breach pursuant to Art. 33 GDPR. The DPA found that the controller had unlawfully collected certain income information since 2016. For example, the controller had collected health-related information on disability pensions, although this was not required.  Approximately 24,000 individuals were affected by these incidents. In addition, the DPA found that SPK did not implement routines to review and delete excessive information collected until 2019.",not_cyber,High,unlawfully collected excess income/health data (legal basis)
839,Denmark,9/17/2021,67200,Public Sector and Education,Insufficient technical and organisational measures to ensure information security,"The Danish DPA imposed a fine of EUR 67,200 on Syddanmark Region. 
On March 9, 2020, the DPA received a notification from Syddanmark Region regarding a personal data breach according to Art. 33 GDPR. The Syddanmark Region states that since May 2011, a PowerPoint presentation was available on its website that had been created at Odense University Hospital for training purposes and contained charts with personal data - including health information and ID card number details - of 3,915 patients. 
The region used a screening tool to periodically check for inadvertent postings of personal identity numbers on its website. However, the screening tool was unable to scan the underlying data in PowerPoint presentations.
In this context, the DPA found that the region had not implemented appropriate technical and organizational measures to ensure a level of protection appropriate to the risk. 
In assessing whether a fine should be imposed, the DPA took into aggravating consideration the fact that Syddanmark Region processes large amounts of personal data, including health data - which is of a sensitive nature.",cyber_nonmalicious,High,PowerPoint with patient data on website (screening missed it)
1540,Romania,12/27/2022,3000,Industry and Commerce,Insufficient technical and organisational measures to ensure information security,"The Romanian DPA has imposed a fine of EUR 3,000 on Kaufland Romania SCS. The controller had reported a data breach to the DPA according to Art. 33 GDPR. 
An employee had taken pictures of the CCTV recordings with their cell phone and transmitted them to a third party. The third party then published the images on which two people and a license plate could be identified on the website of a local newspaper. The DPA found that the controller had failed to implement adequate technical and organizational measures to protect personal data.",cyber_malicious,Low,"employee photographed CCTV, leaked to media - insider vs not_cyber"
769,Poland,6/30/2021,3000,Public Sector and Education,Insufficient fulfilment of data breach notification obligations,"The Polish DPA (UODO) has imposed a fine of EUR 3,000 on the Fundację Promocji Mediacji i Edukacji Prawnej Lex Nostra Foundation for the promotion of mediation and legal education. The controller had not immediately informed the DPA and the data subjects about a personal data breach. Several folders containing personal data had been stolen from the controller in early 2020. These included the names, addresses and telephone numbers, and in 3 to 4 cases also the PESEL numbers (Polish identification number) of 96 data subjects.",cyber_malicious,Low,folders stolen - physical theft
2729,Poland,6/23/2025,3500,Public Sector and Education,Insufficient technical and organisational measures to ensure information security,"The Polish DPA has imposed a fine of EUR 3,500 on the Municipal Social Welfare Center in Aleksandrów. The controller did not implement sufficient technical and organisational measures to ensure information security, resulting in a data breach.",unclear,Medium,vague data breach
2559,Greece,5/27/2024,40000,Public Sector and Education,Insufficient legal basis for data processing,"The Hellenic DPA has imposed a fine of EUR 40,000 on a Member of the European Parliament. The fine was imposed due to their misuse of email addresses, leaked from the voter registry of Greek expatriates by the Ministry of the Interior, to send unsolicited political communications.",not_cyber,High,MEP misused leaked emails for political comms (marketing)
2737,Spain,5/23/2025,60000,"Media, Telecoms and Broadcasting",Insufficient technical and organisational measures to ensure information security,"The Spanish DPA imposed a fine of EUR 60,000 on AIRE NETWORKS DEL MEDITERRÃNEO, S.L. The controller did not implement sufficient technical and organisational measures to ensure information security, resulting in a data breach. The original fine of EUR 100,000 was reduced to EUR 60,000 due to immediate payment and admission of responsibility by the controller.",unclear,Medium,vague data breach
2695,Romania,3/3/2025,10000,Industry and Commerce,Insufficient technical and organisational measures to ensure information security,"The Romanian DPA has imposed a fine of EUR 10,000 on BEKO ROMANIA SA. The controller failed to implement sufficient technical and organisational measures to provide data security, resulting in a data breach.",unclear,Medium,vague data breach
3173,Belgium,5/12/2026,86000,Public Sector and Education,Insufficient legal basis for data processing,"The Belgian DPA has imposed a fine of EUR 86,000 on Société Wallonne des Eaux. The controller had been recording and listening to phone calls with customers for service control and staff training purposes. However, the controller failed to adequately inform its employees about the recording of calls. Additionally, the controller failed to enter into a sufficient data processing agreement with a processor. The controller had also been reprimanded for having an insufficient legal basis for certain recordings, for additional violations regarding transparency towards its employees, for retaining certain recordings for longer than one month, for failing to conduct a data protection impact assessment, and for failing to inform the DPA of data breaches.",not_cyber,High,call recording without informing employees (legal basis)
2758,Poland,7/21/2025,43000,Employment,Insufficient technical and organisational measures to ensure information security,"The Polish DPA has imposed a fine of EUR 43,000 on 24/7 Communication Sp. z o.o. The fined entity acted as the data processor for McDonald’s Polska Sp. z o.o. (see ETid: 2757). The processor failed to implement sufficient technical and organisational measures to ensure data security, resulting in a data breach. The controller additionally infringed the principle of data minimisation and failed to adequately involve the DPO in relevant activities.",unclear,Medium,processor data breach; vague
2915,Poland,10/27/2025,9450,Health Care,Insufficient fulfilment of data breach notification obligations,"The Polish DPA has imposed a fine of EUR 9,450 on a Gynecological Center. The controller sufferd a data breach and failed to report this to the DPO.",unclear,Low,breach + failed to report; no detail
2493,Poland,11/26/2024,6900,Health Care,Insufficient fulfilment of data breach notification obligations,"The Polish DPA has fined a district hospital in Września EUR 6,900 for failing to report a data breach to the DPA and data subjects in a timely manner. A patient had accidentally received another individual's medical records and was able to access their personal data.",cyber_nonmalicious,High,patient got another patients records
874,Italy,9/16/2021,5000,Individuals and Private Associations,Non-compliance with general data processing principles,"The Italian DPA (Garante) has imposed a fine of EUR 5,000 on the Ciechi Ardizzone Gioeni di Catania residential home for blind people. A visitor to the residence filed a complaint with the DPA. He based this on an installed video surveillance system in the accommodation. The video surveillance system recorded, among other things, the corridor connecting the accommodation with the communal showers. Moreover, the footage was not only recorded but also displayed in real time on the monitors of the concierge staff, creating the risk that the images could also be inadvertently seen by visitors or suppliers. During the course of the investigation, the institution's administration justified the installation of the video surveillance system by citing the need to prevent theft and ensure the health of residents by preventing unauthorized access during the pandemic period. 

The DPA found that the institute thereby violated the principles of lawfulness, transparency and data minimization. The fact that, as claimed by the institute, the passage of the guests to the shower rooms was filmed only occasionally and for a short duration, and that the quality of the recordings was not ""perfectly clear,"" does not resolve the unlawfulness of the recordings. Also, the DPA noted that some procedural precautions - such as scheduling time windows to turn off the cameras to allow guests to visit the shower rooms without being filmed, or temporarily ensuring the security of the locations through alternative measures, such as the use of security personnel - may allow the institute to pursue the purpose of the video surveillance in an equally effective manner and avoid unjustifiably restricting the freedoms of the data subjects.

Furthermore, the DPA found that the institute had not properly fulfilled its duty to inform. The institute had only provided the data subjects with detailed information about the video surveillance system on the bulletin board after the investigation had begun. However, this type of information is not suitable for visually impaired people. The institute should have provided the residents with a pre-recorded audio message that could be played back if necessary.",not_cyber,High,CCTV of corridor/showers displayed on monitors
752,United Kingdom,7/5/2021,29000,Individuals and Private Associations,Insufficient technical and organisational measures to ensure information security,"The ICO has fined transgender charity Mermaids EUR 29,000 for failing to protect the personal data of its users, in breach of Art. 5 (1) f) UK GPDR and Art. 32 (1), (2) UK GDPR. 
The ICO conducted an investigation after it received a report of a data breach relating to an internal email group.
During the investigation, the ICO found that the group was created with insufficiently secure settings, resulting in approximately 780 pages of confidential emails being viewable online for nearly three years.  This resulted in personal information, such as names and email addresses, of 550 people being online. 
The ICO concludes that Mermaids should have restricted access to its email group and could have considered pseudonymization or encryption to provide additional protection for the personal data. Organizations responsible for personal data must ensure that they take the appropriate technical and organizational measures to ensure the security of personal data.",cyber_nonmalicious,High,"insecure email group, pages viewable online 3 years"
1161,Denmark,5/12/2022,13400,Public Sector and Education,Insufficient technical and organisational measures to ensure information security,"The Danish DPA has imposed a fine of EUR 13,400 on the Danish agency Civilstyrelsen. 

A Civilstyrelsen USB stick containing more than 800 pages of sensitive and confidential information had been lost. During its investigation, the DPA found that the USB stick was not encrypted. In addition, the agency did not have any policies for its employees on the use of removable and portable media.

Moreover, the DPA found that despite being aware of this data breach, the agency had not reported the breach, contrary to its obligation under Art. 33 GDPR. 

The DPA concluded that the agency had not taken appropriate technical and organizational measures to protect personal data. Encryption of removable media, for example, is a necessary and required security measure, especially if the removable media contain sensitive information such as personal data.",cyber_nonmalicious,High,"USB with 800 pages lost, unencrypted"
432,Cyprus,10/22/2020,6000,Public Sector and Education,Insufficient technical and organisational measures to ensure information security,"A police officer had unauthorized access to a database holding personal data about vehicle owners and used the database for non-official purposes to pass information from the database to a third party. In this respect, the organizational and technical measures taken by the police to prevent unauthorized access to the database were insufficient to prevent the unauthorized disclosure of personal data to third parties.",cyber_malicious,Medium,police officer accessed DB and passed to third party - insider
872,Austria,2021,4000000,"Finance, Insurance and Consulting",Insufficient technical and organisational measures to ensure information security,"Original fine summary: The Austrian DPA has imposed a fine of EUR 4,000,000 on a credit institution. The controller had stored an Excel file containing personal data, such as customers' account information, on an internal drive for the purpose of internal administration of bank customers. The file could be accessed and viewed by all branch employees as needed. The Excel file was neither encrypted nor protected by other adequate measures against unauthorized access or unintentional disclosure to third parties. An employee inadvertently sent the Excel list to 234 customers, disclosing the personal data of approximately 5,971 customers. The DPA therefore found that the controller had failed to implement adequate technical and organizational measures to protect personal data.
Update: The fine was reduced from EUR 4,000,000 to EUR 50,000 following a court ruling in 2024.",cyber_nonmalicious,High,Excel accessible to all staff; emailed to 234 customers
2727,Romania,6/26/2025,3000,Industry and Commerce,Insufficient technical and organisational measures to ensure information security,"The Romanian DPA has imposed a fine of EUR 3,000 on SC Tremend Software Consulting SRL. The controller did not implement sufficient technical and organisational measures to ensure information security, resulting in a data breach.",unclear,Medium,vague data breach
2378,Spain,6/10/2024,160000,"Finance, Insurance and Consulting",Insufficient technical and organisational measures to ensure information security,"The Spanish DPA has imposed a fine on ALLIANZ COMPAÑÍA DE SEGUROS Y REASEGUROS, S.A.. A person had filed a complaint with the DPA because their ex-partner had been given unauthorized access to the data subject's insurance documents. The original fine of EUR 200,000 was reduced to EUR 160,000 due to immediate payment.",cyber_nonmalicious,Medium,ex-partner given unauthorized access to docs
3139,Cyprus,8/5/2025,25000,"Finance, Insurance and Consulting",Insufficient technical and organisational measures to ensure information security,"The Cypriot DPA has imposed a fine of EUR 25,000 on the Bank of Cyprus Public Company Limited. The controller failed to implement adequate technical and organisational measures to ensure data security, resulting in a data breach.",unclear,Medium,vague data breach
2690,Romania,2/5/2025,5000,Industry and Commerce,Insufficient technical and organisational measures to ensure information security,"The Romanian DPA has imposed a fine of EUR 5,000 on FARMEC SA. The controller failed to implement sufficient technical and organisational measures to ensure data security, resulting in a data breach.",unclear,Medium,vague data breach
2699,Romania,3/12/2025,5000,Industry and Commerce,Insufficient technical and organisational measures to ensure information security,"The Romanian DPA has imposed a fine of EUR 5,000 on Automobilus International S.R.L. The controller failed to implement sufficient technical and organisational measuresto ensure data security, resulting in a data breach.",unclear,Medium,vague data breach
1895,Romania,6/15/2023,8000,Industry and Commerce,Insufficient technical and organisational measures to ensure information security,"The Romanian DPA has imposed a fine of EUR 8,000 on Artima S.A.. The controller had reported a data breach to the DPA. During its investigation, the DPA found that employees of the controller had accessed the video surveillance system and filmed the monitor containing the recorded images with their cell phones. One of the employees then transmitted the images to a third person, who posted the images on Facebook. The DPA found that the controller had failed to implement adequate technical and organizational measures to protect personal data.",cyber_malicious,Low,"employees filmed CCTV, leaked to media - insider vs not_cyber"
608,Norway,3/15/2021,4900,Public Sector and Education,Insufficient technical and organisational measures to ensure information security,"The Norwegian DPA (Datatilsynet) imposed a fine of EUR 4,900 on the municipality of Ålesund. At two schools in Ålesund, teachers asked students to download the training app Strava for physical education classes. The students were then given tasks that the teachers controlled via the tracking function. According to the Norwegian DPA's investigation, this resulted in data breaches because the municipality failed to provide standard procedures for privacy-compliant app use in schools. For example, a data protection impact assessment was not carried out, although this would have been necessary in view of the potential risk to the students. In addition, adequate technical and organizational security measures had not been implemented to ensure the protection of the processing.",not_cyber,Low,school app / DPIA compliance; borderline
2333,Poland,4/29/2024,56000,Accomodation and Hospitality,Insufficient technical and organisational measures to ensure information security,"The Polish DPA (UODO) has imposed a fine of EUR 56,000 on Res-Gastro M. Gaweł Sp. k. The controller had reported a data breach involving the loss of an unencrypted USB stick by an employee. The data medium contained documents with data such as name, adress, gender, date of birth etc. of another employee. During its investigation, the DPA found that the controller had failed to implement appropriate technical and organizational measures to protect personal data in order to prevent such an incident.",cyber_nonmalicious,High,unencrypted USB lost
3064,Poland,2/10/2026,5220,Individuals and Private Associations,Non-compliance with general data processing principles,"The Polish DPA has imposed a fine of EUR 5,220 on Fundację Lumus. The controller suffered a personal data breach as a result of forwarding a document without prior redaction and failed to adequately notify the DPA. In addition, the controller appointed a member of its board as DPO, who later became its president, thereby giving rise to a conflict of interest. The controller also failed to notify the DPA of the designation of the DPO.",cyber_nonmalicious,Medium,forwarded document without redaction + DPO conflict
36,Hungary,2/28/2019,3200,Public Sector and Education,Insufficient legal basis for data processing,"The fine was imposed on the Mayor’s Office of the city of Kecskemét for unlawful disclosure of the personal information of a whistleblower.NAIH imposed the fine after an employee of an organisation that it supervised reported a public interest complaint directly to it against his employer. After the organisation learned of the complaint, it requested details in order to investigate, and the local government accidentally revealed the complainant's name. The NAIH considered it an aggravating factor that as a result of the data breach, the organisation fired the person who made the report.",cyber_nonmalicious,Medium,accidentally revealed whistleblower name
798,Spain,7/27/2021,3000,Employment,Non-compliance with general data processing principles,"The Spanish DPA (AEPD) has imposed a fine of EUR 3,000 on UST GLOBAL ESPAÑA, S.A.. An employee filed a complaint against the controller with the DPA. UST GLOBAL ESPAÑA, S.A. was acting as a service provider for OpenBank as part of a project. On 08.01.2020, the controller informed OpenBank by email that two new employees (one of them the complainant) would join the project, for which it requested access to the VPN and other applications. This email, which was sent with a copy to both employees, included their first and last names, professional email addresses, and ID card numbers. This way, both gained mutual unauthorized access to their colleague's data. The DPA considered this to be a violation of the principle of integrity and confidentiality.",cyber_nonmalicious,High,email over-disclosed employees data (mutual access)
2260,Poland,3/12/2024,326000,"Finance, Insurance and Consulting",Insufficient fulfilment of data breach notification obligations,"The Polish DPA has fined Santander Bank Polska S.A. EUR 326,000 for failing to report a data breach to the DPA and data subjects in a timely manner.",unclear,Low,failed to report breach; no detail
1908,Poland,5/5/2023,2200,Public Sector and Education,Insufficient technical and organisational measures to ensure information security,"The Polish DPA has imposed a fine of EUR 2,200 on a municipality. The controller had reported a data breach to the DPA. An employee had unauthorizedly copied a document containing personal data from a company computer onto an unauthorized data carrier. During its investigation, the DPA found that the controller had failed to implement appropriate technical and organizational measures to prevent such unauthorized copying and to protect personal data.",cyber_nonmalicious,Low,employee copied doc to USB - insider; which class?
2275,Spain,6/22/2022,1600,"Finance, Insurance and Consulting",Insufficient fulfilment of data breach notification obligations,"The spanish DPA has fined URQUÍA & BAS, CORREDURÍA DE SEGUROS S.L.for failing to report a data breach to the DPA in a timely manner. The original fine of EUR 2,000 was reduced to EUR 1,200 due to voluntary payment and admission of responsibility.",unclear,Low,failed to report breach; no detail
1432,Spain,10/9/2022,64000,"Finance, Insurance and Consulting",Non-compliance with general data processing principles,"The Spanish DPA has imposed a fine on EVERIS SPAIN S.L.. Everis had published information on sold data of users of an insurance company as well as records with personal data of Spanish customers of the insurance company. The DPA considered this a violation of the confidentiality of the data. The DPA also found that the unlawful publication of the data had been possible due to, among other things, a lack of technical and organizational measures to protect personal data at the time of the data breach. The original fine of EUR 80,000 was reduced to EUR 64,000 due to voluntary payment.",cyber_nonmalicious,Medium,unlawful publication of sold data + TOM failure
1393,Romania,9/8/2022,8000,"Media, Telecoms and Broadcasting",Insufficient technical and organisational measures to ensure information security,"The Romanian DPA has fined Realmedia Network SA EUR 8,000. The company had suffered security breaches on a website it operates. This allowed it to leak and access unauthorized data. The data involved included surnames, first names, telephone numbers, e-mail addresses, postal addresses, signatures, copies of ID cards, bank data and information from land register extracts of the data subjects. A total of 194,309 people were affected by the security incident. The DPA found that the company had failed to take adequate technical and organizational measures to ensure a level of data security appropriate to the processing risk.",cyber_malicious,Low,security breaches on website leaked data; attack implied
1696,Ireland,2/27/2023,750000,"Finance, Insurance and Consulting",Insufficient technical and organisational measures to ensure information security,"The Irish DPA has fined Bank of Ireland 365 EUR 750,000. The bank had notified the DPA of 10 data breaches linked to the bank's app. Unauthorized persons had managed to gain access to the app as well as to other individuals' accounts. The DPA determined that this data breach was facilitated due to the bank's failure to implement appropriate technical and organizational measures to protect personal data.",cyber_malicious,Medium,unauthorized persons accessed app and accounts
1158,Italy,4/26/2022,1000,Health Care,Insufficient technical and organisational measures to ensure information security,"The Italian DPA (Garante) has imposed a fine of EUR 1,000 on ASST di Lodi. 

The healthcare facility had reported a data breach to the DPA pursuant to Art. 33 GDPR. A patient had provided two contacts for their medical affairs. The facility had been explicitly authorized to obtain medical information of the patient from these two persons in case of emergency. 
In the context of an important diagnostic examination of the patient, the two authorized contacts were not reachable, so a healthcare facility employee asked a family member they personally knew for the information.  

During its investigation, the DPA found that the healthcare facility processed the data subject's information without the data subject's consent and, therefore, without a valid legal basis. 

In addition, the DPA concluded that the healthcare facility had not taken appropriate technical and organizational measures to protect personal data in order to prevent such incidents.",not_cyber,Medium,processed data without consent (legal basis)
2726,Romania,6/26/2025,3000,Industry and Commerce,Insufficient technical and organisational measures to ensure information security,"The Romanian DPA has imposed a fine of EUR 3,000 on Selgros Cash & Carry SRL. The controller did not implement sufficient technical and organisational measures to ensure information security, resulting in a data breach.",unclear,Medium,vague data breach
1099,Italy,2/10/2022,3500,Health Care,Insufficient legal basis for data processing,"The Italian DPA (Garante) has imposed a fine of EUR 3,500 on Azienda socio sanitaria territoriale Melegnano e della Martesana. The DPA initiated an investigation against the controller after it reported a data breach to the DPA. A patient had mistakenly received medical records and clinical documentation from another patient in his digital medical record.",cyber_nonmalicious,High,patient got another patients records
2851,Spain,8/22/2025,18000,"Media, Telecoms and Broadcasting",Insufficient technical and organisational measures to ensure information security,"The Spanish DPA has imposed a fine of EUR 18,000 on the GRUPO BONATEL SL. The controller suffered a data leak due to insufficient technical and organisational measures to ensure data security. The original fine of EUR 30,000 was reduced to EUR 18,000 due to immediate payment and admission of responsibility by the controller.",unclear,Medium,vague data leak
2771,Austria,6/6/2024,100000,Health Care,Insufficient technical and organisational measures to ensure information security,"The Austrian DPA has imposed a fine of EUR 100,000 on a Covid 19 test lab. The controller failed to implement sufficient technical and organisational measures, resulting in a data breach. Furthermore, the controller refused to inform the data subjects of the breach. The DPA also found that the controller processed certain data without a sufficient legal basis, used a processor without the necessary contract, failed to designate a suitable DPO, and failed to report the designation to the DPA.",unclear,Medium,data breach + compliance; vague
1819,Cyprus,5/2/2023,9000,"Finance, Insurance and Consulting",Insufficient technical and organisational measures to ensure information security,"The Cypriot DPA has imposed a fine of EUR 9,000 on NAGA Markets Europe Ltd. The controller had suffered a data breach in which an unknown person accessed the company's database, holding the data of approximately 342,000 customers. The DPA found that the controller had not implemented appropriate technical and organizational measures to protect personal data, which facilitated such a breach.",cyber_malicious,High,unknown person accessed database of 342k
3198,Poland,4/30/2026,1790,Public Sector and Education,Insufficient fulfilment of data breach notification obligations,"The Polish DPA has imposed a fine of EUR 1,790 on the Mayor of the City and Municipality of Myślenice. The controller suffered a data breach when an unanonymised list of petition supporters was accidentally published due to an employee's error. The controller failed to report the breach to the DPA.",cyber_nonmalicious,High,petition supporters list accidentally published
422,Cyprus,10/19/2020,15000,"Finance, Insurance and Consulting",Insufficient technical and organisational measures to ensure information security,"The data subject made a claim for access to information according to Art. 15 GDPR, which could not be answered, since the insurance contract of the data subject could not be found and has been lost. This constituted a violation of the rights of the data subject under Art. 15 GDPR as well as a violation of the obligations to protect personal data according to Art. 5 (1) f) GDPR and Art. 32 GDPR. In addition, the Data Breach Notification Obligations pursuant to Art. 33 f. GDPR have also been violated, as the data subject was not informed about the security incident in due time.",cyber_nonmalicious,Medium,insurance contract lost
2691,Romania,2/6/2025,3000,"Finance, Insurance and Consulting",Insufficient technical and organisational measures to ensure information security,"The Romanian DPA has imposed a fine of EUR 3,000 on Omniasig Vienna Insurance Group S.A. The controller failed to implement sufficient technical and organisational measures to ensure data security, resulting in a data breach.",unclear,Medium,vague data breach
1069,Poland,12/1/2021,4000,Industry and Commerce,Insufficient cooperation with supervisory authority,Fine for not answering requests for further information of the supervisory authority in due time following a data breach.,not_cyber,High,no answer to DPA (cooperation)
1527,France,12/8/2022,300000,"Media, Telecoms and Broadcasting",Insufficient fulfilment of data subjects rights,"The French DPA has imposed a fine of EUR 300,000 on FREE SAS. 

The DPA had received several complaints from individuals experiencing difficulties in exercising their rights to access and delete their personal data at FREE.   

During its investigation, the DPA found that the company did not process the requests for access and deletion of personal data in a timely manner. 

The DPA also found that the company failed to ensure the security of personal data. For example, the company allowed users to use insecure passwords and user passwords were stored unencrypted in the company's databases. 

Finally, the DPA found that the company had not adequately documented a data breach.",not_cyber,Medium,mainly subject rights; security secondary
273,Sweden,4/29/2020,18700,Public Sector and Education,Insufficient fulfilment of data breach notification obligations,The DPA's decision shows that it took almost five months for the company to notify the data subjects of a data breach and almost three months for the DPA to receive a notification of a data breach concerning an security lack of IT systems of the company.,unclear,Low,late notification of IT-security breach; no detail
1198,Romania,6/3/2022,2000,Industry and Commerce,Insufficient technical and organisational measures to ensure information security,"The Romanian DPA has imposed a fine of EUR 2,000 on Kaufland România SCS. The controller had reported two data breaches to the DPA pursuant to Art. 33 GDPR. 

An employee who processed a complaint had not followed the internal procedure for handling complaints, allowing a security guard to view and misuse the complainant's data. 

In addition, the controller had mistakenly forwarded the data in a customer order form to an unauthorized third party. This led to the disclosure of personal data (first name, last name, e-mail address, telephone number) of the affected Kaufland customer. 

For this reason, the DPA found that the controller had not taken appropriate technical and organizational measures to ensure the protection and security of personal data.",cyber_nonmalicious,Medium,guard viewed complainant data + misforwarded order
2618,Spain,3/30/2025,3500,Industry and Commerce,Insufficient technical and organisational measures to ensure information security,"The Spanish DPA (AEPD) has imposed a fine of EUR 3,500 on MAD COOL FESTIVAL S.L. The controller suffered a data breach due to insufficient technical and organizational measures. The total fine consists of a fine of EUR 2,000 for infringing on Art. 5(1)(f) GDPR, and EUR 1,500 for the violation of Art. 32 GDPR. The total sum can be reduced by 20% (resulting in a fine of EUR 2,800) with timely payment.",unclear,Medium,vague data breach
1424,Italy,7/7/2022,45000,Health Care,Non-compliance with general data processing principles,"The Italian DPA has imposed a fine of EUR 45,000 on Senseonics Inc. The company had reported a data breach to the DPA pursuant to Art. 33 GDPR, involving an employee accidentally sending an information campaign by email to a large number of recipients in an open distribution list. This made it possible for all recipients to view the email addresses of the other recipients.  
The recipients of the e-mails were diabetic patients, making it possible to obtain information about the health status of the data subjects via the e-mails. 

In the course of its investigation, the DPA also identified other privacy violations involving the glucose monitoring system produced by the company. 

By downloading the monitoring app, users were required to accept both the contractual terms of use and the content of the privacy policy with a single ""click."" 

This did not allow them to separately give their consent to the individual processing operations, including the processing of health data.

Further, the DPA found that the company had violated the principles of fairness and transparency by providing users with confusing and sometimes erroneous information regarding the processing of personal data.

In addition, the company failed to designate its representative in the European Union as the contact person for all data protection issues.",cyber_nonmalicious,High,open distribution list to diabetic patients
2375,Romania,6/25/2024,3000,Transportation and Energy,Insufficient technical and organisational measures to ensure information security,"The Romanian DPA has imposed a fine of EUR 3,000 on Rețele Electrice Muntenia SA. A user who logged into their account was able to access the personal data of other customers. During its investigation, the DPA found that the controller had failed to implement appropriate technical and organizational measures to protect personal data.",cyber_nonmalicious,High,logged-in user could access others data
59,Romania,7/2/2019,15000,Accomodation and Hospitality,Insufficient technical and organisational measures to ensure information security,"The breach of data security was that a printed paper list used to check breakfast customers and containing personal data of 46 clients who stayed at the hotel's WORLD TRADE CENTER BUCHAREST SA was photographed by unauthorized people outside the company, which led to the disclosure of the personal data of some clients through online publication. The operator of WORLD TRADE CENTER BUCHAREST SA has been sanctioned because it has not taken steps to ensure that data is not disclosed to unauthorized parties.",cyber_nonmalicious,Low,printed list photographed by outsiders; borderline
555,The Netherlands,2/11/2021,440000,Health Care,Insufficient technical and organisational measures to ensure information security,"The Dutch DPA (AP) imposed a fine of EUR 440,000 on the Amsterdam hospital OLVG. The controller had taken insufficient measures between 2018 and 2020 to prevent access by unauthorized employees to medical records. The controller did not check adequately who had access to which file nor did the controller ensure that the computer system presented sufficient security. This resulted, among others, in working students and other employees being able to access patient files without this being necessary for their work. Besides medical records, the patient files also contained, the social security numbers, addresses and telephone numbers of the data subjects.",cyber_malicious,High,"attackers compromised CCTV cameras, posted images"
2510,Spain,11/22/2024,220000,Employment,Insufficient technical and organisational measures to ensure information security,"The Spanish DPA has fined CARTONAJES BAÑERES, S.A. EUR 220,000. During its investigation, the DPA found that the controller had failed to grant a former employee access to their personal data. The DPA also found that the controller had failed to carry out a data protection impact assessment regarding the operation of a biometric facial recognition system installed to track working hours.",not_cyber,High,subject-access failure + biometric no DPIA
1238,Romania,6/20/2022,1000,Industry and Commerce,Insufficient technical and organisational measures to ensure information security,"The Romanian DPA has imposed a fine of EUR 1,000 on SC Interactions Marketing SRL. The controller had sent advertising messages by e-mail to several people on behalf of another company. One of the recipients had filed a complaint with the DPA due to the fact that the controller had sent the advertising messages in an open distribution list, making the email addresses of all recipients visible to the other recipients.",cyber_nonmalicious,High,advertising emails open distribution list
2314,Romania,5/9/2024,2000,Not assigned,Insufficient technical and organisational measures to ensure information security,"The Romanian DPA has imposed a fine of EUR 2,000 on IRIDEX GROUP SALUBRIZARE SRL. The controller had sent an e-mail to customers without using the blind copy option, revealing the email addresses of all recipients to the other recipients.",cyber_nonmalicious,High,email without BCC
2472,Romania,10/28/2024,5000,"Media, Telecoms and Broadcasting",Insufficient technical and organisational measures to ensure information security,"The Romanian DPA fined Vodafone Romania S.A. EUR 5,000 for sending emails to different recipients without including them in the blind carbon copy (BCC) list. This resulted in the unauthorized disclosure of email addresses to other recipients.",cyber_nonmalicious,High,emails without BCC
1997,Italy,6/1/2023,10000,Health Care,Insufficient technical and organisational measures to ensure information security,"The Italian DPA has imposed a fine of EUR 10,000 on Camedi s.r.l. Medical Center. A person had filed a complaint with the DPA because they had received invoices as well as appointment reminders from another patient with the same name as theirs.",cyber_nonmalicious,High,invoices/reminders from another same-name patient (mix-up)
85,Romania,10/9/2019,20000,"Finance, Insurance and Consulting",Insufficient technical and organisational measures to ensure information security,Raiffeisen Bank Romania carried out scoring assessments on the basis of personal data of individuals registered on the Vreau Credit platform provided by the platform's staff via WhatsApp and then returned the result to Vreau Credit using the same means of communication.,cyber_nonmalicious,Low,scoring data via WhatsApp; borderline not_cyber
213,Italy,1/23/2020,30000,Public Sector and Education,Insufficient technical and organisational measures to ensure information security,"The fine is based on the fact that, according to the data protection authority, the Sapienza Università made available online identification data of two people who had reported possible illegal behaviour to the university. This was due to the lack of adequate technical access control measures within the whisleblowing management system, which had not limited access to such data to authorized personnel only.",cyber_malicious,Medium,police officer accessed vehicle DB and leaked - insider
2266,Greece,4/2/2024,175000,Public Sector and Education,Insufficient technical and organisational measures to ensure information security,"The Hellenic DPA has imposed a fine of EUR 175,000 on the Greek Ministry of Immigration and Asylum. The DPA found that the controller had failed to properly carry out a required data protection impact assessment and had not cooperated properly with the DPA.",not_cyber,High,no DPIA + no cooperation
2766,United Kingdom,6/24/2025,20725,Individuals and Private Associations,Insufficient technical and organisational measures to ensure information security,"The UK DPA has imposed a fine of £ 18,000 (EUR 20,725) on Birthlink. The controller, a scottish registered charity, failed to implement sufficient technical and organisational measures to ensure data security, resulting in the loss of irreplaceable personal records.",cyber_nonmalicious,Medium,loss of irreplaceable records
2879,Greece,6/25/2025,40000,"Media, Telecoms and Broadcasting",Insufficient technical and organisational measures to ensure information security,"The Greek DPA has imposed a fine of EUR 40,000 on KARAMBELAS KONSTANTINOS & CO. E.E. The processor, which was processing data for a telecommunications provider (ETid: 2878), failed to implement sufficient technical and organisational measures to ensure data security. This resulted in multiple SIM cards being registered in a third person's name.",cyber_malicious,Low,SIM fraud via weak measures
2607,Croatia,3/24/2025,3000,Health Care,Insufficient technical and organisational measures to ensure information security,"The Croation DPA (AZOP) has imposed a fine of EUR 3,000 on a hospital. Despite the extensive and high-risk processing of health data, the hospital had not implemented sufficient organizational measures to ensure the security of data processing. Specifically, measures to ensure the confidentiality of health information were lacking, which undermined trust in medical services and patient privacy. The hospital was fined for breaching Art. 13, Art.32, Art. 33, and Art. 34(1) GDPR.",cyber_nonmalicious,Low,insufficient measures for health data; no incident
1462,Italy,10/6/2022,15000,Transportation and Energy,Insufficient technical and organisational measures to ensure information security,"The Italian DPA has fined Servizio Idrico Integrato S.c.p.a. EUR 15,000. The controller had operated a website where personal data was being processed without using an SSL form. The DPA found that the use of an SSL form would have been necessary for the security of the data. It therefore concluded that the controller had failed to implement appropriate technical and organizational measures to protect personal data.",cyber_nonmalicious,Medium,website without SSL
472,Sweden,12/3/2020,390100,Health Care,Insufficient technical and organisational measures to ensure information security,"The Swedish DPA (Integritetsskyddsmyndigheten) fined Karolinska University Hospital of Solna SEK 4,000,000 (EUR 390,100) for failing to implement adequate technical and organizational measures to ensure information security. It was found that there was no risk analysis regarding the access to patient data. Authorizations for users of the hospital information system TakeCare were not assigned according to the principle of minimum access. This gave users full access to confidential patient data that they did not need for work purposes.",cyber_nonmalicious,High,Karolinska no minimum-access patient data
2449,Sweden,8/29/2024,3200000,Health Care,Insufficient technical and organisational measures to ensure information security,"The Swedish DPA has imposed a fine of EUR 3.2 million on Apoteket AB. The controller had used so-called meta pixels on its website which, due to incorrect settings, caused personal data of customers to be transmitted to Meta. The controller had used the tool to improve its marketing on Facebook and Instagram, without intending to transmit the data. During its investigation, the DPA found that the controller had failed to implement appropriate technical and organizational measures to protect personal data in order to avoid such an incident.",cyber_nonmalicious,Medium,meta pixel unintended transfer to Meta
107,The Netherlands,10/31/2019,900000,"Finance, Insurance and Consulting",Insufficient technical and organisational measures to ensure information security,"As the UWV (the Dutch employee insurance service provider - ""Uitvoeringsinstituut Werknemersverzekeringen"") did not use multi-factor authentication when accessing the online employer portal, security was inadequate. Employers and health and safety services were able to collect and display health data from employees in an absence system.",cyber_nonmalicious,High,no MFA on employer portal; health data accessible
789,Spain,8/2/2021,3000,Individuals and Private Associations,Insufficient technical and organisational measures to ensure information security,"The Spanish DPA (AEPD) has imposed a fine of EUR 3,000 on Club Náutico el Estacio. A data subject filed a complaint against the controller with the AEPD. The complaint is based on the fact that the controller has published the announcement and the record of the club's ordinary meeting on its website, disclosing personal data without access restrictions.",cyber_nonmalicious,Low,meeting record on website without access restriction; borderline
158,United Kingdom,12/17/2019,320000,Health Care,Insufficient technical and organisational measures to ensure information security,"The company had stored some 500,000 documents containing names, addresses, dates of birth, NHS numbers and medical information and prescriptions in unsealed containers at the back of the building and failed to protect these documents from the elements, resulting in water damage to the documents.",cyber_nonmalicious,High,500k documents in unsealed containers (physical loss)
2978,France,12/22/2025,1700000,Industry and Commerce,Insufficient technical and organisational measures to ensure information security,"The French DPA has imposed a fine of EUR 1,700,000 on NEXPUBLICA FRANCE. The controller, who was a software developer, created and offered a software package designed to manage user relations in the social action sector. Insufficient technical and organisational measures resulted in a cyber incident affecting the software.",cyber_malicious,Medium,cyber incident affecting software
122,Germany,12/3/2019,105000,Health Care,Insufficient technical and organisational measures to ensure information security,The fine is based on several breaches of the GDPR in connection with a patient mix-up at the admission of the patient. This resulted in incorrect invoicing and revealed structural technical and organisational deficits in the hospital's patient management.,cyber_nonmalicious,Medium,"patient mix-up, incorrect invoicing (integrity)"
1297,Italy,5/26/2022,70000,Health Care,Insufficient technical and organisational measures to ensure information security,"The Italian DPA imposed a fine of EUR 70,000 on the healthcare facility Azienda sanitaria universitaria Friuli Centrale. Employees of the healthcare facility had accessed patients' health data even though they were not involved in the treatment of the patients and such access was not required. During its investigation, the DPA found that the healthcare facility's IT platform allowed any employee to access patients' personal data, even if they did not actually treat certain patients. In addition, the DPA found that the health care facility's IT platform did not install systems that indenfied improper use of the personal data.",cyber_nonmalicious,High,employees accessed patient data not treating (over-broad)
1834,Malta,2022,2500,Not assigned,Insufficient technical and organisational measures to ensure information security,The controller has unlawfully disclosed personal data of a data subject.,unclear,Low,unlawfully disclosed data; one line
233,Iceland,3/10/2020,20600,Health Care,Insufficient technical and organisational measures to ensure information security,"Persónuvernd noted that a former employee of the SAA received boxes of allegedly personal belongings that he had left there, but which also contained patient data, including the health records of 252 former patients and documents with the names of about 3,000 people who had participated in rehabilitation for alcohol and drug abuse.",cyber_nonmalicious,Medium,former employee received boxes with patient data
1336,Germany,2021,,Not assigned,Insufficient technical and organisational measures to ensure information security,"A company had stored telecommunications hardware, a server and backup technology in a guest bathroom. The server cabinet, which did not have an intact lock, also served as a changing table.",cyber_nonmalicious,Medium,"server/backup in guest bathroom, no lock (physical)"
3188,Poland,6/2/2026,23540,Public Sector and Education,Insufficient technical and organisational measures to ensure information security,"The Polish DPA has imposed a fine of EUR 23,500 on the Minister of Justice. The controller failed to implement adequate technical and organisational measures to ensure data security, resulting in persons to obtain personal data of judges which then got published in the so called ""hate scandal"" in which data of judges who expressed unwanted opinions had been published, resulting in those judges becoming targets of defamatory attacks.",cyber_malicious,Low,judges data obtained and published; insider/leak unclear
3099,Croatia,7/2/2025,175000,Industry and Commerce,Insufficient technical and organisational measures to ensure information security,"The Croatian DPA has imposed a fine of EUR 175,000 on a sports betting company. The controller failed to implement sufficient technical and organisational measures to ensure data security. The controller used insecure communication methods like e-mails and HTTP connections. The controller also failed to delete personal data after the retention period expired. Furthermore, the controller intentionally failed to implement backups of personal data in order to reduce costs.",cyber_nonmalicious,Medium,insecure comms/no backups; no specific attack
90,Slovakia,Unknown,,Not assigned,Insufficient technical and organisational measures to ensure information security,Documents containing personal data were disposed of in the area of the municipal garbage dump.,cyber_nonmalicious,Medium,documents in municipal garbage dump (physical)
1937,Sweden,6/30/2023,1000000,"Media, Telecoms and Broadcasting",Insufficient technical and organisational measures to ensure information security,"The Swedish DPA has imposed a fine of EUR 1 million on Tele2 Sverige Aktiebolag. The Austrian organization None of your Business (NOYB) had filed a complaint against the company in light of the Schrems II judgment, stating that the company was unlawfully transferring personal data to the US. The company had used Google Analytics for visitor statistics and based the data processing by the statistics tool on the EU standard contractual clauses, as no adequacy decision had been issued by the EU Commission for the USA. In the course of its investigation, the DPA determined that the use of the standard contractual clauses was not sufficient to guarantee a level of protection equivalent to that of the EU. 
---UPDATE---
Following an appeal to the Administrative Court of Appeal, the court upheld the DPA's decision.",not_cyber,High,unlawful US transfer (Schrems II)
2309,Germany,2023,3600,Health Care,Insufficient technical and organisational measures to ensure information security,A physician's office had disposed of records containing patient data in a public waste disposal site.,cyber_nonmalicious,Medium,physician disposed records in public waste (physical)
807,Italy,6/10/2021,40000,Industry and Commerce,Insufficient technical and organisational measures to ensure information security,"The identity of whistleblowers must be protected by special confidentiality rules, as the information processed is particularly sensitive and the risk of retaliation and discrimination in the work environment is high. In this context, the controller is obliged to comply with the principles of data protection and to ensure the integrity and security of the data. Against this background, the Italian DPA (Garante) fined Aeroporto Guglielmo Marconi di Bologna S.p.a. EUR 40,000 and its software supplier EUR 20,000 for violations of the GDPR. In the course of the DPA's investigation, it was found that the application for collecting and managing criminal reports was accessed without the use of a secure network protocol (e.g., the https protocol) and that the application itself did not provide for encryption of the reporting party's identification data, the information about the report and the attached documents. The DPA considered this to be a violation of the obligation to take technical and organizational measures that ensure a level of security appropriate to the risk to the data subjects. In addition, the DPA found that the controller should have conducted an impact assessment, given the sensitivity of the information processed and the risks and vulnerability of the data subjects.",cyber_nonmalicious,High,whistleblowing app accessed without secure protocol
1798,Spain,4/28/2023,12000,Employment,Insufficient technical and organisational measures to ensure information security,"The Spanish DPA (AEPD) has imposed a fine on ALBERO FORTE COMPOSITE, S.L.. The company had taken pictures of employees at the entrance for the purpose of recording their working hours. However, the company had failed to conduct a data protection impact assessment. The original fine of EUR 20,000 was reduced to EUR 12,000 due to voluntary payment and admission of responsibility.",not_cyber,High,"employee photos for time-tracking, no DPIA (biometric)"
2541,Spain,2/5/2025,1200000,"Media, Telecoms and Broadcasting",Insufficient technical and organisational measures to ensure information security,"The Spanish DPA has imposed a fine of EUR 1,200,000 on ORANGE ESPAGNE, S.A.U.. An individual had filed a complaint with the DPA because the company had given a duplicate of their SIM card to an unauthorized fraudulent third party without their consent. During its investigation, the DPA found that the company failed to verify the identity of the third party or obtain the data subject's consent to share their data. This allowed the fraudsters to gain access to the data subject's bank account.",cyber_malicious,High,SIM duplicate to fraudster
2767,Italy,7/10/2025,80000,"Finance, Insurance and Consulting",Insufficient technical and organisational measures to ensure information security,"The Italian DPA has imposed a fine on Poste Vita S.p.a. The controller failed to implement adequate technical and organisational measures to ensure data security. This resulted in a third party successfully tricking an employee into forwarding sensitive personal data, which was then used against the data subject.",cyber_malicious,High,third party tricked employee (social engineering)
161,Spain,12/10/2019,5000,Industry and Commerce,Insufficient technical and organisational measures to ensure information security,"The company has sent advertising e-mails to several recipients where the e-mail addresses of all other recipients were visible to all recipients, because the recipient addresses were inserted as CC and not as BCC.",cyber_nonmalicious,High,advertising emails CC not BCC
618,Italy,2/11/2021,60000,Public Sector and Education,Insufficient technical and organisational measures to ensure information security,"The Italian DPA (Garante) fined Roma Servizi per La Mobilita S.r.l. EUR 60,000 for failing to take adequate technical and organizational measures regarding the data of citizens who had obtained permits to access restricted traffic areas. The controller was acting as a processor for the city of Rome. As part of this activity, it processed the data of individuals who held permits for restricted traffic areas. The permits were verified by scanning QR codes located on badges affixed to windshields. This allowed city staff to verify in real time whether the particular vehicle was allowed to be in the zone and to whom the permit had been issued. However, according to the DPA, not only city staff, but anyone could scan the codes and access the information, as it only required an ordinary QR scanner. The information stored in the system, included, for example, the name of the user or the license plate number of the vehicle. The DPA notes that the controller did not analyze the risk associated with the data processing and, as a result, did not implement adequate measures to protect the processing.",cyber_nonmalicious,Medium,parcel misdelivered to neighbour; disclosure
119,Spain,11/19/2019,60000,"Media, Telecoms and Broadcasting",Insufficient technical and organisational measures to ensure information security,An individual complainant had received an SMS from Xfera Móviles which was to be addressed to a third party and which allowed him to access the account and personal data of this third party on the Xfera Móviles website via the telephone number and password received by SMS.,cyber_nonmalicious,High,SMS gave access to third party account/creds
509,Poland,12/17/2020,235300,"Finance, Insurance and Consulting",Insufficient technical and organisational measures to ensure information security,"The Polish DPA (UODO) imposed a fine of EUR 235,300 on ID Finance Poland Sp. z o.o. Due to an error while restarting a server, the settings of the software responsible for the server's security were reset, making the personal data of 140 699 customers publicly available. These data contained, for example, information about the first and last name, address, nationality or even marital status of the data subjects. The database located on this server was downloaded and deleted by an unspecified third party, who demanded a fee from the company for the return of the database. The DPA noted that the controller had taken insufficient technical and organizational measures to ensure the protection of the processing, even though there was a high risk for the data subjects due to the nature of the data processed.",cyber_malicious,Low,config error exposed data; third party extorted
1514,Italy,11/10/2022,40000,Health Care,Insufficient technical and organisational measures to ensure information security,"The Italian DPA has fined Azienda Usl Valle d'Aosta EUR 40,000. An employee and patient of the health department had filed a complaint with the DPA because a colleague who had never treated them had repeatedly accessed their medical file, despite the fact that they had explicitly refused their consent to the data processing.

During its investigation, the DPA found that, in order to simplify patient management during the Covid 19 pandemic, the health department had simplified the medical record system. As a result, patient medical records were accessible to any employee, whether or not the affected patient had consented to it.

The DPA considered this a violation of the obligation to implement appropriate technical and organizational measures to protect personal data.",cyber_nonmalicious,High,colleague repeatedly accessed medical file (over-broad)
2442,Germany,2024,,Not assigned,Insufficient technical and organisational measures to ensure information security,The DPA of Hamburg has imposed a fine on a company due to technical security vulnerabilities in its support ticket systems.,cyber_nonmalicious,Low,security vulnerabilities in ticket system; no incident
2181,Poland,4/20/2023,5400,Public Sector and Education,Insufficient technical and organisational measures to ensure information security,"The Polish DPA has imposed a fine of EUR 5,400 on a disciplinary officer of the Polish Bar Association after an unencrypted USB stick containing personal data was lost.",cyber_nonmalicious,High,unencrypted USB lost
2997,Romania,1/19/2026,15000,Industry and Commerce,Insufficient technical and organisational measures to ensure information security,"The Romanian DPA has imposed a fine of EUR 15,000 on Continental Automotive Products SRL. The controller failed to implement adequate technical and organisational measures, resulting in a cyber incident.",cyber_malicious,Medium,cyber incident
2280,Germany,2023,75000,Employment,Insufficient technical and organisational measures to ensure information security,"The DPA of Hamburg imposed a fine of EUR 75,000 on a company. An employee had lodged a complaint with the DPA due to the fact that they had to report their sickness-related absences by e-mail in an e-mail distribution list with 25 colleagues and superiors, although the internal company guideline stipulated that the sickness report only had to be submitted to the manager of the respective department. In addition, their manager had sent an email to a e-mail distribution list with several recipients listing all their sick days. During its investigation, the DPA found that such extensive disclosure was not necessary and therefore unlawful.",cyber_nonmalicious,Medium,sick-day reports via email distribution list (over-disclosure)
306,Germany,6/30/2020,1240000,"Finance, Insurance and Consulting",Insufficient technical and organisational measures to ensure information security,"From 2015 to 2019, AOK Baden-Württemberg (insurance organization) organized competitions on various occasions and collected personal data of the participants, including their contact details and health insurance affiliation. The AOK also wanted to use this data for advertising purposes, provided the participants had given their consent. With the help of technical and organizational measures, including internal guidelines and data protection training, the AOK wanted to ensure that only data of those contest participants who had previously given their effective consent would be used for advertising purposes. However, the measures defined by the AOK did not meet the legal requirements. As a result, the personal data of more than 500 lottery participants were used for advertising purposes without their consent. Immediately after this became known, the AOK Baden-Württemberg stopped all marketing measures in order to thoroughly examine all processes.",cyber_nonmalicious,High,AOK contest data used for marketing w/o consent
470,Sweden,12/3/2020,243800,Health Care,Insufficient technical and organisational measures to ensure information security,"The Swedish DPA (Integritetsskyddsmyndigheten) fined Västerbotten Region SEK 2,500,000 (EUR 243,800) for failing to implement adequate technical and organizational measures to ensure information security. It was found that there was no risk analysis regarding the access to patient data. Authorizations for users of the medical record system NCS Cross were not assigned according to the principle of minimum access. This gave users full access to confidential patient data that they did not need for work purposes.",cyber_nonmalicious,High,Vasterbotten no minimum-access patient data
109,Slovakia,Unknown,50000,Health Care,Insufficient technical and organisational measures to ensure information security,"Applications for social benefits from Slovak citizens were sent by post to foreign authorities. These were lost by post, with the result that the whereabouts of these personal data could not be clarified.",cyber_nonmalicious,High,benefit applications lost by post
471,Sweden,12/3/2020,341300,Health Care,Insufficient technical and organisational measures to ensure information security,"The Swedish DPA (Integritetsskyddsmyndigheten) fined Sahlgrenska University Hospital SEK 3,500,000 (EUR 341,300) for failing to implement adequate technical and organizational measures to ensure information security. It was found that there was no risk analysis regarding the access to patient data. Authorizations for users of the hospital information systems Melior and Nationell patientöversikt were not assigned according to the principle of minimum access. This gave users full access to confidential patient data that they did not need for work purposes. In addition, the Melior hospital information system did not keep records of when and for what purpose patient data was accessed.",cyber_nonmalicious,High,Sahlgrenska no minimum-access patient data
2516,Italy,11/13/2024,678897,Transportation and Energy,Insufficient technical and organisational measures to ensure information security,"The Italian DPA has imposed a fine of EUR 678,897 on the energy company Illumia Spa for unlawfully processing personal data for marketing purposes.
The fine follows complaints from users who received unwanted advertising calls from call centers working on behalf of Illumia. The DPA found that the company had not carried out sufficient controls along the entire telemarketing supply chain. Among other things, advertising calls were made without a legal basis, and necessary technical and organizational measures were only implemented after a delay.",not_cyber,High,telemarketing without consent
2458,Norway,9/4/2024,12700,Public Sector and Education,Insufficient technical and organisational measures to ensure information security,"The Norwegian DPA has fined the University of Agder (UiA) EUR 12,700. An employee of UiA had discovered that documents containing personal data of employees, students and external individuals were stored in open Microsoft Teams foldersand that employees with no business need were able to access them. During its investigation, the DPA found that UiA had failed to implement appropriate technical and organisational measures to protect personal data.",cyber_nonmalicious,High,documents in open Teams folders (over-broad access)
2183,The Netherlands,1/15/2024,150000,"Finance, Insurance and Consulting",Insufficient technical and organisational measures to ensure information security,"The Dutch DPA has imposed a fine of EUR 150,000 on International Card Services B.V. (ICS). ICS failed to carry out a data protection impact assessment before starting the digital identification of customers in the Netherlands in 2019. The identity check covered around 1.5 million people and involved sensitive personal data such as pictures of the data subjects.",not_cyber,High,no DPIA before digital ID
268,Bulgaria,2/20/2020,2560,Industry and Commerce,Insufficient technical and organisational measures to ensure information security,"The fine of ca. EUR 2,557 was imposed on T.K. EOOD for unlawful processing of personal data of data subject I.S. by failure to adopt technical and organizational measures to ensure the information security. T.K. EOOD processed the personal data of I.S. unlawfully nine times in duration of five months. The breaches caused damages to the data subject.",not_cyber,Low,unlawful processing + measures; mixed
1743,Germany,2022,1000,Health Care,Insufficient technical and organisational measures to ensure information security,A physician's office had disposed of records of positive and negative Covid-19 Antigen Rapid test results from patients in a public waste disposal site.,cyber_nonmalicious,Medium,Covid test results in public waste (physical)
593,Spain,3/10/2021,90000,"Media, Telecoms and Broadcasting",Insufficient technical and organisational measures to ensure information security,"The Spanish DPA (AEPD) imposed a fine of EUR 150,000 on Xfera Móviles S.A.. The DPA had received two complaints from a data subject. 
The first complaint concerned the sending of advertising SMS messages that the data subject received from the controller, although he had objected to this and requested that his data be deleted. According to the data subject, he received over 60 SMS messages within 30 days.
The second complaint was filed by the data subject because the controller repeatedly sent him messages containing confidential data of a third party. This concerned the login information of another customer to a company platform. On the portal, it was possible to view personal information as well as invoices, among other things. Although the data subject had informed the company of this, the incorrect mailing did not end. 
The original fine of EUR 150,000 was reduced to EUR 90,000 due to immediate payment and admission of guilt.",cyber_nonmalicious,Medium,mixed: unsolicited SMS + misdirected creds
363,Denmark,8/4/2020,20100,Real Estate,Insufficient technical and organisational measures to ensure information security,"The company had distributed USB sticks to tenants in the context of a sale of real estate, which contained not only non-personal information on the real estate objects in question but also personal data of other persons such as lease agreements and other documents containing confidential personal data.",cyber_nonmalicious,High,USB sticks to tenants held others data
2730,Poland,6/30/2025,15600,Health Care,Insufficient technical and organisational measures to ensure information security,"The Polish DPA has imposed a fine of EUR 15,600 on the L. Zamenhof University Children's Clinical Hospital in Białystok. The controller did not implement sufficient technical and organisational measures to ensure information security, resulting in a ramsomeware attack on its IT systems.",cyber_malicious,High,ransomware attack
883,United Kingdom,10/18/2021,11800,Individuals and Private Associations,Insufficient technical and organisational measures to ensure information security,"The British DPA (ICO) has imposed a fine of EUR 11,800 on the non-profit organization HIV Scotland. The controller had sent an e-mail to 105 people, with e-mail addresses on the mailing list visible to all recipients. In the case of 65 of the e-mail addresses, persons could be identified by name. It was possible to draw conclusions about the individuals' HIV status or risk based on the personal data provided.The DPA found that the organization had failed to implement appropriate technical and organizational measures to ensure a level of security appropriate to the risk. For example, the organization had conducted inadequate employee training and used improper methods for sending bulk e-mails via blind copy (bcc).",cyber_nonmalicious,High,email addresses visible to all (no BCC); HIV inference
1614,Italy,10/20/2022,9000,Health Care,Insufficient technical and organisational measures to ensure information security,"The Italian DPA has imposed a fine of EUR 9,000 on Azienda Ospedaliero-Universitaria Careggi di Firenze. The controller had mistakenly sent a patient medical record to the wrong patient. The DPA found that the healthcare facility had not taken sufficient technical and organizational measures to protect personal data, which allowed such an incident to occur.",cyber_nonmalicious,High,medical record to wrong patient
1346,Germany,2021,,Health Care,Insufficient technical and organisational measures to ensure information security,A physician had stored patient records in an open carport and not in a locked room.,cyber_nonmalicious,Medium,patient records in open carport (physical)
420,Romania,10/15/2020,3000,Industry and Commerce,Insufficient technical and organisational measures to ensure information security,Disclosure of personal data of customers on the companies website due to inadequate technical and organisational measures to ensure information security.,cyber_nonmalicious,Low,disclosure on website; vague
830,Cyprus,9/6/2021,40000,Individuals and Private Associations,Insufficient technical and organisational measures to ensure information security,"The Cypriot DPA has imposed a fine of EUR 40,000 on the soccer club APOEL FC. Due to a lack of security measures in the club's ticket sales system, it was possible for an unauthorized person to access and disclose personal data of fans on the club's website. This data involved the name, the fan card number and the ID number of the data subjects. The DPA concluded that the club failed to implement adequate technical and organizational security measures. In separate proceedings, the DPA fined AC Omonia and Hellenic Technical Enterprises Ltd. for the same violations.",cyber_nonmalicious,Medium,ticket-system flaw exposed fan data
2137,Sweden,11/28/2023,26500,Public Sector and Education,Insufficient technical and organisational measures to ensure information security,"The Swedish DPA has imposed a fine of EUR 26,500 on the Östersund Municipality's Department for Children and Education. The authority had failed to carry out a data protection impact assessment before introducing the digital school platform Google Workspace in 24 schools in the municipality.",not_cyber,High,no DPIA before Google Workspace
3152,Italy,3/12/2026,2000,Public Sector and Education,Insufficient technical and organisational measures to ensure information security,"The Italian DPA has imposed a fine of EUR 2,000 on the Liceo Scientifico Morgagni di Roma. During a 'sex-affective education meeting', the controller handed out divided A4 sheets to students. The sheets had previously been used for other purposes and contained specific information regarding the disabilities of students, along with their full names.",cyber_nonmalicious,Medium,reused sheets disclosed disability data (accidental)
1338,Germany,2021,,Not assigned,Insufficient technical and organisational measures to ensure information security,The camera images of a store were distributed without the knowledge and intention of the controller due to a faulty configuration. The distribution involved recordings of employees as well as customers.,cyber_nonmalicious,High,camera images distributed via faulty config
2780,Ireland,11/22/2024,40000,Public Sector and Education,Insufficient technical and organisational measures to ensure information security,"The Irish DPA has imposed a fine of EUR 40,000 on Maynooth University. The controller failed to implement adequate technical and organisational measures, resulting in an unauthorised third party gaining access to multiple employees' email accounts, which the third party then used for fraudulent purposes.",cyber_malicious,High,unauthorized third party accessed accounts for fraud
1745,Germany,2022,2700,Health Care,Insufficient technical and organisational measures to ensure information security,"The DPA of Hamburg has imposed a fine of EUR 2,700 on a Covid-19 test center. The test center had send the data subjects an unencrypted e-mail containing a URL that allowed them to access the test result without taking any further security measures. In some cases, the download link was structured in a way that led to the download of a PDF file with the file name corresponding to the last name of the person tested. With knowledge of the directory path, it was therefore possible to view third-party test results.",cyber_nonmalicious,High,unencrypted email + directory-traversal to others results
1045,Germany,2020,,Industry and Commerce,Insufficient technical and organisational measures to ensure information security,"The DPA from Hamburg has issued a fine against a company that operates an online marketplace, especially for worn underwear. The company advertises that it guarantees one hundred percent anonymity. On the platform, users can upload photos of underwear. In most cases, smartphones or other mobile devices were used to take the photos. The camera apps of the smartphones or GPS modules of the cameras often store additional information in the image file alongside the actual image as a standard setting. Based on this data, a fairly precise localization is possible. A review by the DPA revealed that the company had not cleaned up the residual information or metadata in the uploaded photos. Consequently, the data could be entered into any map service and the exact location where the photo was taken could be determined. The number of data subjects involved was approximately around 760 women between the ages of 18 and 50. For this reason, the DPA found that the company had failed to take appropriate technical and organizational measures to ensure a level of security appropriate to the risk posed to the data subjects. In addition, the DPA concluded that the company had unlawfully processed the associated data by uploading the photos without cleaning them.",cyber_nonmalicious,Medium,photos with geolocation metadata not stripped
2201,Spain,7/28/2023,2500000,"Finance, Insurance and Consulting",Insufficient technical and organisational measures to ensure information security,"The Spanish DPA has fined Open Bank, S.A. EUR 2,5 million. A data subject had filed a complaint with the DPA after being asked to provide proof of origin for payments on their account to ensure compliance with anti-money laundering regulations. However, the controller did not provide a secure mechanism for submitting this information, but requested the data subject to submit the documents by email. The DPA therefore found that the controller had failed to take appropriate technical and organizational measures to protect personal data, which would have been necessary given the sensitivity of the data concerned.",cyber_nonmalicious,Medium,requested AML docs via insecure email
490,France,12/17/2020,3000,Health Care,Insufficient technical and organisational measures to ensure information security,"The French DPA (CNIL) fined a doctor EUR 3,000 for violations of Art. 32 GDPR and Art. 33 GDPR. The controller had stored medical image data as MRI and X-ray images as well as personal data such as the names, dates of birth and treatment data of his patients on his computer. The controller had not taken appropriate technical measures to ensure the security of the data, and as a consequence, access to his patients' data was possible for anyone without access protection. The data protection authority notes that the data had been exposed for about four months.",cyber_nonmalicious,High,patient data accessible without protection
1119,The Netherlands,2/24/2022,565000,Public Sector and Education,Insufficient technical and organisational measures to ensure information security,"The Dutch DPA has imposed a fine of EUR 565,000 on the Dutch Foreign Ministry.
As part of its investigation, the DPA found that the National Visa Information System (NVIS) suffered from significant security deficiencies. 

This is particularly serious as the Foreign Ministry has processed an average of 530,000 visa applications per year over the last three years and the personal data processed in the course of the applications was therefore inadequately secured.

The data included sensitive information such as fingerprints, name, address, place of residence, country of birth, purpose of travel and nationality. 

Due to the inadequate security measures, it would have been possible for unauthorized persons to access the data. 

According to DPA, the Foreign Ministry had been aware of the security flaws in the visa system for some time. Despite this knowledge, the Ministry did not adjust the security measures in time. For this reason, the DPA finds that the Ministry acted with gross negligence. 

The DPA also found that the Foreign Ministry did not adequately inform individuals who applied for visas that their personal information would be shared with other parties.",cyber_nonmalicious,High,NVIS security deficiencies; data accessible
1872,Spain,6/7/2023,84000,Transportation and Energy,Insufficient technical and organisational measures to ensure information security,"The Spanish DPA has imposed a fine on UNITED PARCEL SERVICE ESPAÑA LTD. Y CIA SRC a fine. A person had filed a complaint against the controller because a package addressed to them was delivered to a store and not to their home without their consent, resulting in their postal address and telephone number being disclosed to third parties. The DPA considered this to be a violation of Art. 5 (1) f) GDPR and Art. 32 GDPR. The original fine of EUR 140,000 was reduced to EUR 84,000 due to voluntary payment and admission of guilt.",cyber_nonmalicious,Medium,parcel misdelivered; address disclosed
473,Sweden,12/3/2020,2900000,Health Care,Insufficient technical and organisational measures to ensure information security,"The Swedish DPA (Integritetsskyddsmyndigheten) fined Capio St. Göran AB SEK 30,000,000 (EUR 2,900,000) for failing to implement adequate technical and organizational measures to ensure information security. It was found that there was no risk analysis regarding the access to patient data. Authorizations for users of the hospital information systems Cosmic, Nationell patientöversikt and TakeCare were not assigned according to the principle of minimum access. This gave users full access to confidential patient data that they did not need for work purposes.",cyber_nonmalicious,High,Capio no minimum-access patient data
1623,Cyprus,2022,5000,Transportation and Energy,Insufficient technical and organisational measures to ensure information security,"The Cypriot DPA has imposed a fine of EUR 17,000 on Bank of Cyprus Public Company Ltd. In the context of a sale of credit facilities, the bank had inadvertently transferred data of customers whose credit facilities had not been sold to the buyer. The incidents affected approximately 11,673 records and 5,500 individuals. The DPA found that the bank had failed to implement sufficient technical and organizational measures to protect personal data.",cyber_nonmalicious,High,over-transfer of non-sold customer data
1048,Germany,2020,50100,Accomodation and Hospitality,Insufficient technical and organisational measures to ensure information security,"In order to combat the Covid 19 pandemic, a restaurant had put out an open list in which visitors had to enter their contact data. The fact that the list was openly displayed would have made it possible for unauthorized third parties to gain access to the data.",cyber_nonmalicious,Medium,open Covid contact list exposed data
1163,Romania,5/12/2022,1000,Industry and Commerce,Insufficient technical and organisational measures to ensure information security,"The Romanian DPA has imposed a fine of EUR 1,000 on the gas station operator LORIS FUEL SHOP SRL.  

A person had filed a complaint with the DPA because pictures of him were published on Facebook. The images originated from a video surveillance system installed in one of the controller's gas stations.

During its investigation, the DPA found that the controller had not taken sufficient technical and organizational measures to ensure the confidentiality of the personal data generated through the CCTV system installed in the gas stations. This resulted in unauthorized third parties filming the images from the video cameras and subsequently publishing them on social networks.",cyber_malicious,Low,CCTV feed filmed by third parties & published; borderline
3108,Slovenia,1/20/2026,4850,Not assigned,Insufficient technical and organisational measures to ensure information security,"The Slovenian DPA has imposed a fine of EUR 4,850 on a unkonwn company and a responsible person within the company. The controller operated a testenfiroment accesseble with a publicly availble username and password in which real personal data and not testdata had been processed. The fine had been split up into a fine in the amount of EUR 4,650 for the company and EUR 200 for the employee responsible.",cyber_nonmalicious,High,"test env with public credentials, real data (exposure)"
1106,Denmark,3/25/2022,6700,Health Care,Insufficient technical and organisational measures to ensure information security,"The Danish DPA has imposed a fine of EUR 6,700 on the Danish National Genome Center. 
The center had conducted a data protection impact assessment that revealed circumstances that could pose a high risk to the rights of data subjects.  

The DPA imposed the fine because the center had processed personal data without first consulting the DPA, even though the impact assessment had revealed a high risk to data subjects. The center has complied with all the DPA's requests and has shown good cooperation with the authority.",not_cyber,Medium,teacher reused parent emails (purpose limitation)
3070,Romania,3/23/2026,4000,"Finance, Insurance and Consulting",Insufficient technical and organisational measures to ensure information security,"The Romanian DPA has imposed a fine of EUR 4,000 on ING Bank NV Amsterdam – Sucursala București S.A. The controller failed to implement adequate technical and organisational measures to ensure data security. This resulted in an employee handing bank account statements to an unauthorised third party.",cyber_nonmalicious,Medium,employee handed statements to unauthorized third party
639,Czech Republic,2020,387,Health Care,Insufficient technical and organisational measures to ensure information security,"The Czech DPA (UOOU) conducted an investigation against the operator of a non-governmental medical facility following a security breach. The operator offers a range of diagnostic tests to patients. The results of the tests are subsequently communicated on its website to both patients and physicians who recommended the tests. The reported security breach involved an attack on the operator's website by an unknown individual. Following this incident, the operator stopped operating the website in question and proposed technical measures to increase security. However, the DPA still found that other websites operated by the same operator had the same shortcomings. Yet, the operator did not restrict their operation nor did it take any new technical measures. As a consequence, the UOOU imposed a fine of EUR 387.",cyber_malicious,High,attack on website by unknown individual
210,Spain,2/14/2020,42000,"Media, Telecoms and Broadcasting",Insufficient technical and organisational measures to ensure information security,The complainant had access to third party data in his personal Vodafone profile.,cyber_nonmalicious,Medium,complainant saw third party data in profile
2103,Sweden,11/7/2023,43000,"Finance, Insurance and Consulting",Insufficient technical and organisational measures to ensure information security,"The Swedish DPA has imposed a fine of EUR 43,000 on Indecap AB. 

The controller had accidentally sent an email to a large number of its customers containing an Excel document including a report with personal data of other customers. The document cotained information on social security numbers, e-mail addresses, information on selected funds, etc. of more than 52,000 individuals. 

During its investigation, the DPA found that the controller had failed to implement appropriate technical and organizational measures to protect personal data, allowing such an incident to occur.",cyber_nonmalicious,High,email with Excel of 52k others data
580,Cyprus,3/3/2021,6000,Real Estate,Insufficient technical and organisational measures to ensure information security,"The Cypriot DPA imposed a fine of EUR 6,000 against KEPIDES (real estate company). The controller had submitted a list of buyers of the properties it manages to a parliamentary committee. However, the controller had failed to anonymize the list, as a result of which the names of the data subjects were transmitted.",cyber_nonmalicious,Low,buyer list not anonymized; borderline
1068,Italy,1/13/2022,14000,Health Care,Insufficient technical and organisational measures to ensure information security,"The Italian DPA has imposed a fine of EUR 14,000 on Azienda sanitaria unica regionale Marche. The DPA launched an investigation against the health department following media reports of deficiencies in the system used to collect and manage Covid 19 screening data. The health department used an app that generated QR codes for people who were tested for Covid-19.  The QR code was generated based on a progressive criterion rather than on a random basis. Thus, each person was assigned a number. Because of this, it would have been possible for unauthorized persons to change a digit and gain access to another person's profile and thus personal data. The DPA found that the health authority failed to implement adequate technical and organizational measures to ensure a level of security appropriate to the risk to the data subjects.",cyber_nonmalicious,High,sequential QR codes let access to others data
57,Romania,6/27/2019,130000,"Finance, Insurance and Consulting",Insufficient technical and organisational measures to ensure information security,"The fine was issued as a result of the failure to implement appropriate technical and organisational measures (related to (1) the determination of the processing means/operations, and (2) the integration the necessary safeguards) resulting in the online-disclosure of IDs and addresses (interla/external transactions) of 337,042 data subjects to their respective beneficiary (between 25.05.2018 -10.12.2018).",cyber_nonmalicious,Low,online disclosure of IDs/addresses; mechanism vague
392,Poland,9/8/2020,11200,Public Sector and Education,Insufficient technical and organisational measures to ensure information security,Theft of a private notebook belonging to a university employee who also used this device for business purposes and on which personal data of candidates for study at SGGW was contained for recruitment activities.,cyber_malicious,Low,notebook stolen - physical theft
1421,Spain,10/4/2022,6000,Individuals and Private Associations,Insufficient technical and organisational measures to ensure information security,"The Spanish DPA (AEPD) has imposed a fine of EUR 6,000 on Club Náutico el Estacio. A data subject filed a complaint against the controller with the AEPD. The complaint is based on the fact that the controller has published the announcement and the record of the club's ordinary meeting on its website, disclosing personal data without access restrictions.",cyber_nonmalicious,Low,meeting record on website without restriction; borderline
1836,Malta,2020,5000,Not assigned,Insufficient technical and organisational measures to ensure information security,The controller has unlawfully disclosed personal data of a data subject.,unclear,Low,unlawfully disclosed data; one line
1920,Italy,5/17/2023,10000,Health Care,Insufficient technical and organisational measures to ensure information security,"The Italian DPA has imposed a fine of EUR 10,000 on Azienda ULSS 6 Euganea. The controller had mistakenly sent documents containing personal data to the wrong patients. The DPA found that the healthcare facility had not taken sufficient technical and organizational measures to protect personal data, which allowed such an incident to occur.",cyber_nonmalicious,High,documents to wrong patients
467,Sweden,12/3/2020,1168000,Health Care,Insufficient technical and organisational measures to ensure information security,"The Swedish DPA (Integritetsskyddsmyndigheten) fined Aleris Sjukvård AB SEK 12,000,000 (EUR 1,168,000) for failing to implement adequate technical and organizational measures to ensure information security. It was found that there was no risk analysis regarding the access to patient data. Authorizations for users of the hospital information system Nationell patientöversikt (NPÖ) were not assigned according to the principle of minimum access. This gave users full access to confidential patient data that they did not need for work purposes.",cyber_nonmalicious,High,Aleris no minimum-access patient data
2315,Romania,5/9/2024,1000,Health Care,Insufficient technical and organisational measures to ensure information security,"The Romanian DPA has imposed a fine of EUR 1,000 on MEDICOVER SRL. The healthcare facility had mistakenly forwarded a patient file to the wrong patient.",cyber_nonmalicious,High,patient file to wrong patient
617,Italy,2/11/2021,350000,Public Sector and Education,Insufficient technical and organisational measures to ensure information security,"The Italian DPA (Garante) fined the city of Rome EUR 350,000 for failing to take adequate technical and organizational measures regarding the data of citizens who had obtained permits to access restricted traffic areas. The permits were verified by scanning QR codes located on badges affixed to windshields. This allowed city staff to verify in real time whether the particular vehicle was allowed to be in the zone and to whom the permit had been issued. However, according to the DPA, not only city staff, but anyone could scan the codes and access the information, as it only required an ordinary QR scanner. The information stored in the system, included, for example, the name of the user or the license plate number of the vehicle. In addition, the DPA found that the city of Rome had used the services of a provider for the hosting and maintenance of databases without a proper agreement as required by Art. 28 GDPR.",cyber_nonmalicious,High,anyone could scan QR codes to access data
2626,Spain,4/22/2025,12000,Industry and Commerce,Insufficient technical and organisational measures to ensure information security,"The Spanish DPA imposed a fine on NOVATES ALIMENTACIÓN MADRID, S.L. The controller used surveillance cameras without implementing the necessary technical and organizational measures to ensure data security. The original fine of EUR 20,000 was reduced to EUR 12,000 due to immediate payment and admission of responsibility by the controller.",not_cyber,Low,CCTV without measures (no incident)
2990,Spain,12/22/2025,500000,Transportation and Energy,Insufficient technical and organisational measures to ensure information security,"The Spanish DPA has imposed a fine of EUR 500,000 on CURENERGÍA COMERCIALIZADOR DE ÚLTIMO RECURSO S.A.U. The controller used a communication tool that was not designed in accordance with the privacy-by-design principle. This resulted in an unaffiliated third party receiving messages containing personal data intended for another customer.",cyber_nonmalicious,High,comms tool not privacy-by-design; misdirected
215,Spain,2/28/2020,48000,"Media, Telecoms and Broadcasting",Insufficient technical and organisational measures to ensure information security,"The decision was taken due to several deficiencies in information security. For example, two people were given the same security access key.",cyber_nonmalicious,Medium,two people given same access key
95,Slovakia,Unknown,40000,"Media, Telecoms and Broadcasting",Insufficient technical and organisational measures to ensure information security,"The controller did not take adequate security measures when processing personal data, thereby breaching the obligation to protect the processed personal data.",unclear,Low,no adequate measures; no detail
235,Norway,2/26/2020,,Public Sector and Education,Insufficient technical and organisational measures to ensure information security,"On February 26, 2020, the Norwegian DPA (Datatilsynet) announced that it intents to fine Rælingen Municipality EUR 73,600  for violations of Art. 5 (1) f) GDPR and Art. 32 GDPR . This fine has been imposed in the meantime, see details at https://www.enforcementtracker.com/ETid-333.",unclear,Low,Ralingen notice (superseded); vague
206,Spain,2/14/2020,2500,Real Estate,Insufficient technical and organisational measures to ensure information security,The controller had disclosed personal data to a third party in a property purchase agreement (breach of principles of integrity and confidentiality of personal data),cyber_nonmalicious,Low,disclosed data to third party in purchase agreement
299,Spain,6/9/2020,2000,"Finance, Insurance and Consulting",Insufficient technical and organisational measures to ensure information security,"In the course of proceedings, an attorney submitted documents whose backs contained personal data of other parties.",cyber_nonmalicious,Medium,reused paper backs disclosed others data
1101,Italy,2/10/2022,10000,Public Sector and Education,Insufficient technical and organisational measures to ensure information security,"The Italian DPA has imposed a fine of EUR 10,000 on Scanshare S.r.l.. That fine is related to a fine imposed on the Region of Tuscany.  
The region stated that it had inadvertently published personal data of 3,548 applicants for administrative assistant positions. The data concerned information that applicants had provided as part of a pre-selection test for application. Scanshare had been entrusted with organizing the pre-selection test. Due to an error on the part of Scanshare, a URL was erroneously published through which the personal data and the results of the test could be viewed.",cyber_nonmalicious,High,erroneously published URL with applicant data
134,Spain,2019,30000,"Media, Telecoms and Broadcasting",Insufficient technical and organisational measures to ensure information security,Disclosure of customer personal data (i.a. purchase history) via an SMS to another customer. The initial fine of EUR 50.000 was reduced to EUR 30.000.,cyber_nonmalicious,High,customer data via SMS to another customer
1337,Germany,2021,,Not assigned,Insufficient technical and organisational measures to ensure information security,"Live video surveillance which was accessible via the Internet and, due to a lack of sufficient pixelation or redaction, allowed persons to be recognized.",cyber_nonmalicious,Medium,"live CCTV accessible via internet, no pixelation (exposure)"
686,Italy,4/15/2021,40000,Public Sector and Education,Insufficient technical and organisational measures to ensure information security,"The Italian DPA (Garante) has imposed a fine of EUR 40,000 on the municipality of Palermo. A data subject had filed a complaint with the Italian DPA against the municipality of Palermo. His complaint was based on the fact that his personal data from a food subsidy application he had submitted had been acquired by an unauthorized person and processed for his own purposes. As the DPA determined in the course of its investigations, such processing had occurred because the municipality had not implemented adequate technical and organizational measures to ensure the security and confidentiality of the processing.",cyber_nonmalicious,Low,food-subsidy data acquired by unauthorized person; vague
2159,Romania,12/11/2023,3000,Industry and Commerce,Insufficient technical and organisational measures to ensure information security,"The Romanian DPA has imposed a fine of EUR 3,000 on Veranda Obor S.A.. The controller had disclosed personal data (e.g. name, e-mail adress etc.) of lottery participants on its website.",cyber_nonmalicious,Low,disclosed lottery participants data on website; borderline
3170,Hungary,5/20/2026,1400,Health Care,Insufficient technical and organisational measures to ensure information security,"The Hungarian DPA has imposed a fine of EUR 1,400 on  Elektronikus Egészségügyi Szolgáltatási Tér. The controller, an electronic health record provider, failed to prevent a former general practitioner from continuing to access the health data in 47 cases. The controller also failed to respond to a data access request from the data subject.",cyber_nonmalicious,Medium,former GP retained access to health data
341,Spain,7/10/2020,5000,Transportation and Energy,Insufficient technical and organisational measures to ensure information security,"The fine was preceded by an employee's access to health data of a person concerned. In the course of its investigations, the Data Protection Authority found that Global Business Travel Spain, as data controller, had infringed Article 32(2) and (4) of the GDPR by failing to take adequate technical and organisational measures to protect the data from unauthorised disclosure.",cyber_nonmalicious,Medium,employee accessed & disclosed health data
3010,Slovenia,12/4/2025,1300,Not assigned,Insufficient technical and organisational measures to ensure information security,"The Slovenian DPA has imposed a fine of EUR 1,300 on a legal entity. An employee of the controller stored personal data on her work laptop without securing it, for example by encrypting it, and took the laptop outside of the secured workspace, thereby allowing third parties to gain access to the data. The entity was fined EUR 1,000, and the person responsible was fined EUR 300.",cyber_nonmalicious,High,"employee stored data on unsecured laptop, took outside"
694,Spain,5/25/2021,100000,"Media, Telecoms and Broadcasting",Insufficient technical and organisational measures to ensure information security,"The Spanish DPA (AEPD) has imposed a fine of EUR 100,000 on Vodafone España, S.A.U.. A data subject had filed a complaint with the Spanish DPA against the telecommunications company. According to the complaint, the data subject had received an advertising call from a company, which was made on behalf of Vodafone España, S.A.U., although the data subject was registered in the Robinson advertising exclusion list. According to Vodafone's commissioned processor, the advertising call to the data subject had occurred due to an error in the call number filtering system. In the course of its investigation, the DPA found that Vodafone had not established any measures to avoid advertising calls to numbers on the Robinson list. In the present case, Vodafone had not even been aware that the number of the data subject was on the Robinson list, which meant that it was not blocked for the commissioned company.",not_cyber,High,advertising call despite Robinson list (marketing)
1762,Italy,12/15/2022,120000,Health Care,Insufficient technical and organisational measures to ensure information security,"The Italian DPA has imposed a fine of EUR 120,000 on Eurosanità S.P.A.. The controller operates various healthcare facilities.  An individual had filed a complaint with the DPA for mistakenly receiving a document that contained medical records of another individual. The DPA found that the controller had not taken sufficient technical and organizational measures to protect personal data in order to avoid such incidents.",cyber_nonmalicious,High,document with another medical records to wrong person
2774,Italy,4/29/2025,20000,Health Care,Insufficient technical and organisational measures to ensure information security,"The Italian DPA has imposed a fine of EUR 20,000 on Cooperativa Sociale Quadrifoglio. The entity that was fined, acting as a data processor, forwarded files containing the personal and health data of children. There was no legal basis for this, and it happened due to insufficient technical and organisational measures to ensure data security.",cyber_nonmalicious,Low,processor forwarded data w/o basis; borderline
533,Belgium,1/22/2021,25000,"Media, Telecoms and Broadcasting",Insufficient technical and organisational measures to ensure information security,"The Belgian DPA fined a mobile operator EUR 25,000. The controller had assigned the data subject's phone number to an unauthorized third party, causing the data subject to lose access to his/her phone number. As the SIM card of the data subject had been deactivated, that would have allowed the third party to access various personal data of the data subject in the period between September 16 and September 19, 2019, such as call history and accounts of various services (e.g. Paypal, WhatsApp and Facebook) associated with the number.",cyber_nonmalicious,Low,phone number misassigned to third party; borderline SIM-swap
294,Norway,5/3/2020,134000,"Media, Telecoms and Broadcasting",Insufficient technical and organisational measures to ensure information security,Fines for security breaches in a voice mailbox function.,unclear,Low,voicemail security breach; vague
1282,Germany,2021,,Health Care,Insufficient technical and organisational measures to ensure information security,"The DPA of Hamburg has imposed a fine in the six-digit range on a Hamburg-based company operating in the healthcare sector.
The company had failed to take appropriate technical and organizational measures to ensure a level of data security protection appropriate to the risk when sending doctors' letters. As a result, doctor's letters were to a person who, although practicing a medical profession, was not the doctor providing further treatment for the affected patients. Instead, the letters were intended for a general practitioner with the same name as the recipient. 
The company had been informed of the incorrect mailing several times in the past by the unauthorized recipient. Nevertheless, it had failed to take organizational and technical measures to ensure that these incidents would not recur. 
In assessing the fine, the DPA took into aggravating account the fact that the data processed involved health data and that such data is particularly sensitive.",cyber_nonmalicious,High,doctors letters to wrong same-name doctor
1837,Malta,2020,2500,Not assigned,Insufficient technical and organisational measures to ensure information security,Accidental loss of personal data.,cyber_nonmalicious,Medium,accidental loss of personal data
550,Romania,2/10/2021,1000,"Finance, Insurance and Consulting",Insufficient technical and organisational measures to ensure information security,"The Romanian DPA (ANSPDCP) imposed a fine of EUR 1,000 on ING Bank N.V. Amsterdam - Bucharest Branch. It was found that the controller had sent files to a contractual partner in order to issue insurance policies. The sent files contained outdated information, as employees of the insurance policy monitoring department had not checked and processed the insurance policies according to the work process, which affected 270 people. Considering these aspects, it was found that the technical and organizational measures taken by the controller were insufficient, which resulted in the breach of confidentiality of personal data.",cyber_nonmalicious,Medium,sent outdated files; confidentiality breach
1816,Croatia,5/4/2023,2265000,"Finance, Insurance and Consulting",Insufficient technical and organisational measures to ensure information security,"The Croatian DPA (AZOP) has imposed a fine of EUR 2,265,000 on a debt collection agency. The fine is the highest ever imposed by AZOP. AZOP had received an anonymous complaint in December 2022 stating that a large number of debtors' personal data had been processed by the collection agency without authorization. Attached to the complaint was a USB stick containing personal data (name, date of birth, personal identification number) of 77,317 debtors. 

During its investigation, AZOP found that controller did not provide sufficient information about the processing of personal data in its privacy policy. Moreover, it failed to provide information about the legal basis for the refund of overpaid funds. The breach affected 132,652 individuals. 

Further, the AZOP found that the controller had not entered into a data processing agreement with a processor that monitored simple consumer bankruptcies. This put the data of 83,896 individuals at risk. The breach persisted for 2 years.

Finally, AZOP found that the controller had failed to implement adequate technical and organizational measures to protect personal data. 
Deficiencies in the controller's security system led to insecure processing of personal data on a large scale, resulting in the unauthorized filtering of data. AZOP noted that the breach has been ongoing since at least 2019 and has not been addressed to date. 

Aggravating factors considered by AZOP included the controller's failure to adequately cooperate with the DPA during the process. Furthermore, the controller has not yet informed AZOP of additional measures it has taken to prevent future risks of identified violations and has not yet brought its privacy policy into compliance with the GDPR.",not_cyber,Low,debt collection: unlawful processing + leak; mixed
178,Cyprus,1/13/2020,9000,Public Sector and Education,Insufficient technical and organisational measures to ensure information security,"Granting the police access to personal data and failing to take adequate measures to secure the data, despite the warnings of the Supervisor, constituted a breach of Article 32 of the GPPR.",cyber_nonmalicious,Medium,police granted over-broad DB access
3110,Slovenia,3/27/2026,13491,Not assigned,Insufficient technical and organisational measures to ensure information security,"The Slovenian DPA has imposed a fine of EUR 13,491 on a legal person. The controller failed to implement adequate technical and organisational measures to ensure data security by not using a sufficient randomisation method, which allowed unauthorised persons to easily access data subjects' health records by guessing a six-digit number and entering it into a web browser.",cyber_nonmalicious,High,guessable 6-digit gave access to health records
2091,Spain,10/20/2023,800000,"Finance, Insurance and Consulting",Insufficient technical and organisational measures to ensure information security,"The Spanish DPA has fined BANCO BILBAO VIZCAYA ARGENTARIA, S.A. EUR 800,000. A customer had lost her handbag, which also contained her bank card. The individual therefore requested the controller to block all banking products. However, the controller failed to comply, which is why it was then possible for third parties to access the individual's bank products and transfer money under false identities. During its investigation, the DPA found that the controller had failed to implement appropriate technical and organizational measures to prevent such a case and protect personal data.",cyber_malicious,Low,failure to block cards; third parties defrauded
1274,Italy,5/22/2022,7000,Health Care,Insufficient technical and organisational measures to ensure information security,"The Italian DPA (Garante) has imposed a fine of EUR 7,000 on the healthcare facility Azienda Socio Sanitaria Territoriale Dei Sette Laghi. A patient had mistakenly received medical records and clinical documentation from another patient in his own file.",cyber_nonmalicious,High,patient got another patients records
2377,Sweden,6/24/2024,1300000,"Finance, Insurance and Consulting",Insufficient technical and organisational measures to ensure information security,"The Swedish DPA has imposed a fine of EUR 1.3 million on Avanza Bank AB. The controller had used so-called meta pixels on its website and app, which caused personal data such as securities holdings and account numbers to be transmitted to Meta. These transfers took place from November 15, 2019 to June 2, 2021 due to incorrect settings. After becoming aware of this, Avanza deactivated the pixels and confirmed that Meta had deleted the data. Avanza has also improved its internal data security processes.",cyber_nonmalicious,Medium,meta pixel unintended transfer to Meta
1622,Cyprus,2022,17000,"Finance, Insurance and Consulting",Insufficient technical and organisational measures to ensure information security,"The Cypriot DPA has imposed a fine of EUR 17,000 on Bank of Cyprus Public Company Ltd. In the context of a sale of credit facilities, the bank had inadvertently transferred data of customers whose credit facilities had not been sold to the buyer. The incidents affected approximately 11,673 records and 5,500 individuals. The DPA found that the bank had failed to implement sufficient technical and organizational measures to protect personal data.",cyber_nonmalicious,High,over-transfer of non-sold customer data
14,Czech Republic,2/28/2019,582,Not assigned,Insufficient technical and organisational measures to ensure information security,"Data was not processed in a manner that ensures appropriate security of the personal data, including protection against unauthorised or unlawful processing and against accidental loss, destruction or damage, using appropriate technical or organisational measures ('integrity and confidentiality').",unclear,Low,generic integrity/confidentiality; no detail
24,France,5/28/2019,400000,Real Estate,Insufficient technical and organisational measures to ensure information security,"The CNIL based the penalty on two grounds: Lack of basic security measures and excessive data storage. As to the first, sensitive user documents uploaded by rental candidates (including ID cards, health cards, tax notices, certificates issued by the family allowance fund, divorce judgments, account statements) were accessible online without any authentication procedure in place. Although the vulnerability was known to the company since March 2018, it was not finally resolved until September 2018. In addition, the company stored the documentation provided by candidates for longer than necessary. The CNIL took into account i.a. the seriousness of the breach (lack of due care in addressing vulnerability and the fact that the documents revealed very intimate aspects of users' lives), the size of the company and its financial standing.",cyber_nonmalicious,High,rental docs accessible online without auth
542,Spain,2/1/2021,3000,"Finance, Insurance and Consulting",Insufficient technical and organisational measures to ensure information security,"The Spanish DPA (AEPD) imposed a fine of EUR 5,000 on IDFINANCE Spain S.L.. A person had received a debt collection email from IDFinance that contained a link for the payment of an invoice directly through the controller's website. Via the link, the person was able to view the personal data of another customer. The original fine of EUR 5,000 was reduced to EUR 3,000 due to immediate payment and admission of responsibility.",cyber_nonmalicious,High,debt-collection link let person view another data (IDOR)
310,Romania,6/18/2020,4000,Transportation and Energy,Insufficient technical and organisational measures to ensure information security,Failure to take adequate measures to prevent unauthorised disclosure of personal data. The fine was preceded by a complaint about the disclosure of personal data of the data subject to another customer by e-mail.,cyber_nonmalicious,High,disclosure to another customer by email
824,Denmark,9/8/2021,53800,Public Sector and Education,Insufficient technical and organisational measures to ensure information security,"The Danish DPA has imposed a fine of EUR 53,800 on Midtjylland Region.

On June 12, 2020, the DPA received a notification from the region regarding a personal data security breach pursuant to Art. 33 GDPR. According to the notification, all patients and staff at a lifestyle center were able to access a building where up to 100,000 physical patient records were stored, including health information and personal identity number details. The reason for this was that both staff and patients had been given key cards that allowed them to access all three buildings of the lifestyle center, regardless of whether the user was required to access them. 
In addition, passersby were able to take a look at the covers of some of the records -which showed personal data such as identity numbers and names - through a window in the building.
In this context, the DPA found that the Midtjylland Region had not taken adequate security measures for the storage of personal data.

In addition, the region had not established sufficient guidelines for access restrictions when creating key cards, and had not conducted adequate periodic testing, assessment, and evaluation of the security measures taken. 

In evaluating the question of whether a fine should be imposed, the Danish DPA took into account, as an aggravating factor, that the region processed large amounts of sensitive data, such as health data.",cyber_nonmalicious,High,physical access control to records building failed
2503,Romania,1/20/2025,15000,"Media, Telecoms and Broadcasting",Insufficient technical and organisational measures to ensure information security,"The Romanian DPA has imposed a fine of EUR 15,000 on Vodafone Romania S.A. Personal data such as names, email addresses and customer numbers were repeatedly disclosed due to inadequate security measures, e.g. the unauthorized sending of invoice details or  incorrect use of the “BCC” function. During its investigation, the DPA found that the controller had failed to implement appropriate technical and organizational measures to protect personal data.",cyber_nonmalicious,High,"repeated disclosure, BCC misuse"
1886,Germany,2022,8900,Not assigned,Insufficient technical and organisational measures to ensure information security,"The DPA of Niedersachsen imposed a fine of EUR 8,900 on a company. The company had a customer database on the Internet with thousands of entries. During its investigation, the DPA found that the only access protection the company had implemented was a long-form web address but not additional measures such as password-protected access. The controller relied on the fact that the web would not become known.",cyber_nonmalicious,High,customer DB protected only by long URL
2285,Spain,4/12/2024,1800,"Finance, Insurance and Consulting",Insufficient technical and organisational measures to ensure information security,"The Spanish DPA has imposed a fine on PRESTAMER, S.L.. The controller had sent an e-mail without using the blind copy option, revealing the email addresses of all recipients to the other recipients. The original fine of EUR 3,000 was reduced to EUR 1,800 due to voluntary payment and acknowledgement of responsibility.",cyber_nonmalicious,High,email no BCC
3196,Romania,6/15/2026,2000,Industry and Commerce,Insufficient technical and organisational measures to ensure information security,"The Romanian DPA has imposed a fine of EUR 2,000 on SSG SELECT SOLUTIONS S.R.L. The controller, who had been operating as the security firm for a grocery store, failed to prevent its employees from denying third parties access to video surveillance footage.",cyber_nonmalicious,Low,CCTV footage access control; ambiguous wording
808,Italy,6/10/2021,40000,Industry and Commerce,Insufficient technical and organisational measures to ensure information security,"The identity of whistleblowers must be protected by special confidentiality rules, as the information processed is particularly sensitive and the risk of retaliation and discrimination in the work environment is high. In this context, the controller is obliged to comply with the principles of data protection and to ensure the integrity and security of the data. Against this background, the Italian Data Protection Authority (Garante) fined Aeroporto Guglielmo Marconi di Bologna S.p.a. EUR 40,000 and its software supplier aiComply S.r.l. EUR 20,000 for violations of the GDPR.
In the course of the DPA's investigation, it was found that the application for collecting and managing criminal reports was accessed without the use of a secure network protocol (e.g., the https protocol) and that the application itself did not provide for encryption of the reporting party's identification data, the information about the report and the attached documents. 
The DPA considered this to be a violation of the obligation to take technical and organizational measures that ensure a level of security appropriate to the risk to the data subjects. 
In addition, the DPA found that aiComply failed to contractually regulate the relationships with two other companies that processed data on its behalf.",cyber_nonmalicious,High,whistleblowing app accessed without secure protocol
262,Romania,3/25/2020,3000,Transportation and Energy,Insufficient technical and organisational measures to ensure information security,The company has sent an email to a client which contained personal data of another client since the company failed to implement adequate technical and organisational measures to ensure an adequate level of information security.,cyber_nonmalicious,High,email to client with another clients data
441,Spain,11/10/2020,3000,Industry and Commerce,Insufficient technical and organisational measures to ensure information security,"The company's website (license plate seller) requested personal information such as first and last name, copy of ID card and driver's license, and the car's VIN number, but offered neither an encrypted transport protocol (""https"" instead of ""http"") nor an updated data processing policy in accordance with the GDPR.",cyber_nonmalicious,Medium,website requested ID without https
2450,Sweden,8/29/2024,698000,Health Care,Insufficient technical and organisational measures to ensure information security,"The Swedish DPA has imposed a fine of EUR 698,000 on Apohem AB. The controller had used so-called meta pixels on its website which, due to incorrect settings, caused personal data of customers who had consented to marketing cookies to be transmitted to Meta. The controller had used the tool to improve its marketing on Facebook and Instagram, without intending to transmit the data. During its investigation, the DPA found that the controller had failed to implement appropriate technical and organizational measures to protect personal data in order to avoid such an incident. The decision has been appealed and the process is ongoing.",cyber_nonmalicious,Medium,meta pixel unintended transfer to Meta
1693,Italy,1/26/2023,5000,Health Care,Insufficient technical and organisational measures to ensure information security,"The Italian DPA has imposed a fine of EUR 5,000 on Azienda ULSS n.5 Polesana. The healthcare facility had mistakenly sent a patient medical record to the wrong patient. The DPA found that the healthcare facility had not taken sufficient technical and organizational measures to protect personal data, which allowed such an incident to occur.",cyber_nonmalicious,High,medical record to wrong patient
91,Slovakia,Unknown,,Not assigned,Insufficient technical and organisational measures to ensure information security,Violation of information security measures (no further information available at the moment),unclear,Low,info-security violation; no detail
3154,Italy,3/12/2026,2000,Accomodation and Hospitality,Insufficient technical and organisational measures to ensure information security,"The Italian DPA has imposed a fine of EUR 2,000 on Hanako s.r.l. The controller had been using a video surveillance system. The controller failed to install adequate information signs to inform data subjects regarding the processing. Furthermore, the video surveillance lacked authorisation from the Labour Inspectorate, and the controller lacked adequate technical and organisational measures to prevent unauthorised persons from accessing the recorded images.",not_cyber,Low,CCTV without signs/authorization
3055,Spain,2/3/2026,10000,"Media, Telecoms and Broadcasting",Insufficient technical and organisational measures to ensure information security,"The Spanish DPA has imposed a fine of EUR 10,000 on FREE TECHNOLOGIES EXCOM, S.L. The controller had reset user passwords and communicated the new passwords to the clients via email. However, the email was not encrypted and did not implement any other appropriate security measures.",cyber_nonmalicious,High,passwords communicated via unencrypted email
188,Greece,12/19/2019,150000,Transportation and Energy,Insufficient technical and organisational measures to ensure information security,"Companies outside the Aegean Marine Petroleum Group had access to its servers containing personal data and copied the contents of the servers, since Aegean Marine Petroleum failed to take the necessary technical measures to secure the processing of large amounts of data and to keep the relevant software separate from the personal data stored on the servers. Furthermore, Aegean Marine Petroleum had not informed the data subjects of the processing of their personal data stored on the servers.",cyber_nonmalicious,Medium,external firms accessed servers via poor separation; borderline
2887,Spain,9/23/2025,600,Real Estate,Insufficient technical and organisational measures to ensure information security,"The Spanish DPA has imposed a fine of EUR 600 on a porperty manager. The controller operated a website for owners and tenants that did not implement adequate technical and organisational measures to ensure data security. The original fine of EUR 1,000 was reduced to EUR 600 due to immediate payment and admission of responsibility by the controller.",cyber_nonmalicious,Low,website without measures; vague
45,Portugal,7/17/2018,400000,Health Care,Insufficient technical and organisational measures to ensure information security,"Investigation revealed that the hospital’s staff, psychologists, dietitians and other professionals had access to patient data through false profiles.  The profile management system appeared deficient – the hospital had 985 registered doctor profiles while only having 296 doctors.  Moreover, doctors had unrestricted access to all patient files, regardless of the doctor’s specialty.",cyber_nonmalicious,High,staff access via false profiles; over-broad access
1323,Spain,8/4/2022,2000,Not assigned,Insufficient technical and organisational measures to ensure information security,"The Spanish DPA has imposed a fine of EUR 2,000 on JAÉN SENTIDO Y COMÚN. The controller had sent an e-mail to 241 people in an open distribution list, making the email addresses of all recipients visible to the other recipients.",cyber_nonmalicious,High,email open distribution list
230,Denmark,3/10/2020,7000,Public Sector and Education,Insufficient technical and organisational measures to ensure information security,"A city government employee had his work computer stolen, which contained the personal data of about 1,600 city government employees, including sensitive information and information about social security numbers.",cyber_malicious,Low,work computer stolen - physical theft
1787,Sweden,4/26/2023,17600,Public Sector and Education,Insufficient technical and organisational measures to ensure information security,"The Swedish DPA has fined Skåne region EUR 17,600. An employee of the region had lost an unencrypted USB stick containing the social security numbers and sensitive personal data of nearly 2,000 people. The DPA found that the region had failed to implement adequate technical and organizational measures to protect personal data.",cyber_nonmalicious,High,unencrypted USB lost
2283,Spain,11/3/2023,2000,Individuals and Private Associations,Insufficient technical and organisational measures to ensure information security,"The Spanish DPA has imposed a fine on SINDICATO LIBRE DE TRANSPORTES. A member of the union had shared the data subject's payslip in a WhatsApp group without the data subject's consent. This revealed data such as their identity card number and social security number. The original fine of EUR 5,000 was reduced to EUR 2,000 due to voluntary payment and acknowledgement of responsibility.",not_cyber,Medium,shared payslip in WhatsApp - deliberate disclosure
1579,Sweden,1/17/2023,17900,Health Care,Insufficient technical and organisational measures to ensure information security,"The Swedish DPA has imposed a fine of EUR 17,900 on Dalarna Region. The region had sent out invitations for patient visits where the respective healthcare facility, such as a children's hospital, was visible on the envelope window. The DPA found that this visibility allowed unauthorized persons to gain access to patients' personal data. The DPA concluded that the region had failed to implement adequate technical and organizational measures to protect personal data.",cyber_nonmalicious,Medium,facility visible on envelope window (disclosure)
449,Ireland,8/18/2020,65000,Health Care,Insufficient technical and organisational measures to ensure information security,"The „Data Protection Authority of Ireland“ imposed a fine on Cork University Maternity Hospital (CUMH) after the personal data of 78 patients was discovered disposed of in a public recycling center. Among the documents disposed of, some contain special category personal data of six patients. It is believed that the breach at CUMH involves sensitive patient health data such as the medical history and future planned care programs.",cyber_nonmalicious,High,patient data in public recycling centre (physical)
1438,Belgium,8/19/2022,20000,Health Care,Insufficient technical and organisational measures to ensure information security,"The Belgian DPA imposed a fine of EUR 20,000 on a medical laboratory.

During its investigation, the DPA found that the laboratory had failed to conduct a data protection impact assessment and thus violated Art. 35 GDPR. 

In addition, the laboratory had violated, Art. 5 (1) f) GDPR and Art. 32 GDPR, as it was possible for physicians to view patients' personal data on the website without encryption. 

Finally, the DPA found that the laboratory had not published a privacy statement on its website, in violation of Art. 12 GDPR, Art. 13 GDPR and Art. 14 GDPR.",cyber_nonmalicious,Medium,patient data viewable without encryption
1349,Germany,2021,,Accomodation and Hospitality,Insufficient technical and organisational measures to ensure information security,"A restaurant had disposed of 120 completed guest registration forms for contact tracing purposes during the Covid-19 pandemic in a publicly-accessible dumpster. During its investigation, the DPA also found that already during the restaurant's operation, the restaurant had not implemented adequate safeguards to protect the data processed during the guest registration process. For example, the completed guest registration forms were kept in an adjoining room accessible to all employees without special security measures, such as a locked cabinet.",cyber_nonmalicious,Medium,guest forms in public dumpster (physical)
2888,Italy,8/4/2025,80000,Health Care,Insufficient technical and organisational measures to ensure information security,"The Italian DPA has imposed a fine of EUR 80,000 on the Ospedaliero-Universitaria Careggi. The controller, a university hospital, used software that allowed medical personnel to search through the data subject's history, even if this was unrelated to the specific medical treatment.",cyber_nonmalicious,High,software let staff access unrelated patient data (over-broad)
2400,Greece,6/27/2024,50000,Industry and Commerce,Insufficient technical and organisational measures to ensure information security,"The Hellenic DPA has imposed a fine of EUR 50,000 on METRO SA. A former employee had sent text messages to the private mobile phone of a customer who had a user account in the company's online store and had placed orders that had been delivered to them by the employee a few days earlier.

The customer then reported the incident to the controller and requested access to and deletion of their personal data. However, the controller did not respond to the incident, arguing that the order was in their husband's name. However, the DPA found that the controller should have complied with the request and that the controller had failed to install appropriate technical and organizational measures to protect personal data in order to avoid such an incident.",cyber_nonmalicious,Low,ex-employee misused customer contact data - insider; borderline
474,Norway,12/3/2020,18840,Public Sector and Education,Insufficient technical and organisational measures to ensure information security,"The Norwegian DPA (Datatilsynet) imposed a fine in the amount of NOK 200,000 (EUR 18,840) on the municipality of Indre Østfold. Datatilsynet found that a student file containing personal data was published on the municipality's website.",cyber_nonmalicious,High,student file published on website
2443,Germany,2024,11500,Industry and Commerce,Insufficient technical and organisational measures to ensure information security,"The DPA of Hamburg imposed a fine of EUR 11,500 on a company operating in the advertising industry for failing to comply with its deletion obligations. In addition, it was found that the company's IT system showed technical security gaps.",not_cyber,Low,mainly deletion obligations; security gaps secondary
466,Sweden,12/3/2020,1463000,Health Care,Insufficient technical and organisational measures to ensure information security,"The Swedish DPA (Integritetsskyddsmyndigheten) fined Aleris Sjukvård AB SEK 15,000,000 (EUR 1,463,000) for failing to implement adequate technical and organizational measures to ensure information security. It was found that there was no risk analysis regarding the access to patient data. Authorizations for users of the hospital information system TakeCare were not assigned according to the principle of minimum access. This gave users full access to confidential patient data that they did not need for work purposes.",not_cyber,Medium,retention/minimization + no encryption
305,Hungary,1/24/2020,1450,"Finance, Insurance and Consulting",Insufficient technical and organisational measures to ensure information security,"A printed customer list of an accounting firm, which also contained personal data, could be accessed by unauthorized persons.",cyber_nonmalicious,Medium,printed customer list accessible (physical)
1938,Sweden,6/30/2023,25000,Industry and Commerce,Insufficient technical and organisational measures to ensure information security,"The Swedish DPA has imposed a fine of EUR 25,000 on CDON AB. The Austrian organization None of your Business (NOYB) had filed a complaint against the company in light of the Schrems II judgment, stating that the company was unlawfully transferring personal data to the US. The company had used Google Analytics for visitor statistics and based the data processing by the statistics tool on the EU standard contractual clauses in the absence of an EU Commission adequacy decision for the USA. In the course of its investigation, the DPA determined that the use of the standard contractual clauses was not sufficient to guarantee a level of protection equivalent to that of the EU.",not_cyber,High,Google Analytics US transfer (Schrems II)
1838,Malta,2020,2500,Not assigned,Insufficient technical and organisational measures to ensure information security,The controller has disclosed a personal email address to all recipients of the email.,cyber_nonmalicious,High,disclosed email address to all recipients (no BCC)
275,Romania,5/5/2020,5000,"Finance, Insurance and Consulting",Insufficient technical and organisational measures to ensure information security,The data protection authority finds that the company has not taken adequate technical and organisational measures to ensure an adequate level of information security. This applies in particular to the collection and transmission of copies of customers' identification documents via WhatsApp.,cyber_nonmalicious,Low,ID copies via WhatsApp; insecure channel
1324,Spain,7/29/2022,3000,Public Sector and Education,Insufficient technical and organisational measures to ensure information security,"The Spanish DPA has imposed a fine of EUR 3,000 on ESTUDIOS EUROPEOS DE POSTGRADO Y EMPRESA, S.L.. An employee had filed a complaint with the DPA. The employee stated that she had been given access to a company email account when she was hired. However, upon accessing the account, she discovered that the email account was not actually her account, but rather the email account of another employee. Thus, she was able to access all emails sent and received by the other employee. During its investigation, the DPA determined that the controller had not properly configured the account and had therefore breached its duty to implement appropriate technical and organizational measures to protect personal data.",cyber_nonmalicious,High,employee given wrong email account; over-access
1835,Malta,2022,250000,Not assigned,Insufficient technical and organisational measures to ensure information security,The controller has failed to implement appropriate technical and organizational measures to protect personal data.,unclear,Low,failed to implement measures; vague
156,Romania,12/18/2019,2000,"Media, Telecoms and Broadcasting",Insufficient technical and organisational measures to ensure information security,The company has failed to ensure the accuracy of the processing of personal data which resulted in a disclosure of a clients personal data to another client.,cyber_nonmalicious,High,clients data disclosed to another client
2843,Spain,7/17/2025,1200,Industry and Commerce,Insufficient technical and organisational measures to ensure information security,"The Spanish DPA has imposed a fine of EUR 1,200 on TRUEBA SPORT S.L. The controller disclosed personal data due to an human error. The controller also failed to include a privacy notice on its website. The original fine of EUR 2,000 was reduced to EUR 1,200 due to immediate payment and admission of responsibility by the controller.",cyber_nonmalicious,Medium,disclosed data due to human error
2598,Sweden,4/23/2025,9200,Public Sector and Education,Insufficient technical and organisational measures to ensure information security,"The Swedish DPA has imposed a fine of EUR 9,200 on the Swedish Disrimination Ombudsman. The controller was unable to implement sufficient data security measures, resulting in the unauthorized disclosure of sensitive data.",cyber_nonmalicious,Medium,unauthorized disclosure of sensitive data
566,Croatia,2/22/2021,,Industry and Commerce,Insufficient technical and organisational measures to ensure information security,"A data controller using the services of the security company reported the breach of personal data to the DPA, arising after an employee of the security company recorded the video surveillance footage with a phone and shared it with third party. The recording was ultimately made available on social media and in the media. The DPA found that the security company as a data processor enabled the breach by not maintaining adequate and sufficient technical and organizational measures for personal data security for more than two and a half years. Moreover, the processor has not foreseen or implemented adequate technical security measures following the incident to prevent or minimize the risks. One data subject was consequently exposed to insults and ridicule in the public and the security company has not taken any action to remove the recording from social networks and media. The amount of the fine is unknown at the moment, but the DPA clarified which aggravating circumstances it has taken into consideration when determining the fine – (i) the fact that the processor did not fulfil its obligation to inform the controller of the incident as required by the Art 33 (2) GDPR and (ii) the fact that the basic activity of the company is the provision of physical and technical protection, which includes the use of video surveillance. The DPA also noted that the fined security company is one of the leading companies in Croatia in that activity and as such should be the relevant entity in providing opinions, guidelines, advice and propose solutions to controllers on the use of the video surveillance system and give an example to its work and pay greater attention to it than others.",cyber_malicious,Low,employee leaked CCTV footage to media - insider vs not_cyber
269,Bulgaria,2/20/2020,2560,Industry and Commerce,Insufficient technical and organisational measures to ensure information security,"The fine of ca EUR 2,557 was imposed on L.E. EOOD for unlawful processing of personal data of data subject I.S. without the knowing and the consent of the data subject and also without a valid contractual relationship between L.E. EOOD and I.S. The enterprise processed the personal data of I.S. unlawfully seven times in duration of 3 months by failure to adopt technical and organizational measures to ensure the information security. In addition to the fine, the Commission for Personal Data Protection (“KZLD”) instructed L.E. EOOD to do regular inspections of its data processing activities, to do risk analysis regarding customers and employees and to conduct periodic trainings of the employees. The KZLD also ordered L.E. EOOD to archive and keep the documents containing the personal data only for limited purposes and the timeframe as required by law.",not_cyber,Low,unlawful processing + measures; mixed
2591,Poland,12/18/2024,135600,"Finance, Insurance and Consulting",Insufficient technical and organisational measures to ensure information security,"The Polish DPA fined a company in the banking sector EUR 135,600. The DPA inspected the fined company and found several violations of the GDPR. First, the company failed to ensure that the DPO could report directly to top management and that the DPO did not receive instructions on the performance of the tasks given to the DPO. Second, the company failed to include profiling in the list of data processing operations. Third, the company failed to conduct a privacy impact assessment regarding the use of profiling. The violation regarding the DPO resulted in a fine of EUR 61,600. The violation regarding the unlawful use of profiling resulted in a fine of EUR 74,000.",not_cyber,High,DPO issues + profiling without PIA
312,Romania,6/11/2020,3000,"Media, Telecoms and Broadcasting",Insufficient technical and organisational measures to ensure information security,"Inadequate security measures of the company had led to unlawful processing of personal data without verifying their accuracy. For this reason, a fine was imposed on Telekom Romania for violation of Article 32 of the GDPR, and the introduction of effective mechanisms to identify and protect data from unauthorised disclosure and unlawful processing is ordered to ensure compliance with the GDPR.",not_cyber,Low,accuracy/processing; borderline
687,The Netherlands,3/24/2020,15000,Employment,Insufficient technical and organisational measures to ensure information security,"The Dutch DPA (AP) has imposed a fine of EUR 15,000 on CP&A.
The controller had documented both the causes of illness and specific complaints of the data subjects as part of the recording of employee absences due to illness. The DPA found that this was unlawful since health data is granted special protection. Employers are not permitted to record either the reasons or causes of sick leave. 
Furthermore, the DPA found that the controller had not implemented adequate technical and organizational measures to protect the processing when recording absences. Namely, the absence registration was accessible online, without any form of authentication. Yet, when an absence system is accessible via the Internet, the system is to be accessed only through a multi-factor authentication. In the DPA's view, another form of authentication would have been required in addition to the ""normal"" login.",not_cyber,High,CCTV without owners consent
2441,Germany,2024,,Not assigned,Insufficient technical and organisational measures to ensure information security,The DPA of Hamburg has imposed a fine on a company due to technical security vulnerabilities in its support ticket systems.,cyber_nonmalicious,Low,security vulnerabilities in ticket system; no incident
1893,Italy,4/14/2023,676956,Transportation and Energy,Insufficient technical and organisational measures to ensure information security,"The Italian DPA has imposed a fine of EUR 676,956 against Sorgenia S.p.a.. The DPA had received several complaints from data subjects regarding unauthorized telemarketing. During its investigation, the DPA found that the controller had not taken appropriate technical and organizational measures to be informed about all the operations carried out in the telemarketing chain. In addition, the controller failed to process a data subjects request in a timely manner.",not_cyber,High,telemarketing
301,Romania,4/23/2020,3000,"Media, Telecoms and Broadcasting",Insufficient technical and organisational measures to ensure information security,The company had not taken sufficient technical and organizational measures to ensure the accuracy of personal data transmitted by telephone for the conclusion of contracts. This led to contracts being concluded by telephone on behalf of other data subjects,not_cyber,Low,phone-contract identity/accuracy issue; borderline
1756,Spain,2/28/2023,1800,Industry and Commerce,Insufficient technical and organisational measures to ensure information security,"The Spanish DPA has fined WUNSCHURLAUB S.L. for storing passwords in plain text on its website www.meine-auszeit-jetzt.de. The DPA considered this to be a violation of Art. 32 GDPR. The original fine of EUR 3,000 was reduced to EUR 1,800 due to voluntary payment and admission of responsibility.",cyber_nonmalicious,High,passwords stored in plain text
2171,Poland,12/20/2023,23000,Health Care,Insufficient technical and organisational measures to ensure information security,"The Polish DPA has imposed a fine of EUR 23,000 on the Polish Minister of Health. The controller had accessed information via a database relating to a physician who had prescribed themselves psychotropic drugs and then later published this information on a social network.",cyber_malicious,Low,minister accessed DB and published - insider; which class?
42,Norway,2019-03,170000,Public Sector and Education,Insufficient technical and organisational measures to ensure information security,"The incident relates to computer files with usernames and passwords to over 35000 user accounts in the municipality’s computer system. The user accounts related to both pupils in the municipality’s primary schools, and to the employees of the same schools. Due to insufficient security measures, these files have been unprotected and openly accessible. The lack of security measures in the system made it possible for anyone to log in to the school’s various information systems, and thereby to access various categories of personal data relating to the pupils and employees of the schools.

The fact that the security breach encompasses personal data to over 35 000 individuals, and that the majority of these are children, were considered to be aggravating factors. The municipality had also been warned several times, both by the authority and an internal whistleblower, that the data security was inadequate.",cyber_nonmalicious,High,files with usernames/passwords openly accessible
957,Greece,12/8/2021,30000,"Media, Telecoms and Broadcasting",Insufficient technical and organisational measures to ensure information security,"The Hellenic DPA has imposed a fine of EUR 30,000 on One Way Private Company. The DPA received 17 complaints regarding illegal telephone calls for the purpose of advertising. The DPA found that due to an error in the controller's application, telephone calls were made to subscribers included in the list for protection against unsolicited telephone advertising ""Register 11"". The DPA concluded that the controller had failed to implement technical and organizational measures to ensure a level of security appropriate to the risk to the data subjects.",not_cyber,High,telemarketing despite Register 11 (marketing)
359,Romania,7/30/2020,2000,Transportation and Energy,Insufficient technical and organisational measures to ensure information security,"Processing of personal data, namely the telephone numbers and e-mail addresses of 81 data subjects, by the Romanian Post as data controller, failing appropriate technical and organisational measures, such as pseudonymisation.",unclear,Low,no pseudonymisation; no incident
1425,Spain,10/9/2022,4000,Real Estate,Insufficient technical and organisational measures to ensure information security,"The Spanish DPA has imposed a fine on the real estate agency PUNTO BADAL-BCN S.L.. The controller had sent marketing e-mails to several people in an open distribution list, making the email addresses of all recipients visible to the other recipients. The original fine of EUR 5,000 was reduced to EUR 4,000 due to voluntary payment.",cyber_nonmalicious,High,marketing emails open distribution list
2889,Italy,9/11/2025,12000,Health Care,Insufficient technical and organisational measures to ensure information security,"The Italian DPA has imposed a fine of EUR 12,000 on the Casa di Cura Città di Roma. The controller used patient management software that gave users access to excessive amounts of patient data.",cyber_nonmalicious,High,patient-management software excessive access (over-broad)
2444,Germany,2024,32000,Transportation and Energy,Insufficient technical and organisational measures to ensure information security,"The DPA of Hamburg has imposed a fine of EUR 32,000 on a logistics company for incorrectly disposing of delivery lists.",cyber_nonmalicious,Medium,delivery lists incorrectly disposed (physical)
2996,Romania,1/13/2026,8000,Accomodation and Hospitality,Insufficient technical and organisational measures to ensure information security,"The Romanian DPA has imposed a fine of EUR 8,000 on PREMIER RESTAURANTS ROMANIA SRL. The controller failed to implement adequate technical and organisational measures, resulting in a cyber incident.",cyber_malicious,Medium,cyber incident
321,Norway,6/22/2020,112000,Health Care,Insufficient technical and organisational measures to ensure information security,"It was found that Østfold HF Hospital had stored patient data, including sensitive data such as the reason for hospitalisation, during the period 2013-2019 without controlling access to the folders where the data was stored. Datatilsynet therefore decided that the hospital had not taken sufficient technical and organisational measures to protect personal data and was therefore in breach of the GDPR and the Patient Records Act.",cyber_nonmalicious,High,patient data stored without access control
1933,Iceland,6/28/2023,13400,Health Care,Insufficient technical and organisational measures to ensure information security,"The Icelandic DPA has imposed a fine of EUR 13,400 on Sjúkratyringur Íslands. During its investigation, the DPA found that the controller had failed to implement adequate technical and organizational measures to protect personal data. 
This included the lack of multi-factor authentication for access to health information and the controller's use of real data in the development of a system. 

In assessing the fine, it was considered aggravating that a large number of individuals were affected by the security deficiencies. A mitigating factor was the fact that the controller cooperated fully with the investigation and implemented the measures ordered.",cyber_nonmalicious,High,no MFA; real data in dev (insecure measures)
556,Italy,1/14/2021,8000,Public Sector and Education,Insufficient technical and organisational measures to ensure information security,"The Italian DPA (Garante) imposed a fine of EUR 8,000 on the Regional Environmental Protection Agency of Campania (ARPAC). An external hard drive containing personal data had been stolen from the controller. Among other things, it contained copies of identity documents, tax records and payroll records. During the investigation, the DPA discovered that the hard drive had been located in a room to which all of the controller's employees had access. In addition, the controller did not back up the affected data, so it was irrevocably lost. Consequently, the DPA concluded that the controller violated the duty to implement appropriate technical and organizational measures to ensure the security of data processing.",cyber_malicious,Low,external hard drive stolen - physical theft
234,Iceland,3/10/2020,9000,Public Sector and Education,Insufficient technical and organisational measures to ensure information security,"In violation of Art. 32 GDPR, a teacher had sent an e-mail to his students and their parents with an attachment containing data on their well-being, academic performance and social conditions.",cyber_nonmalicious,High,teacher emailed attachment with wellbeing data
3100,Croatia,7/22/2025,320000,Transportation and Energy,Insufficient technical and organisational measures to ensure information security,"The Croatian DPA has imposed a fine of EUR 320,000 on HEP-Toplinarstvo. The controller failed to implement sufficient technical and organisational measures to ensure data security. When a data subject requested a new password for the controller's online platform, the controller transmitted the old password rather than a new, temporary password. Additionally, the controller stored their customers' passwords in readable form without encryption. Furthermore, the controller failed to cooperate adequately with the supervisory authority.",cyber_nonmalicious,High,"transmitted old password, stored passwords unencrypted"
63,The Netherlands,6/18/2019,350000,Health Care,Insufficient technical and organisational measures to ensure information security,"Original Fine Summary: The Haga Hospital does not have a proper internal security of patient records in place. This is the conclusion of an investigation by the Dutch Data Protection Authority. This investigation followed when it appeared that dozens of hospital staff had unnecessarily checked the medical records of a well-known Dutch person. To force the hospital to improve the security of patient records, the AP simultaneously imposes an order subject to a penalty. If the Haga Hospital has not improved security before 2nd of October 2019, the hospital must pay EUR 100,000 every two weeks, with a maximum of EUR 300,000. The Haga Hospital has meanwhile indicated to take measures. Update: The fine was reduced from EUR 460,000 to EUR 350,000 following a court ruling in 2021.",cyber_nonmalicious,High,staff snooped celebrity records; poor access control
2136,Norway,11/27/2023,1700000,Public Sector and Education,Insufficient technical and organisational measures to ensure information security,"The Norwegian DPA has imposed a fine of EUR 1.7 million on Arbeids- og velferdsetaten, the Norwegian Labor and Welfare Administration (NAV). During its investigation, the DPA found that the controller had failed to implement appropriate technical and organizational measures to protect personal data. For example, the IT systems were not adequately secured. In addition, an excessive number of employees had access to personal data, including very sensitive data in some cases. At the same time, the controller failed to carry out systematic controls regarding employee use of IT systems. In assessing the fine, the DPA considered the fact that the data had been handled insecurely over a long period of time.",cyber_nonmalicious,High,inadequate security + excessive access
1050,Germany,2020,50100,Accomodation and Hospitality,Insufficient technical and organisational measures to ensure information security,"In order to combat the Covid 19 pandemic, a restaurant had put out an open list in which visitors had to enter their contact data. The fact that the list was openly displayed would have made it possible for unauthorized third parties to gain access to the data.",cyber_nonmalicious,Medium,open Covid contact list exposed data
664,Belgium,4/26/2021,100000,"Finance, Insurance and Consulting",Insufficient technical and organisational measures to ensure information security,"The Belgian DPA (APD) has imposed a fine of EUR 100,000 on a financial company. A data subject had filed two complaints with the APD against the company. They were based on 20 queries of her personal data from the credit register of the National Bank of Belgium. The controller employs the data subject's ex-husband, who allegedly used his role to unlawfully gain access to the register in order to obtain financial information about the data subject and thus gain an advantage in their divorce proceedings. As the DPA noted, the data protection violations occurred due to the fact that the controller had not taken adequate organizational measures to protect personal data from unauthorized processing.",cyber_malicious,Medium,ex-husband employee abused credit-register access - insider
582,Romania,3/4/2021,500,Public Sector and Education,Insufficient technical and organisational measures to ensure information security,"The Romanian DPA (ANSPDCP) imposed a fine in the amount of EUR 500 against a natural person holding the position of General Secretary for a political party in Bucharest. The controller had published a list on a social network, which contained personal data such as names, signatures, nationalities, dates of birth, postal addresses, of ten supporters of the party. The DPA found that the controller had failed to implement adequate technical and organizational measures to protect the processing of personal data. In addition, the controller had not sufficiently cooperated with the DPA in its investigation.",not_cyber,Medium,published supporters list on social network (legal basis)
2878,Greece,6/25/2025,550000,"Media, Telecoms and Broadcasting",Insufficient technical and organisational measures to ensure information security,"The Greek DPA has imposed a fine of EUR 550,000 on Vodafone – PANAFON A.E.E.T. The controller failed to implement sufficient technical and organisational measures to ensure data security, resulting in a telecommunications shop being able to wrongfully assign multiple SIM cards to an individual. The controller also failed to use a processor that could guarantee the implementation of sufficient technical and organisational measures, and failed to govern the processing with an adequate data processing agreement.",cyber_malicious,Low,SIM fraud via weak measures
2921,Greece,7/21/2025,9000,Industry and Commerce,Insufficient technical and organisational measures to ensure information security,"The Greek DPA has imposed a fine of EUR 9,000 on Hestia Publishers & Booksellers I. D. Kollaros & Co. S.A. The controller disclosed the identity of an anonymous author by including their legal name alongside other personal data and the pseudonym under which their work was published.",not_cyber,High,disclosed anonymous authors identity (legal basis)
637,Romania,4/19/2021,1500,"Finance, Insurance and Consulting",Insufficient technical and organisational measures to ensure information security,"The Romanian DPA (ANSPDCP) has imposed a fine of EUR 1,500 on Lugera & Makler Broker S.R.L.. The controller had accidentally destroyed data of customers of Raiffeisen Bank S.A., for which it acted as processor. The ANSPDCP states that the incident occurred due to the fact that the controller had not taken sufficient  technical and organizational measures to ensure an adequate level of protection of the data processing.",cyber_nonmalicious,Medium,accidentally destroyed data (loss)
84,Romania,10/9/2019,15000,"Finance, Insurance and Consulting",Insufficient technical and organisational measures to ensure information security,"Original fine summary: Raiffeisen Bank Romania carried out scoring assessments on the basis of personal data of individuals registered on the Vreau Credit platform provided by the platform's staff via WhatsApp and then returned the result to Vreau Credit using the same means of communication. Update: The fine was reduced from EUR 150,000 to EUR 15,000 following a court ruling in 2021 https://www.zf.ro/banci-si-asigurari/raiffeisen-bank-a-obtinut-in-instanta-reducerea-de-10-ori-a-unei-19914204.",cyber_nonmalicious,Low,scoring data via WhatsApp; borderline not_cyber
101,Germany,2019,80000,Health Care,Insufficient technical and organisational measures to ensure information security,"In a digital publication, health data was accidentally published due to inadequate internal control mechanisms.",cyber_nonmalicious,High,health data accidentally published
407,Italy,9/30/2020,60000,Industry and Commerce,Insufficient technical and organisational measures to ensure information security,"According to the data protection authority, personal information about participants in a public competition had been unlawfully disclosed online. The reason for this was that, due to a configuration error, a list of the codes assigned to the candidates was temporarily accessible on the platform, which allowed access to the documents submitted by the candidates with their personal data. This was a violation of the principle of protection of information security for which Scanshare - which was the processor of the data on behalf of the controller ""Azienda Ospedaliera di Rilievo Nazionale 'Antonio Cardarelli'"" (a private hospital) - had been fined with EUR 60.000. [Also see the main fine on the hospital!]",cyber_nonmalicious,High,config error exposed candidate data
2765,Poland,8/4/2025,7700,Health Care,Insufficient technical and organisational measures to ensure information security,"The Polish DPA has imposed a fine of EUR 7,700 on a non-public health care institution. The controller offered home visits by doctors as part of its services. For this purpose, doctors used their private cars and carried patients' health records in them. However, in its risk analysis, the controller failed to take into account the possibility of car theft, resulting in a fine being issued.",cyber_nonmalicious,Low,"records in private cars, theft risk; no incident"
1417,Spain,9/28/2022,31200,"Media, Telecoms and Broadcasting",Insufficient technical and organisational measures to ensure information security,"The Spanish DPA has imposed a fine on Bayard Revistas S.A.. Unauthorized persons had accessed the Bayard database and thus unauthorizedly siphoned off location and contact data of users of the database. Approximately 470,000 users were affected by the incident. The DPA's investigation determined that a vulnerability in the controller's systems allowed the incident to occur. The original fine of EUR 52,000 was reduced to EUR 31,200 due to voluntary payment and admission of guilt.",cyber_malicious,High,vulnerability let attackers siphon data
113,Spain,11/19/2019,60000,"Media, Telecoms and Broadcasting",Insufficient technical and organisational measures to ensure information security,"CORPORACIÓN RADIOTELEVISIÓN ESPAÑOLA and the trade union have reported a security breach to the AEPD after six unencrypted USB sticks containing personal data were lost. The violation affected about 11,000 people, including identification data, employment data, data about criminal convictions and health data.",cyber_nonmalicious,High,6 unencrypted USB lost
1953,Spain,7/4/2023,25000,"Finance, Insurance and Consulting",Insufficient technical and organisational measures to ensure information security,"The Spanish DPA has imposed a fine of EUR 25,000 on CaixaBank, S.A.. An individual had filed a complaint with the DPA due to the fact that when they requested information from the controller, they received information from a third party and not the requested information. The DPA found that the controller had failed to implement adequate technical and organizational measures to protect personal data.",cyber_nonmalicious,High,received third partys info
482,Sweden,12/11/2020,54000,Public Sector and Education,Insufficient technical and organisational measures to ensure information security,"The Swedish DPA (Integritetsskyddsmyndigheten) fined Umeå University SEK 550,000 (EUR 54,000) as a result of its failure to apply appropriate technical and organizational measures to protect data.
As part of a research project on male rape, the university had stored several police reports on such related incidents in the cloud of a U.S. service provider. The reports contained the names, ID numbers and contact details of the data subjects, as well as information about their health and sex lives, alongside information about the suspected crime. The DPA notes that the storage in that cloud does not adequately protect such particularly sensitive data. 
In addition, one of the investigation reports was sent unencrypted to the Swedish police via email. However, the controller had neither documented the incident nor reported it to the DPA.",cyber_nonmalicious,Medium,sensitive reports in US cloud + unencrypted email; mixed
2782,Romania,8/12/2025,3000,"Finance, Insurance and Consulting",Insufficient technical and organisational measures to ensure information security,"The Romanian DPA has imposed a fine of EUR 3,000 on ""FLEXICREDIT"" Mutual Aid House Association. The controller failed to implement adequate technical and organisational measures to ensure data security, resulting in a third party gaining access to the controller's IT system.",cyber_malicious,Medium,third party gained access to IT system
1429,Spain,10/9/2022,900,Individuals and Private Associations,Insufficient technical and organisational measures to ensure information security,"The Spanish DPA has imposed a fine on a private individual. The individual unauthorizedly sent e-mails with personal data to several recipients in an open distribution list. This made it possible for the recipients to view the e-mail addresses of all other recipients. The original fine of EUR 1,200 was reduced to EUR 900 due to voluntary payment and admission of responsibility.",cyber_nonmalicious,High,emails open distribution list
2530,Spain,11/22/2024,220000,Employment,Insufficient technical and organisational measures to ensure information security,"The Spanish DPA imposed a fine of EUR 220,000 on CARTONAJES BAÑERES, S.A. following a complaint filed by a former employee. The employee had submitted a request to the controller for access to their personal data, particularly inquiring about the purpose and categories of data held. However, they did not receive a proper response. The employee also stated that the controller used a biometric facial recognition system that allowed employees to clock in and out, but did not offer an alternative method of recording attendance. During its investigation, the DPA found that the controller had failed to properly comply with the data subject's request for access to their personal data. Furthermore, the DPA found that the controller had failed to carry out a risk assessment of the biometric system, which would have been necessary considering the risks that the processing of biometric data poses to data subjects.",not_cyber,High,subject-access failure + biometric no DPIA
2988,Spain,12/20/2025,32000,Accomodation and Hospitality,Insufficient technical and organisational measures to ensure information security,"The Spanish DPA has imposed a fine of EUR 32,000 on EXCEL HOTELS & RESORTS, S.A. The controller used guards to control access to its facility. The guards regularly left documents containing personal data in their post, making them accessible to third parties. The original fine of EUR 40,000 was reduced to EUR 32,000 due to immediate payment.",cyber_nonmalicious,Medium,guards left documents accessible (physical)
464,Spain,12/2/2020,3000,Industry and Commerce,Insufficient technical and organisational measures to ensure information security,"A woman filed a complaint with the Spanish DPA (AEPD) against Comercio Online Levante, S.L. due to the fact that she was shown the personal data of another user when trying to access her user account of the online store perfumespremium.es operated by the controller.",cyber_nonmalicious,High,exposure to wrong user (login)
360,Romania,7/27/2020,5000,Industry and Commerce,Insufficient technical and organisational measures to ensure information security,"Unauthorised disclosure of the data of five Tarom passengers due to inadequate technical and organisational measures for secure data processing. Among other things, the company was required to take corrective action, including training its employees and conducting risk assessment procedures.",cyber_nonmalicious,Low,unauthorized disclosure of 5 passengers; vague
1004,Spain,1/14/2022,2400,Industry and Commerce,Insufficient technical and organisational measures to ensure information security,"The Spanish DPA has imposed a fine against PHARMA TALENTS, S.L.U. A data subject had filed a complaint against the company after he found a database on one of the company's websites containing personal data about himself and other hundreds of health sector professionals, including email address and telephone number. Both the website and the database were freely accessible. The DPA found that the company had failed to implement adequate technical and organizational measures to ensure a level of security appropriate to the risk to data subjects, since not even a username and password were required to access the database. The original fine of EUR 4,000 was reduced to EUR 2,400 due to voluntary payment and admission of guilt.",cyber_nonmalicious,High,"database freely accessible, no auth"
331,Romania,7/9/2020,15000,Industry and Commerce,Insufficient technical and organisational measures to ensure information security,"The company had failed to take adequate technical and organisational measures to ensure data security, which led to the publication on Facebook of a document containing a password for access to personal data of 436 customers.",cyber_nonmalicious,Low,password doc published on Facebook; mechanism unclear
2575,Spain,12/20/2024,1000000,Individuals and Private Associations,Insufficient technical and organisational measures to ensure information security,The Spanish DPA has imposed a fine of EUR 1 million on LIGA NACIONAL DE FÚTBOL PROFESIONAL. The controller had introduced access controls for visitors to football stadiums using biometric systems without first carrying out the necessary data protection impact assessment.,not_cyber,High,biometric access controls without DPIA
2170,United Kingdom,12/13/2023,400000,Public Sector and Education,Insufficient technical and organisational measures to ensure information security,"The UK DPA has fined the Ministry of Defense EUR 400,000 for disclosing personal data of individuals who were to be relocated to the UK after the Taliban took control of Afghanistan in 2021. The Ministry of Defense had sent an email to a distribution list of Afghan nationals who were eligible for evacuation without hiding the e-mail adresses and thus revealing the personal e-mail addresses and personal data of the recipients to the other e-mail recipients. The ICO stated that if the data had fallen into the hands of the Taliban, it could have led to a threat to lives.",cyber_nonmalicious,High,email distribution list revealed Afghan nationals
2590,Poland,3/11/2025,13400,"Media, Telecoms and Broadcasting",Insufficient technical and organisational measures to ensure information security,"The Polish DPA fined Polskie Radio Szczecin (Polish Radio Szczecin) EUR 13,400. Due to the lack of sufficient technical measures, Polskie Radio Szczecin failed to protect the rights of individuals featured in its publications. As a result, there was a risk that information concerning the private life of individuals would be published without their consent. As an example, the DPA cited a case in which a journalist from Polskie Radio Szczecin disclosed that the minor child of a MP (who does not participate in public life) was a victim of sexual abuse. The report was specific enough to allow third parties to identify the victim, which led to the victim's suicide. During an inspection, the DPA found several shortcomings in data processing and that the deficiencies were systemic. The DPA ordered Polskie Radio Szczecin to rectify the organisational and technical shortcomings within 60 days.",not_cyber,Medium,editorial publication of private info; borderline
2369,Poland,4/24/2024,2500,Individuals and Private Associations,Insufficient technical and organisational measures to ensure information security,"The Polish DPA has imposed a fine of EUR 2,500 on a committee. The controller had collected signatures in favor of a legislative initiative and later stored the signature lists unprotected in a church, which led to the sensitive data of the signatories not being sufficiently protected against loss, disclosure etc. During its investigation, the DPA found that the controller had failed to take appropriate technical and organizational measures to protect personal data.",cyber_nonmalicious,Medium,signature lists stored unprotected in church (physical)
3184,Romania,5/29/2026,12000,"Finance, Insurance and Consulting",Insufficient technical and organisational measures to ensure information security,"The Romanian DPA has imposed a fine of EUR 12,000 on Unicredit Bank SA. The controller sent notifications to customers via mobile messaging, online banking and email. Due to an error in processing a file, these notifications included the personal data of other customers, including information about mortgages or insurance policies. The controller also failed to notify the DPA within the 72-hour deadline.",cyber_nonmalicious,High,file-processing error sent others data
2529,Spain,11/11/2024,200000,Transportation and Energy,Insufficient technical and organisational measures to ensure information security,"The Spanish DPA fined Correo Inteligente Postal, S.L. EUR 200,000 after several incidents of undelivered letters containing personal data were reported. These letters, which contained personal data, were found disposed of in unauthorized locations and should have been delivered to the recipients by the responsible employees. During its investigation, the DPA found that the controller had failed to implement appropriate technical and organizational measures to protect personal data in order to prevent such incidents. The DPA also ordered the controller to implement a system to verify the traceability of the letters sent and provide employees with specific instructions on how to properly deliver the letters.",cyber_nonmalicious,High,undelivered letters disposed in unauthorized locations (lost mail)
2783,Romania,8/18/2025,3000,"Finance, Insurance and Consulting",Insufficient technical and organisational measures to ensure information security,"The Romainian DPA has imposed a fine of EUR 3,000 on SC Elite Conta SRL. The controller failed to implement adequate technical and organisational measures to ensure data security, resulting in a dta breach.",unclear,Medium,vague data breach
2101,Romania,11/3/2023,3000,"Finance, Insurance and Consulting",Insufficient technical and organisational measures to ensure information security,"The Romanian DPA has imposed a fine of EUR 3,000 on OTP BANK ROMANIA SA. The controller had accidentally transmitted personal data of an individual to an unauthorized third party. The DPA found that the controller had failed to implement appropriate technical and organizational measures to protect personal data.",cyber_nonmalicious,High,accidentally transmitted data to unauthorized third party
406,Italy,9/30/2020,80000,Health Care,Insufficient technical and organisational measures to ensure information security,"According to the data protection authority, personal information about participants in a public competition had been unlawfully disclosed online. The reason for this was that, due to a configuration error, a list of the codes assigned to the candidates was temporarily accessible on the platform, which allowed access to the documents submitted by the candidates with their personal data. This was a violation of the principle of protection of information security. In addition, the data protection authority found that the information obligations were also not complied with and that the hospital had also not provided a sufficient data processing agreement with the data processor [which was also fined, see fine for ""Scanshare""] in accordance with Art. 28 GDPR.",cyber_nonmalicious,High,config error exposed candidate data
2628,Spain,4/3/2025,600,"Finance, Insurance and Consulting",Insufficient technical and organisational measures to ensure information security,"The Spanish DPA imposed a fine on the owner of a law firm. The controller disclosed personal information in an external email because they did not implement sufficient technical and organizational measures. The original fine of EUR 1,000 was reduced to EUR 600 due to immediate payment and admission of responsibility by the controller.",cyber_nonmalicious,Medium,disclosed info in external email (misdirected)
313,Hungary,6/12/2020,288000,"Media, Telecoms and Broadcasting",Insufficient technical and organisational measures to ensure information security,"The company had infringed the principles of purpose limitation and storage restriction because its database contained a large amount of customer data which were no longer relevant for the actual purpose of collection and for which no retention period had been set. Furthermore, the NAIH pointed out that the defendant had not taken proportionate measures to reduce the risks in the area of data management and data security, arguing, inter alia, that it had not used encryption mechanisms.",not_cyber,Low,retention/purpose limitation
622,Spain,4/5/2021,3000,Industry and Commerce,Insufficient technical and organisational measures to ensure information security,"The Spanish DPA (AEPD) has fined Electrotecnica Bastida S.L. EUR 3,000. Police officers had found 29 envelopes addressed to the controllers' respective employees on a vacant lot in the local industrial area. Two envelopes had already been opened. The envelopes contained results of medical examinations. The AEPD considered this to be a breach of the controller's duty to implement adequate technical and organizational measures to protect the processing of personal data.",cyber_nonmalicious,High,envelopes with medical results on vacant lot (physical)
132,Spain,2019,48000,"Media, Telecoms and Broadcasting",Insufficient technical and organisational measures to ensure information security,Customers could access personal data of other customers in the customer area. The initial fine of EUR 60.000 was reduced to EUR 48.000.,cyber_nonmalicious,High,customers could access others data
401,Romania,9/8/2020,2000,"Media, Telecoms and Broadcasting",Insufficient technical and organisational measures to ensure information security,Sending the personal data collected for the registration for an online course to other participants due to a technical failure.,cyber_nonmalicious,High,course registration data to other participants (technical failure)
2492,Poland,11/20/2024,4700,Not assigned,Insufficient technical and organisational measures to ensure information security,"The Polish DPA has imposed a fine of EUR 4,700 on a subcontractor that was contracted to redesign the website of another company. This fine is linked to ETid-2491. Due to an error by an employee of the subcontractor, customer data (including first name, last name, email address, address, and encrypted passwords) was accidentally published on the website during the redesign process. The incident affected approximately 20,000 data subjects. During its investigation, the DPA found that the subcontractor had failed to implement and verify appropriate technical and organizational measures to protect personal data, which could have prevented such an incident.",cyber_nonmalicious,High,employee error published customer data during rebuild
1892,Italy,4/14/2023,237800,Transportation and Energy,Insufficient technical and organisational measures to ensure information security,"The Italian DPA has imposed a fine of EUR 237,800 against Green Network S.p.A.. The DPA had received several complaints from data subjects regarding unauthorized telemarketing. During its investigation, the DPA found that the controller had not taken appropriate technical and organizational measures to be informed about all the operations carried out in the telemarketing chain.",not_cyber,High,telemarketing
3124,Italy,2/26/2026,32000,Industry and Commerce,Insufficient technical and organisational measures to ensure information security,"The Italian DPA has imposed a fine of EUR 32,000 on Dedalus Italia S.p.A. The controller, who operates an employee portal used in the healthcare sector, carried out maintenance work on the application, but failed to implement adequate technical and organisational security measures. This resulted in employees of the portal's users being able to access the personal data of their colleagues that they should not have been able to access.",cyber_nonmalicious,High,maintenance let employees access colleagues data
2317,United Kingdom,4/30/2024,8700,Individuals and Private Associations,Insufficient technical and organisational measures to ensure information security,"The UK DPA (ICO) has fined the Central Young Men’s Christian Association EUR 8,700. The controller had sent an email to individuals participating in a program for individuals suffering from HIV without using the blind copy option, which made the email addresses of all recipients known to other recipients. 166 individuals could be identified or potentially identified based on their email addresses. From this it could be concluded that these people were probably living with HIV.",cyber_nonmalicious,High,email no BCC; HIV inference
2376,Romania,6/25/2024,1000,Transportation and Energy,Insufficient technical and organisational measures to ensure information security,"The Romanian DPA has imposed a fine of EUR 1,000 on Rețele Electrice Dobrogea SA. A user who logged into their account was able to access the personal data of other customers. During its investigation, the DPA found that the controller had failed to implement appropriate technical and organizational measures to protect personal data.",cyber_nonmalicious,High,logged-in user could access others data
1356,Spain,7/12/2022,6000,Transportation and Energy,Insufficient technical and organisational measures to ensure information security,"The Spanish DPA has imposed a fine on FREE SUN ENERGY S.L.. A customer of the company had filed a complaint with the DPA because instead of receiving their invoice, they had received that of another customer containing that customer's personal data. The original fine of EUR 10,000 was reduced to EUR 6,000 due to voluntary payment and admission of guilt.",cyber_nonmalicious,High,received another customers invoice
263,Romania,3/25/2020,4150,"Media, Telecoms and Broadcasting",Insufficient technical and organisational measures to ensure information security,The company has sent an email to a customer which contained personal data of another customer due to inadequate technical and organisational measures to ensure information security.,cyber_nonmalicious,High,email with another customers data
1841,Malta,2020,2500,Not assigned,Insufficient technical and organisational measures to ensure information security,The controller has disclosed a personal email address to all recipients of the email.,cyber_nonmalicious,High,disclosed email address to all recipients (no BCC)
3018,Greece,12/31/2025,10000,"Media, Telecoms and Broadcasting",Insufficient technical and organisational measures to ensure information security,"The Greek DPA has imposed a fine of EUR 10,000 on SIGMA & KAPPA IMPORTING SOCIÉTÉ ANONYME. The fined entity is the processor of Thessaloniki–Thessaly Gas Supply Company S.A. (ETid-3016). The processor, a call center involved in direct marketing activities, had not implemented sufficient technical and organisational measures to prevent operators from calling data subjects who had not given their consent for direct marketing calls.",not_cyber,High,call center called non-consenting (marketing)
15,Czech Republic,2/4/2019,1165,"Finance, Insurance and Consulting",Insufficient technical and organisational measures to ensure information security,"Data was not processed in a manner that ensures appropriate security of the personal data, including protection against unauthorised or unlawful processing and against accidental loss, destruction or damage, using appropriate technical or organisational measures ('integrity and confidentiality').",unclear,Low,generic integrity/confidentiality; no detail
343,Spain,7/10/2020,55000,"Media, Telecoms and Broadcasting",Insufficient technical and organisational measures to ensure information security,"The company had changed a contract for a mobile phone connection to a new owner, whereby the personal data of a data subject such as his address and telephone numbers were freely accessible. This constituted a violation of the principles of confidentiality and integrity.",cyber_nonmalicious,Medium,"contract to new owner, data accessible"
1806,Spain,5/3/2023,200000,Not assigned,Insufficient technical and organisational measures to ensure information security,"The Spanish DPA has imposed a fine of EUR 200,000 against GSMA LTD.. An individual had filed a complaint with the DPA because they had to transfer special categories of personal data (e.g., ID card data) to the controller in order to register for an event. In the course of its investigation, the DPA found that the controller had failed to conduct a data protection impact assessment for these processing operations.",not_cyber,High,"required special-category data, no DPIA"
1382,France,9/13/2022,250000,Public Sector and Education,Insufficient technical and organisational measures to ensure information security,"The French DPA has imposed a fine of EUR 250,000 on GIE INFOGREFFE. The portal operates a website where people can access legal information about companies and order documents certified by the commercial courts.
As part of its investigation, the DPA found that the personal data of 25% of members and subscribers, such as bank details, surnames, first names, addresses and telephone numbers, were kept for longer than intended (36 months). The DPA considered this to be a violation of Art. 5 (1) e) GDPR. 

In addition, the DPA found that the portal did not require the use of a secure password when creating an account, resulting in 3.7 million accounts not having a sufficiently secure password. 

Furthermore, the portal transmitted passwords that allowed access to accounts unencrypted via email. Besides, the portal also stored the passwords and secret questions and answers used during the process of resetting passwords by users in a database without encryption.

For this reason, the DPA found that the portal had failed to implement adequate technical and organizational measures to protect personal data.",cyber_nonmalicious,Medium,retention + weak/transmitted passwords; mixed
1822,Hungary,4/22/2022,8000,Individuals and Private Associations,Insufficient technical and organisational measures to ensure information security,"The Hungarian DPA has imposed a fine of EUR 8,000 on a party. The party had suffered a data protection breach resulting in six Excel files being made accessible on the Internet. The files contained personal data of party members. The incident affected approximately 2,000 data subjects. During its investigation, the DPA found that the party had failed to take appropriate technical and organizational measures to protect personal data, which allowed such an incident to occur.",cyber_nonmalicious,High,6 Excel files accessible on internet
832,Cyprus,9/6/2021,25000,Industry and Commerce,Insufficient technical and organisational measures to ensure information security,"The Cypriot DPA has imposed a fine of EUR 25,000 on Hellenic Technical Enterprises Ltd.. The controller hat designed the ticket sales system of the soccer clubs AC Omonia and APOEL FC. Due to a lack of security measures in the ticket sales system, it was possible for an unauthorized person to access and disclose personal data of fans on the club's website. This data involved the name, the fan card number and the ID number of the data subjects. The DPA concluded that the controller failed to implement adequate technical and organizational security measures. In separate proceedings, the DPA fined APOEL FC and AC Omonia for the same violations.",cyber_nonmalicious,Medium,ticket-system flaw exposed fan data
823,Spain,9/2/2021,4000,Industry and Commerce,Insufficient technical and organisational measures to ensure information security,"The Spanish DPA (AEPD) has fined Automecanica Jerez, S.L. EUR 4,000. The controller had sent commercial e-mails to a large number of people without their consent. In doing so, the controller failed to hide the personal data of the recipients, such as surname, first name and email address, which allowed the other recipients to view the data. The AEPD considered this to be a violation of Article 5 (1) f) GDPR and Article 32 GDPR, as the controller had failed to implement technical and organizational measures to ensure an adequate level of security in the processing of personal data. Furthermore the AEPD found a breach of Art. 21 LSSI.",cyber_nonmalicious,High,commercial emails without hiding recipients (no BCC)
1230,Romania,6/15/2022,3000,Industry and Commerce,Insufficient technical and organisational measures to ensure information security,"The Romanian DPA has imposed a fine of EUR 3,000 on S.C. Wine Point S.R.L.. A data subject had filed a complaint with the DPA for having received an advertising e-mail from the controller, which contained a distribution list in which the e-mail addresses of 810 other persons, as well as their own, were visible to the other recipients. During its investigation, the DPA found that the controller had failed to take appropriate technical and organizational measures to ensure the confidentiality of the personal data processed.",cyber_nonmalicious,High,advertising email open distribution list
621,Spain,4/5/2021,3000,Industry and Commerce,Insufficient technical and organisational measures to ensure information security,"The Spanish DPA (AEPD) has fined Kukimbia S.L. EUR 3,000. The controller is a company that stores, transports and distributes goods. Documents containing personal data about the controller's customers and suppliers were found freely accessible next to a trash can near one of the controller's warehouses. The DPA determined that the controller had violated Art. 32 GDPR.",cyber_nonmalicious,High,documents accessible near trash at warehouse (physical)
2491,Poland,11/20/2024,358000,Not assigned,Insufficient technical and organisational measures to ensure information security,"The Polish DPA has imposed a fine of EUR 358,000 on a company. The company had inadvertently published customer data (first name, last name, email address, home address, encrypted passwords) in the process of redesigning its website. The incident affected approximately 20,000 data subjects. The DPA found that the controller had not sufficiently ensured the security of personal data during the process, for example, by conducting regular tests and risk assessments. Instead, it relied on information provided by the hired subcontractor without proper oversight.",cyber_nonmalicious,High,inadvertently published customer data during rebuild
504,Romania,12/29/2020,1000,Industry and Commerce,Insufficient technical and organisational measures to ensure information security,"The Romanian DPA (ANSPDCP) fined Qualitance QBS SA EUR 1,000 for a violation of Art. 32 GDPR. The company had sent information by email to 295 individuals, disclosing the email addresses of the other recipients. The ANSPDCP noted that the company had not taken sufficient security measures to ensure the confidentiality of the personal data of the data subjects.",cyber_nonmalicious,High,email disclosed recipients addresses (no BCC)
2593,Estonia,7/15/2024,30000,Not assigned,Insufficient technical and organisational measures to ensure information security,"The Estonian DPA imposed a fine of EUR 30,000 on Pere Sihtkapital SA. The controller conducted a survey on childless families. In the process, the controller failed to take all the necessary technical and organizational measures to ensure the required level of data protection. Pere Sihtkapital SA appealed against the decision. The outcome and status of the appeal are unknown.",unclear,Low,"survey, failed measures; vague"
2562,Spain,12/12/2024,3500000,"Finance, Insurance and Consulting",Insufficient technical and organisational measures to ensure information security,"The Spanish DPA has imposed a fine of EUR 3.5 million on CAIXABANK, S.A. Following a complaint from customers, it was found that the mother of an account holder had access to a joint account via the bank's online platform, even though she was neither the account holder nor an authorized user. The DPA found that CaixaBank had not taken adequate technical and organizational measures to protect personal data. In addition, the principle of data protection by design and by default had been violated.",not_cyber,High,rape-testimony media case
1298,Italy,5/26/2022,50000,Health Care,Insufficient technical and organisational measures to ensure information security,"The Italian DPA imposed a fine of EUR 50,000 on the healthcare facility Azienda sanitaria universitaria Friuli Occidentale. Employees of the healthcare facility had accessed patients' health data even though they were not involved in the treatment of the patients and such access was not required. During its investigation, the DPA found that the healthcare facility's IT platform allowed any employee to access patients' personal data, even if they did not actually treat certain patients. In addition, the DPA found that the health care facility's IT platform did not install systems that indenfied improper use of the personal data.",cyber_nonmalicious,High,employees accessed patient data not treating (over-broad)
3201,Spain,4/15/2026,400000,"Finance, Insurance and Consulting",Insufficient technical and organisational measures to ensure information security,"The Spanish DPA has imposed a fine of EUR 400,000 on CAIXABANK, S.A. The controller's customer service department forwarded the personal data of data subjects to an unrelated third party. This incident occurred due to human error, and the controller failed to implement adequate technical and organisational measures to prevent it. The original fine of EUR 500,000 was reduced to EUR 400,000 due to immediate payment by the controller.",cyber_nonmalicious,High,customer service forwarded data to third party (human error)
126,Romania,11/28/2019,,"Finance, Insurance and Consulting",Insufficient technical and organisational measures to ensure information security,"Original Fine Summary: ING Bank has not taken appropriate technical and organisational measures for an automated data processing system during the settlement process of card transactions affecting 225,525 customers, resulting in double transactions being executed between 8 and 10 October. Update: The Bucharest Court of Appeal overturned the fine of EUR 80,000.",cyber_nonmalicious,Low,"automated settlement error, double transactions; borderline"
2342,Spain,3/21/2024,5000,Not assigned,Insufficient technical and organisational measures to ensure information security,"The Spanish DPA has imposed a fine of EUR 5,000 on HIPERBAZAR YONGFA 2018 SL. A person had filed a complaint with the DPA against the controller. The controller had provided recordings from his video surveillance system showing the data subject to a third party who then published them on Facebook.",cyber_nonmalicious,Low,CCTV footage disclosed & published; borderline
476,Spain,12/2/2020,10000,"Finance, Insurance and Consulting",Insufficient technical and organisational measures to ensure information security,"The Spanish DPA (AEPD) imposed a fine on Losada Advocats S.L. for sending an e-mail to dozens of recipients without putting them on the Blind Carbon Copy (BCC) list, thus violating Art. 32 GDPR and Art. 5 (1) f) GDPR.",cyber_nonmalicious,High,email without BCC
1715,Spain,3/21/2023,40000,"Media, Telecoms and Broadcasting",Non-compliance with general data processing principles,"The Spanish DPA has imposed a fine on TITANIA COMPAÑÍA EDITORIAL, S.L.. Several media outlets, including the controller had published an audio recording of a multiple rape victim's testimony in court on their websites to report on the case. The case had attracted a lot of media attention. During its investigation, the DPA determined that the rape victim's right to privacy outweighed the controller's freedom of information. The audio recordings of the victim did not add any significant value to the reporting, but rather severely compromised the victim's privacy. For this reason, the DPA found that the controller violated the principle of data minimization. The original fine of EUR 50,000 was reduced to EUR 40,000 due to voluntary payment.",not_cyber,High,rape-testimony media case
1188,United Kingdom,3/10/2022,115000,"Finance, Insurance and Consulting",Non-compliance with general data processing principles,"The UK DPA (ICO) has fined law firm Tuckers Solicitors LLP EUR 115,000. Tuckers suffered a ransomware attack on its systems, which resulted in a personal data breach. As part of its investigation, the DPA determined that Tuckers had failed to take appropriate technical and organizational measures to protect personal data. This failure left its systems vulnerable to malicious attacks. The attackers managed to encrypt 972,191 individual files of which 24,712 were related to court proceedings and to siphon off 60 files and publish them in underground data marketplaces. The files contained both personal and special category data, such as medical records, witness statements, names and addresses of witnesses and victims, and the alleged crimes of data subjects.",cyber_malicious,High,ransomware attack (Tuckers)
2428,Poland,5/20/2024,336000,Health Care,Insufficient technical and organisational measures to ensure information security,"The Polish DPA has imposed a fine of EUR 336,000 on a company. The company had suffered a ransomware attack on their systems which resulted in the loss of personal data. During its investigation the DPA found that the company had failed to install adequate technical and organizational measures to protect personal data, allowing such an attack to occur.",cyber_malicious,High,ransomware attack
2561,United Kingdom,3/26/2025,3500000,Health Care,Insufficient technical and organisational measures to ensure information security,"The UK DPA (ICO) has fined Advanced Computer Software Group Ltd £3.07 million (EUR 3.5 million) for insufficient IT security (infringiment of Art. 32 (1) UK GDPR). The controller failed to implement appropriate technical and organisational measures to protect personal data. A ransomware attack in August 2022 allowed hackers to access systems of a health subsidiary via a customer account that lacked multi-factor authentication. As a result, the personal data of 79,404 individuals was put at risk.",cyber_malicious,High,"ransomware attack, no MFA"
58,United Kingdom,10/16/2020,22046000,Transportation and Energy,Insufficient technical and organisational measures to ensure information security,"In July 2019, the ICO issued a notice of its intention to fine British Airways £183.39M for GDPR infringements which likely involve a breach of Art. 32 GDPR. The proposed fine relates to a cyber incident notified to the ICO by British Airways in September 2018. This incident in part involved user traffic to the British Airways website being diverted to a fraudulent site. Through this false site, customer details were harvested by the attackers. Personal data of approximately 500,000 customers were compromised in this incident, which is believed to have begun in June 2018. The ICO’s investigation has found that a variety of information was compromised by poor security arrangements at the company, including log in, payment card, and travel booking details as well name and address information.

In the meantime, the final fine imposed on the airline has been set at £20 million (approximately EUR 22,046,000). The ICO emphasized that when setting the amount of the fine, it also took into account the economic impact of the COVID-19 (""Coronavirus"") pandemic on the airline industry.",cyber_malicious,High,"BA cyber incident; traffic diverted, data harvested"
1287,Spain,7/19/2022,4000,Industry and Commerce,Insufficient technical and organisational measures to ensure information security,"The Spanish Data Protection Agency has imposed a fine of EUR 4,000 on an employee of a bookstore. An individual had filed a complaint with the DPA because he had received an invoice from another person containing that person's personal data. The employee had inadvertently sent the invoice to the wrong recipient.",cyber_nonmalicious,High,invoice to wrong recipient
1714,Spain,3/21/2023,40000,"Media, Telecoms and Broadcasting",Non-compliance with general data processing principles,"The Spanish DPA has imposed a fine on EDITORIAL DE PRENSA CANARIA, S.A.. Several media outlets, including the controller had published an audio recording of a multiple rape victim's testimony in court on their websites to report on the case. The case had attracted a lot of media attention. During its investigation, the DPA determined that the rape victim's right to privacy outweighed the controller's freedom of information. The audio recordings of the victim did not add any significant value to the reporting, but rather severely compromised the victim's privacy. For this reason, the DPA found that the controller violated the principle of data minimization. The original fine of EUR 50,000 was reduced to EUR 40,000 due to voluntary payment.",not_cyber,High,rape-testimony media case
2551,Spain,1/17/2025,8000,"Finance, Insurance and Consulting",Non-compliance with general data processing principles,"The Spanish DPA has imposed a fine on CAJA RURAL NTRA. SRA. DEL ROSARIO. The controller had suffered a cyber attack in which the attackers were able to access customer data due to a security vulnerability in its systems. The DPA found that the company had failed to implement the necessary security measures that could have prevented such an incident. The original fine of EUR 10,000 was reduced to EUR 8,000 due to voluntary payment.",cyber_malicious,High,cyber attack (Caja Rural)
716,Sweden,6/7/2021,25000,Health Care,Insufficient fulfilment of information obligations,"The Swedish DPA has imposed a fine of EUR 25,000 on Region Värmland. The fine is related to an investigation against three companies and three Swedish regions. 

In all 21 regions of Sweden, a telephone hotline that offers advice on various health-related topics can be reached by dialing 1177. Each region operates its own health advice service, either internally or through contracted subcontractors, but together they form a national network.
In 2019, the media reported that recorded calls to the 1177 helpline were available on a web server without password protection or other security measures. 
All calls to the 1177 number initially went to the company Inera, which managed and developed the shared systems. Calls to the number 1177 from people living in the Stockholm, Sörmland and Värmland regions were put through by Inera to Medhelp AB, which took the calls. Medhelp had in turn contracted the Thai company Medicall Co Ltd. to take calls on weekends and at night. Both Medhelp and Medicall had a contract with the technology company Voice Integrate Nordic AB for, among other things, call recordings. A data breach had then occurred in which recordings of calls to the number 1177 were available on the Internet on a storage server belonging to Voice Integrate. 
The incident resulted from the misconfiguration of a network-attached storage device that was publicly accessible over the Internet and did not use encrypted communications. A large number of calls were accessed due to the vulnerability. 

The DPA imposed the fine on Region Värmland for collecting call data from data subjects without first properly informing them of its processing.",cyber_nonmalicious,High,1177 case (recordings on open server)
1832,Bulgaria,5/4/2022,500000,Transportation and Energy,Insufficient technical and organisational measures to ensure information security,"The Bulgarian DPA has imposed a fine of EUR 500,000 on Bulgarian Posts EAD. The controller had suffered a hacking attack, during which the attackers managed to access the controller's databases. During its investigation, the DPA found that the controller had failed to implement adequate technical and organizational measures to protect personal data in order to avoid a data breach.",cyber_malicious,High,hacking attack
2899,United Kingdom,10/15/2025,6880000,Industry and Commerce,Insufficient technical and organisational measures to ensure information security,"The UK DPA has imposed a fine of £ 6,000,000 (EUR 6,880,000) on CAPITA PENSION SOLUTIONS LIMITED. CAPITA PENSION SOLUTIONS LIMITED acts as the data processor for the CAPITA Group, which has suffered a cyber attack. The processor failed to implement adeqaute technical and organisational measures to ensure data security and also failed to adequatly react to the incident.",cyber_malicious,High,cyber attack (Capita Pension)
1684,Romania,3/15/2023,4000,Individuals and Private Associations,Insufficient technical and organisational measures to ensure information security,"The Romanian DPA has fined the Partidul Uniunea Salvați România party EUR 4,000. The controller had suffered a phishing attack in which the attackers gained unauthorized access to personal data such as first name, last name, email, phone number, as well as data on the political affiliation of the data subjects. The DPA found that the controller had failed to implement adequate technical and organizational measures such as data encryption to protect personal data, which facilitated such an attack.",cyber_malicious,High,phishing attack
2457,Poland,8/20/2024,940000,"Finance, Insurance and Consulting",Insufficient fulfilment of data breach notification obligations,"The Polish DPA has fined mBank EUR 940,000. The bank had suffered a data breach in which an employee of the controller sent documents containing customer data to the wrong recipient. The documents contained information such as names, account numbers, dates of birth and ID card numbers. Although the documents were returned to mBank, the envelope had been opened , meaning that third parties may have had access to the documents. During its investigation, the DPA found that, although the controller informed the DPA of the incident, it failed to notify the data subjects in a timely manner.",cyber_nonmalicious,High,employee sent docs to wrong recipient
3071,Romania,3/25/2026,125000,Industry and Commerce,Insufficient technical and organisational measures to ensure information security,"The Romanian DPA has imposed a fine of EUR 125,000 on RENAULT COMMERCIAL ROUMANIE S.R.L. The controller suffered a successful cyber attack due to insufficient technical and organisational measures to ensure data security, resulting in a large quantity of personal data being published on a platform. Additionally, the controller failed to use data processors that could guarantee the technical and organisational measures ensuring data security.",cyber_malicious,High,successful cyber attack
748,Luxembourg,6/11/2021,7200,Employment,Non-compliance with general data processing principles,"The DPA from Luxembourg (CNPD) has imposed a fine of EUR 7,200 on a company. The company had installed a video surveillance system to protect the company's assets, prevent intrusion by unauthorized persons and prevent accidents. However, the cameras also captured parts of an employee's work area and the smoking area that employees frequently used. Furthermore, the controller had installed location sensors on the cars in its fleet. This was intended to optimize the company's operations.

The DPA finds that the recording of employees was not necessary to ensure the purposes associated with the video surveillance and was therefore disproportionate. The DPA states that the controller thus violated the principle of data minimization under Article 5 (1) c) of the GDPR.

The location data collected by the controller was stored for a period of eight months, although this would not have been necessary for the purposes of the processing. The DPA considered this to be a violation of the principle of data retention. 

Furthermore, the DPA found a violation of the information obligations set out in Art. 13 GDPR. 

Finally, the DPA found a violation of Art. 32 (1) GDPR. All persons who had authorized access to the software via which the locations could be tracked used the same account and not an individual account.",not_cyber,High,CCTV/employee monitoring + fleet trackers
190,Germany,10/24/2019,100000,Accomodation and Hospitality,Insufficient technical and organisational measures to ensure information security,"The company had set up an applicant portal on its website where interested parties could submit their application documents online. However, the company did not offer an encrypted transmission of the data, nor did it store the applicant data in an encrypted or password-protected manner. In addition, the unsecured applicant data was linked to Google, so that anyone searching for the respective applicant names on Google could find their application documents and retrieve them without access restrictions.",cyber_nonmalicious,High,applicant portal unencrypted; Google-indexed
936,Spain,11/23/2021,40000,"Media, Telecoms and Broadcasting",Insufficient legal basis for data processing,"The Spanish DPA (AEPD) has imposed a fine on Vodafone España, S.A.U.. A data subject had filed a complaint with the DPA as the controller had transferred her cell phone line to another person without her consent due to a technical error. In addition, the data subject's account was debited with amounts that belonged to a third party's phone line. The DPA found that Vodafone had unlawfully processed the data subject's data. The original fine of EUR 50,000 was reduced to EUR 40,000 due to voluntary payment.",not_cyber,Low,line transferred via technical error (legal basis)
1436,Romania,9/21/2022,5000,"Media, Telecoms and Broadcasting",Insufficient technical and organisational measures to ensure information security,"The Romanian DPA has imposed a fine of EUR 5,000 on Curtea Veche Publishing SRL. 

The controller had reported two data breaches to the DPA pursuant to Art. 33 GDPR.  

In the first data breach, the controller had inadvertently published a file containing the customer database in a public forum. 
This resulted in the unauthorized disclosure of personal data such as first name, last name, phone number, email, password in encrypted form and IP address of 10,793 customers. 

The second data breach concerned a ransomware attack that resulted in unauthorized access and loss of integrity as well as availability of personal data of about 100 data subjects.

During its investigation, the DPA found that the controller had failed to implement adequate technical and organizational measures to protect personal data. This failure to implement protective measures permitted the data breaches to occur.",cyber_malicious,Medium,two breaches: public-forum exposure + ransomware
2220,Spain,10/25/2023,6100000,Transportation and Energy,Non-compliance with general data processing principles,"The Spanish DPA has fined ENDESA ENERGÍA, S.A.U. EUR 6,1 million due to a security breach resulting in unauthorized access to its systems. The controller had informed the DPA that certain Facebook ads had been placed offering the sale of login credentials for the Endesa platform, resulting in the compromise of data such as names, first names, ID numbers, telephone numbers, email addresses, postal addresses, bank account numbers, of millions of individuals. 

The DPA found that the controller had failed to implement appropriate technical and organizational measures to protect personal data in order to prevent such incidents. In addition, the controller failed to inform the DPA and the data subjects of the security incident in a timely manner. Finally, the DPA found that the controller did not implement adequate safeguards for the transfer of personal data to countries not covered by an adequacy decision of the EU Commission.",cyber_malicious,High,credentials sold on Facebook; compromise
2539,Spain,1/17/2025,88000,"Finance, Insurance and Consulting",Non-compliance with general data processing principles,"The Spanish DPA has imposed a fine on CAJA RURAL DE
EXTREMADURA S.C.C.. The controller had suffered a cyber attack in which the attackers were able to access customer data due to a security vulnerability in its systems. The DPA found that the company had failed to implement the necessary security measures that could have prevented such an incident. The original fine of EUR 110,000 was reduced to EUR 88,000 due to voluntary payment.",cyber_malicious,High,cyber attack (Caja Rural)
2582,Spain,1/16/2025,72000,"Finance, Insurance and Consulting",Non-compliance with general data processing principles,"The Spanish DPA has imposed a fine on CAJA RURAL CENTRAL, S.C.C.. The controller had suffered a cyber attack in which the attackers were able to access customer data due to a security vulnerability in its systems. The DPA found that the company had failed to implement the necessary security measures that could have prevented such an incident. The original fine of EUR 90,000 was reduced to EUR 72,000 due to voluntary payment.",cyber_malicious,High,cyber attack (Caja Rural)
2558,Spain,2/5/2024,3500000,Transportation and Energy,Non-compliance with general data processing principles,"The Spanish DPA has imposed a fine of EUR 3.5 million on I-DE REDES ELÉCTRICAS INTELIGENTES, S.A.U. The controller had suffered a cyber attack on its GEA web application resulting in the compromise of personal data of millions of customers. During its investigation, the DPA found that Iberdrola had not taken sufficient security measures to prevent the attack.",cyber_malicious,High,cyber attack on web app
2756,Romania,7/23/2025,5000,Industry and Commerce,Insufficient technical and organisational measures to ensure information security,"The Romanian DPA has imposed a fine of EUR 5,000 on Agricola International SA. The controller failed to implement sufficient technical and organisational measures, resulting in a cyber attack.",cyber_malicious,High,cyber attack
1502,Ireland,11/25/2022,265000000,"Media, Telecoms and Broadcasting",Insufficient technical and organisational measures to ensure information security,"The Irish DPA has fined Meta Platforms Ireland Limited EUR 265 million. The DPA had launched an investigation against Meta in 2021 after media reports indicated that a dataset containing personal data from Facebook had been made available on a hacking platform. The data leak affected up to 533 million users with their data such as phone numbers and email addresses.  
As part of the investigation, the DPA reviewed and assessed the Facebook Search, Facebook Messenger Contact Importer and Instagram Contact Importer tools. The DPA primarily reviewed the implementation of technical and organizational measures to protect personal data and found a breach of Art. 25 GDPR",cyber_malicious,Medium,scraped data posted on hacking platform
1677,Ireland,12/30/2022,15000,Transportation and Energy,Insufficient technical and organisational measures to ensure information security,"The Irish DPA (DPC) has fined A&G Couriers Limited T/A Fastway Couriers (Ireland) EUR 15,000. During a changeover of its IT systems, the controller had suffered a cyberattack in which unauthorized third parties gained access to personal data. The DPA found that the controller had failed to implement adequate technical and organizational measures to protect personal data, which facilitated such an attack.",cyber_malicious,High,cyberattack during IT changeover
725,The Netherlands,2/4/2021,12000,Health Care,Insufficient technical and organisational measures to ensure information security,"The Dutch DPA (AP) has fined an orthodontic clinic EUR 12,000. The web form that new patients used to sign up contained mandatory fields for all sorts of patient personal data. The data that the patients (mostly children) entered into the form was then sent to the orthodontic clinic via an unencrypted - and thus unsecured - connection. This presented the risk of unauthorized third parties accessing the personal data of the data subjects.",cyber_nonmalicious,High,web-form data sent unencrypted
2552,Spain,1/17/2025,80000,"Finance, Insurance and Consulting",Non-compliance with general data processing principles,"The Spanish DPA has imposed a fine on CAJA RURAL DE ALBACETE, CIUDAD REAL Y CUENCA, S.C.T. The controller had suffered a cyber attack in which the attackers were able to access customer data due to a security vulnerability in its systems. The DPA found that the company had failed to implement the necessary security measures that could have prevented such an incident. The original fine of EUR 100,000 was reduced to EUR 80,000 due to voluntary payment.",cyber_malicious,High,cyber attack (Caja Rural)
2553,Spain,1/17/2025,200000,"Finance, Insurance and Consulting",Non-compliance with general data processing principles,"The Spanish DPA has imposed a fine on CAJA RURAL DE SALAMANCA, S.C.C.. The controller had suffered a cyber attack in which the attackers were able to access customer data due to a security vulnerability in its systems. The DPA found that the company had failed to implement the necessary security measures that could have prevented such an incident. The original fine of EUR 250,000 was reduced to EUR 200,000 due to voluntary payment.",cyber_malicious,High,cyber attack (Caja Rural)
1618,Cyprus,2022,6000,Transportation and Energy,Insufficient technical and organisational measures to ensure information security,"The Cypriot DPA has imposed a fine of EUR 6,000 on Hermes Airport Ltd. The controller had suffered a cyber attack which, according to the DPA, had been caused due to a lack of technical and organizational measures for the protection of personal data and a lack of supervision of a processor.",cyber_malicious,High,cyber attack (Hermes Airport)
2656,United Kingdom,6/5/2025,2700000,Health Care,Insufficient technical and organisational measures to ensure information security,"The UK DPA imposed a fine of £ 2,310,000 (EUR 2,700,000) on 23andMe, Inc. The controller, a company offering DNA testing to private individuals, failed to implement sufficient technical and organizational measures to ensure data security, especially in regards to the sensitivity of the processed data. As a result, a cyberattack occurred, which led to a data breach affecting 155,592 UK-based users over the course of at least five months. The DPA considered the controller's failure to identify the attack earlier and its failure to adequately inform the DPA about the breach as aggravating factors.",cyber_malicious,High,cyberattack (23andMe)
703,Greece,5/12/2021,5000,Industry and Commerce,Insufficient fulfilment of data subjects rights,"The Hellenic DPA has imposed a fine of EUR 5,000 on ΚARIERA A.E.. A data subject had filed a complaint with the DPA against the controller due to the fact that the controller continued to send him e-mail advertisements even though he had requested the deletion of his data and the controller had confirmed the deletion. Due to a technical error, the data subject's data had not been deleted.",not_cyber,High,marketing after deletion (subject rights)
2557,Spain,2/7/2024,3000000,Transportation and Energy,Non-compliance with general data processing principles,"The Spanish DPA has fined IBERDROLA, S.A. EUR 3 million following a cyberattack on I-DE Redes, which led to the compromise of customer data from millions of individuals. Although the cyberattack targeted the GEA web application of I-DE Redes, Iberdrola, as the entity responsible for managing the group's IT systems and security infrastructure, was found to have failed in implementing sufficient security measures to prevent the incident.",cyber_malicious,High,cyberattack on I-DE (Iberdrola)
495,Hungary,12/16/2020,1385,"Media, Telecoms and Broadcasting",Insufficient technical and organisational measures to ensure information security,"The Hungarian DPA (NAIH) imposed a fine of HUF 50,000 (EUR 1,385) on Next Time Media Ügynökség Kft. (Next Time Media Agency Ltd.). The web agency had been contracted by the travel agency Robinson Tours Idegenforgalmi és Szolgáltató Kft. (Robinson Tours Ltd.) to develop and operate the travel agency's online reservation system. However, the database was not only supplemented with test data, but also with real data of Robinson Tours' customers. In total, the data of 781 people was compromised. During the period from November 13, 2019, to February 4, 2020, these data were accessible to anyone and could be found via Google. The DPA found that Next Time Media Agency Ltd. did not take adequate technical and organizational measures to ensure the security of the personal data.",cyber_nonmalicious,High,test DB with real data indexed by Google
1754,Italy,1/26/2023,7000,Health Care,Insufficient technical and organisational measures to ensure information security,"The Italian DPA has imposed a fine of EUR 7,000 on Azienda Ospedaliera Bianchi Melacrino Morelli. The controller had mistakenly sent a document containing health data of the data subject to the wrong recipient. The DPA found that the healthcare facility had not taken sufficient technical and organizational measures to protect personal data.",cyber_nonmalicious,High,health doc to wrong recipient
2144,Cyprus,11/22/2023,45000,Public Sector and Education,Insufficient technical and organisational measures to ensure information security,"The Cypriot DPA has imposed a fine of EUR 45,000 on Open University of Cyprus. The university had suffered a data breach involving hackers publishing personal data of students, alumni etc. on the dark web. During its investigation, the DPA found that the university had failed to implement appropriate technical and organizational measures to protect personal data.",cyber_malicious,High,hackers published data on dark web
891,Romania,11/1/2021,5000,Transportation and Energy,Insufficient technical and organisational measures to ensure information security,"The Romanian DPA (ANSPDCP) has imposed a fine of EUR 5,000 on S.P.E.H. Hidroelectrica S.A.. The controller had notified the DPA of several breaches of personal data protection under Art. 33 of the GDPR. The data breach led to the data of 325 individuals being accessed unlawfully or passed on to the wrong recipients. The DPA considered this to be a breach by the controller of its obligation under Art. 32 (1) b), (2) GDPR to implement appropriate technical and organizational measures to ensure a level of security appropriate to the risk represented by the processing.

In addition, the DPA found that the controller had processed personal data of three customers after they had exercised their right to erase their data and revoked their consent to the processing. The processing was therefore carried out without a valid legal basis. 

The DPA imposed a fine of EUR 5,000 for a breach of Art. 32 (1) b), (2) GDPR. 

For a violation of Art. 5 (1) a) GDPR, Art. 6 (1) a) GDPR, the DPA further issued a warning.",cyber_nonmalicious,Medium,data to wrong recipients / unauthorized access; mixed
2080,Italy,9/28/2023,30000,Health Care,Insufficient technical and organisational measures to ensure information security,"The Italian DPA has fined Asl Napoli 3 Sud EUR 30,000.  
The healthcare facility had suffered a ransomware attack that used a virus to restrict access to the healthcare facility's database and demanded a ransom to restore the functionality of its systems.
During its investigation, the Garante DPA found that the controller had failed to install adequate technical and organizational measures to protect personal data. The incident affected data (including health data) of 842,000 patients and employees.",cyber_malicious,High,ransomware attack
1681,Romania,3/6/2023,3000,"Finance, Insurance and Consulting",Insufficient technical and organisational measures to ensure information security,"The Romanian DPA has imposed a fine of EUR 3000 on Integral Collection SRL. The controller had suffered a ransomware attack in which unauthorized third parties gained access to personal data such as address, credit card details, bank account information, telephone numbers etc. of data subjects.  During its investigation the DPA found that the controller had failed to implement adequate technical and organizational measures to protect personal data.",cyber_malicious,High,ransomware attack
629,Italy,2/25/2021,6000,Health Care,Non-compliance with general data processing principles,"The Italian DPA (Garante) has imposed a fine of EUR 6,000 on Azienda Ospedaliera Universitaria Careggi for a breach of Art. 5 GDPR and Art. 9 GDPR. Azienda Ospedaliera Universitaria Careggi had notified the DPA of a data breach under Art. 33 GDPR regarding the transfer of health data to the wrong person. Medical documents of a patient had been sent by mail both to the affected patient and to another patient. The controller states that the incident occurred due to an error in the printing process. The ward where the affected patient was treated was only equipped with two printers, and one doctor had unknowingly also taken a colleague's print job (the affected patient's documents) when taking out his print job (the documents of the wrong recipient).",cyber_nonmalicious,High,health docs to wrong person (printing error)
2872,Romania,9/9/2025,5000,Employment,Insufficient technical and organisational measures to ensure information security,"The Romanian DPA has imposed a fine of EUR 5,000 on Unita Turism Holding S.A. The controller did not implement adequate technical and organisational measures to ensure cybersecurity, resulting in a successful cyberattack.",cyber_malicious,High,successful cyberattack
1371,Romania,7/7/2022,4000,Industry and Commerce,Insufficient technical and organisational measures to ensure information security,"The Romanian DPA has imposed a fine of EUR 4,000 on E Software Concept SRL. The company had uploaded certain documents on its website that were publicly accessible. Among other things, the documents included invoices and transport documents. These documents contained numerous personal data such as name, surname, sender and recipient address, telephone number, user names and passwords as well as e-mail addresses. During its investigation, the DPA found that the public disclosure had occurred as a result of the company's failure to implement adequate technical and organizational measures to protect personal data. The DPA also found that the company had failed to comply with requests for information from the DPA during the investigation.",cyber_nonmalicious,High,documents publicly accessible on website
992,Italy,12/2/2021,30000,Health Care,Insufficient technical and organisational measures to ensure information security,"The Italian DPA (Garante) has fined Casa di cura Fondazione Gaetano e Piera Borghi s.r.l. EUR 30,000. The nursing home notified the DPA of a data breach pursuant to Art. 33 GDPR. The facility had suffered a cyber attack by a hacker who gained access to personal data and published it. This included publishing radiological images of patients on his Twitter account. The DPA's investigation revealed that the home had only secured the data with simple passwords. For this reason, the DPA found that the home had failed to implement appropriate technical and organizational measures to ensure a level of protection commensurate with the risk.",cyber_malicious,High,hacker published patient images
2968,Spain,11/28/2025,1560000,Industry and Commerce,Insufficient technical and organisational measures to ensure information security,"The Spanish DPA has imposed a fine of EUR 1,560,000 on SPRINTER MEGACENTROS DEL DEPORTE, S.L. The controller suffered a cyber attack due to insufficient technical and organisational measures being in place to ensure data security. Furthermore, the controller failed to adequately inform the affected data subjects. The original fine of EUR 2,600,000 was reduced to EUR 1,560,000 due to immediate payment and admission of responsibility by the controller.",cyber_malicious,High,cyber attack
1270,Denmark,7/14/2022,67200,"Finance, Insurance and Consulting",Insufficient technical and organisational measures to ensure information security,"The Danish DPA has imposed a fine of EUR 67,200 on the law firm SIRIUS. The law firm had suffered a cyber attack in which hackers gained access to the firm's servers and encrypted them. This gave them access to information about the firm's clients and business partners.
During its investigation, the DPA found that the law firm lacked basic security measures, which increased the risk of unauthorized access to client data. The firm's systems, for example, did not contain sufficient verification measures, such as multi-factor logins.",cyber_malicious,High,hackers accessed and encrypted servers
2334,Italy,4/11/2024,25000,Public Sector and Education,Insufficient technical and organisational measures to ensure information security,"The Italian DPA has imposed a fine of EUR 25,000 on Innova Camara. The controller had suffered a cyber attack in which databases were accessed and malicious files (backdoors) were inserted. During its investigation, the DPA found that the controller had failed to implement appropriate technical and organizational measures to protect personal data in order to prevent such an incident.",cyber_malicious,High,cyber attack; backdoors inserted
817,Poland,8/13/2021,2200,Public Sector and Education,Insufficient technical and organisational measures to ensure information security,"The Polish DPA (UODO) has imposed a fine of EUR 2,200 on the president of the Zgierz District Court. The president had reported a data breach involving the loss of an unencrypted USB stick by a probation officer. The data medium stored the data of 400 persons under probation supervision. The lost and at the same time unsecured data carrier has not yet been found, so that unauthorized persons could still have access to the personal data it contained. The president had assumed that the duty to secure the data did not lie with himself, but with the respective probation officers who had these data in use. However, the DPA found that the president himself should have secured the USB sticks.",cyber_nonmalicious,High,unencrypted USB lost by probation officer
1246,Spain,6/23/2022,30000,"Media, Telecoms and Broadcasting",Non-compliance with general data processing principles,"The Spanish DPA has imposed a fine on CORPORACIÓN DE RADIO Y TELEVISIÓN ESPAÑOLA S.A. Several media outlets, including the controller had published an audio recording of a multiple rape victim's testimony in court on their websites as well as on Twitter to report on the case. The case had attracted a lot of media attention. During its investigation, the DPA determined that the rape victim's right to privacy outweighed the controller's freedom of information. The audio recordings of the victim did not add any significant value to the reporting, but rather severely compromised the victim's privacy. For this reason, the DPA found that the controller violated the principle of data minimization. The original fine of EUR 50,000 was reduced to EUR 30,000 due to voluntary payment and admission of guilt.",not_cyber,High,rape-testimony media case
171,Spain,1/7/2020,44000,"Media, Telecoms and Broadcasting",Non-compliance with general data processing principles,"The company had sent a contract with personal data, including the applicant's name, address and telephone number, to the wrong recipient.",cyber_nonmalicious,High,contract to wrong recipient
902,The Netherlands,11/12/2021,400000,Transportation and Energy,Insufficient technical and organisational measures to ensure information security,"The Dutch DPA has fined airline Transavia EUR 400,000. 
In 2019, the airline suffered a data breach, in which a hacker gained access to Transavia's systems through two accounts held by the company's IT department. This could have potentially allowed the hacker to access data such as names, dates of birth, gender, email addresses, phone numbers, flight information and booking numbers of 25 million passengers. It was found that the hacker actually downloaded the personal data of 83,000 people. In 367 cases, the data included medical information of people who had requested, for example, wheelchair transportation or additional services because they were blind or deaf. The DPA noted that a lack of security measures allowed the hacker to access the systems. Thus, it was possible to access the airline's systems simply by entering the password. The systems did not incorporate multi-factor authentication. Furthermore, the access rights of the accounts were not limited to necessary systems, allowing the hacker to use them to gain access to multiple Transavia systems. The DPA found that Transavia had breached its duty to implement technical and organizational measures to ensure a level of security appropriate to the risk to data subjects.",cyber_malicious,High,hacker accessed systems via IT-dept accounts
1710,Spain,3/21/2023,50000,"Media, Telecoms and Broadcasting",Non-compliance with general data processing principles,"The Spanish DPA has imposed a fine of EUR 50,000 on DIARIO ABC, S.L.. Several media outlets, including the controller had published an audio recording of a multiple rape victim's testimony in court on their websites as well as on Twitter to report on the case. The case had attracted a lot of media attention. During its investigation, the DPA determined that the rape victim's right to privacy outweighed the controller's freedom of information. The audio recordings of the victim did not add any significant value to the reporting, but rather severely compromised the victim's privacy. For this reason, the DPA found that the controller violated the principle of data minimization.",not_cyber,High,rape-testimony media case
689,Ireland,3/23/2021,90000,"Finance, Insurance and Consulting",Insufficient technical and organisational measures to ensure information security,"The Irish DPA (DPC) has imposed a fine of EUR 90,000 on Irish Credit Bureau (ICB). The fine follows a data breach reported by the controller to the DPA on August 31, 2018. The controller is a credit reporting agency that maintains a database of credit contract performance between financial institutions and borrowers. The data breach occurred when the controller made a code change to its database that contained a technical error. As a result, between June 28, 2018 and August 30, 2018, the ICB database inaccurately updated the records of 15,120 closed accounts. The controller disclosed 1,062 inaccurate account records to financial institutions or affected individuals before the issue was resolved.",cyber_nonmalicious,Low,code-change error disclosed inaccurate records; borderline
3140,Greece,1/10/2025,120000,"Finance, Insurance and Consulting",Insufficient technical and organisational measures to ensure information security,"The Greek DPA has imposed a fine of EUR 120,000 on the National Bank of Greece S.A. The controller offered money transfers via the i-bank Pay/IRIS payment function. Due to technical errors, multiple cases of wrongful money transfers occurred because the controller failed to ensure that the correct phone numbers were linked to the correct profiles. The controller also failed to adequately respond to data subjects' requests to exercise their rights and failed to notify a personal data breach within the legal time period.",cyber_nonmalicious,Medium,"technical errors, wrong money transfers/phone links"
606,Romania,3/23/2021,2000,Health Care,Insufficient technical and organisational measures to ensure information security,"In February, the Romanian DPA (ANSPDCP) closed an investigation against S.C. Medicover S.R.L. and found a violation of Art. 32 (1) b), (2), (4) GDPR.  The DPA imposed a fine of EUR 2,000 on the controller. The investigation was initiated following successive notifications by the controller regarding personal data breaches related to unauthorized disclosure and unauthorized access to personal data such as name, correspondence address, email and health data of the data subjects. On several occasions, documents containing personal data had been sent to the wrong recipients. The DPA found that the incidents occurred due to the controller's failure to implement appropriate technical and organizational measures to protect the processing of personal data.",cyber_nonmalicious,High,documents to wrong recipients
2550,Spain,1/16/2025,400000,"Finance, Insurance and Consulting",Non-compliance with general data processing principles,"The Spanish DPA has imposed a fine on CAJA RURAL DE JAEN, BARCELONA Y MADRID, S.C.C.. The controller had suffered a cyber attack in which the attackers were able to access customer data due to a security vulnerability in its systems. The DPA found that the company had failed to implement the necessary security measures that could have prevented such an incident. The original fine of EUR 500,000 was reduced to EUR 400,000 due to voluntary payment.",cyber_malicious,High,cyber attack (Caja Rural)
1686,Romania,3/16/2023,1000,Health Care,Insufficient technical and organisational measures to ensure information security,"The Romanian DPA has imposed a fine of EUR 1,000 on Centrul Medical dr. Furtună Dan. The controller had sent results of a medical test via WhatsApp to the wrong recipient. As a result, personal data of the data subject, such as first and last name, telephone number and medical data, were unauthorizedly disclosed to third parties. The DPA found that the controller had failed to implement adequate technical and organizational measures to protect personal data.",cyber_nonmalicious,High,medical test via WhatsApp to wrong recipient
2898,United Kingdom,10/15/2025,9180000,Industry and Commerce,Insufficient technical and organisational measures to ensure information security,"The UK DPA has imposed a fine of £ 8,000,000 (EUR 9,180,000) on CAPITA PLC. CAPITA PLC acts as the data controller for the CAPITA Group, which has suffered a cyber attack. The controller failed to implement adeqaute technical and organisational measures to ensure data security and also failed to adequatly react to the incident.",cyber_malicious,High,cyber attack (Capita PLC)
3202,Spain,3/20/2026,150000,Industry and Commerce,Insufficient technical and organisational measures to ensure information security,"The Spanish DPA has imposed a fine of EUR 150,000 on ALÍA GESTIÓN INTEGRAL DE SERVICIOS, S.L. The controller suffered a data breach due to a ransomware attack, affecting 77,027 individuals. The attack probably occurred because attackers compromised VPN user credentials and a digital certificate to gain remote access to the internal network. The original fine of EUR 250,000 was reduced to EUR 150,000 due to immediate payment and admission of responsibility by the controller.",cyber_malicious,High,"ransomware, compromised VPN credentials"
2336,Spain,5/8/2024,12000,Health Care,Insufficient technical and organisational measures to ensure information security,"The Spanish DPA has imposed a fine on DENTALCUADROS BCN S.L.P.. The controller had suffered a cyberattack in which patient data was unlawfully accessed. During its investigation, the DPA found that the controller had failed to take appropriate technical and organizational measures to protect personal data. In addition, the controller failed to report the data breach to the DPA in a timely manner. The original fine of EUR 20,000 was reduced to EUR 12,000 due to voluntary payment and acknowledgement of responsibility.",cyber_malicious,High,"cyberattack, patient data accessed"
1794,Germany,2022,,"Finance, Insurance and Consulting",Insufficient technical and organisational measures to ensure information security,"The DPA of Brandenburg has imposed a five-digit fine on a bank. The bank had installed a video surveillance system that covered parts of the foyer of the branch with ATMs, the entrance area and the sidewalk and parking spaces in front of it. The transmission of the images as well as the commands to access the camera were carried out unencrypted via the Internet. The bank suffered a data breach in which unknown third parties compromised the video cameras and then posted the images on the Internet. They were also able to control the cameras to a limited extent.

During its investigation, the DPA found that the bank had failed to implement adequate technical and organizational measures to protect personal data, which facilitated such a breach. In addition, the DPA found that the bank failed to enter into a processing agreement with its processors, that also had access to cameras and images.",cyber_malicious,High,"attackers compromised CCTV cameras, posted online"
2227,Italy,2/8/2024,2800000,"Finance, Insurance and Consulting",Insufficient technical and organisational measures to ensure information security,"The Italian DPA has imposed a fine of EUR 2.8 million on UniCredit S.p.a.. The bank had suffered a cyberattack on its mobile banking portal, during which the attackers gained access to numerous data (e.g. name, social security number, identification codes) of thousands of customers and former customers. The attackers were also able to determine the PIN to access the portal of over 6,800 customers. 

During its investigation, the DPA found that the controller had failed to implement appropriate technical and security measures to counter such a cyber attack. The controller also did not prevent customers from using weak PINs. 

In setting the fine, the DPA considered the large number of data subjects and the seriousness of the breach. However, the fact that the bank took remedial action in good time and that no bank data was affected was taken into account positively.",cyber_malicious,High,cyberattack on mobile banking
2086,Romania,10/24/2023,3000,Industry and Commerce,Insufficient technical and organisational measures to ensure information security,"The Romanian DPA has imposed a fine of EUR 3,000 on Mensajero SRL. 
The controller had suffered a data breach where a link on the controller's website was publicly accessible allowing numerous files containing customer data to be viewed and downloaded. The DPA found that the controller had failed to implement adequate technical and organizational measures to protect personal data and prevent such incidents.",cyber_nonmalicious,High,link on website publicly accessible; files viewable
2521,Belgium,12/17/2024,200000,Health Care,Insufficient technical and organisational measures to ensure information security,"The Belgian DPA has fined a hospital EUR 200,000. The hospital had suffered a ransomware attack through a vulnerability in the server, which paralyzed parts of the computer system and affected about 300,000 individuals. During its investigation, the DPA found that the hospital had failed to carry out a data protection impact assessment. In addition, the DPA found that it did not have an adequate information security policy in place and failed to implement appropriate technical and organizational measures to protect personal data in order to prevent such an incident, such as employee training and the implementation of a process for security updates of IT equipment.",cyber_malicious,High,ransomware via server vulnerability
3200,Ireland,6/11/2026,300000,Health Care,Insufficient technical and organisational measures to ensure information security,"The Irish DPA has imposed a fine of EUR 300,000 on the Midlands Regional Hospital Tullamore, County Offaly. The controller suffered a ransomware attack on its laboratory information system, affecting the personal data of approximately 84,000 individuals. The controller failed to implement adequate technical and organisational measures to ensure data security.",cyber_malicious,High,ransomware attack
878,Norway,10/18/2021,412000,Public Sector and Education,Insufficient technical and organisational measures to ensure information security,"The Norwegian DPA has fined Østre Toten municipality EUR 412,000. The municipality suffered a cyberattack in January 2021, as a result of which the municipality's data was encrypted as well as backups were deleted. A larger amount of data was later published on the dark web.

Approximately 30,000 documents were affected by the attack. The documents contained, among other things, information on ethnic origin, political opinion, religious beliefs, union memberships, sexual orientation, health status, as well as banking data of the municipality's residents and employees.

The DPA's investigation revealed that the municipality had fundamental deficiencies in the security of personal data and related internal controls.Among other things, the municipality had not used two-factor authentication when logging into systems, and lacked appropriate backup systems.",cyber_malicious,High,"cyberattack encrypted data, published dark web"
2579,Spain,1/17/2025,12000,"Finance, Insurance and Consulting",Non-compliance with general data processing principles,"The Spanish DPA has imposed a fine on CAJA RURAL DE ONDA, S.C.C.. The controller had suffered a cyber attack in which the attackers were able to access customer data due to a security vulnerability in its systems. The DPA found that the company had failed to implement the necessary security measures that could have prevented such an incident. The original fine of EUR 15,000 was reduced to EUR 12,000 due to voluntary payment.",cyber_malicious,High,cyber attack (Caja Rural)
1733,Spain,4/3/2023,50000,"Media, Telecoms and Broadcasting",Non-compliance with general data processing principles,"The Spanish DPA has imposed a fine of EUR 50,000 on ATRESMEDIA CORPORACIÓN DE MEDIOS DE COMUNICACIÓN, S.A.. Several media outlets, including the controller had published an audio recording of a multiple rape victim's testimony in court on their websites as well as on Twitter to report on the case. The case had attracted a lot of media attention. During its investigation, the DPA determined that the rape victim's right to privacy outweighed the controller's freedom of information. The audio recordings of the victim did not add any significant value to the reporting, but rather severely compromised the victim's privacy. For this reason, the DPA found that the controller violated the principle of data minimization.",not_cyber,High,rape-testimony media case
2474,Italy,7/4/2024,900000,Not assigned,Insufficient technical and organisational measures to ensure information security,"The Italian DPA has imposed a fine of EUR 900,000 on Postel S.p.A. The company suffered a ransomware attack that resulted in the loss of access to files containing personal data of approximately 25,000 individuals. Data subjects included employees, former employees, and job applicants. The compromised data included contact details, identification details, payment details, and criminal records (special category data) of the data subjects. Although the company had been aware of the security vulnerability (following a report from the software manufacturer), it had not updated its systems. For this reason, the DPA found that the controller had failed to implement appropriate technical and organizational measures to protect personal data in order to prevent such an incident. Furthermore, the company failed to provide the DPA with sufficient information on the incident.",cyber_malicious,High,ransomware attack
2148,Romania,12/7/2023,24000,"Finance, Insurance and Consulting",Insufficient technical and organisational measures to ensure information security,"The Romanian DPA imposed a fine of EUR 24,000 on Hora Credit IFN SA. 
The controller had accidentally sent documents containing the personal data of another person to a customer by e-mail. Although the customer reported the error to the controller, messages continued to be sent to the wrong e-mail address. The controller also failed to respond to the data subject's request for access to their data in a timely manner. 
During its investigation, the DPA found that the controller failed to implement sufficient technical and organizational measures to protect personal data. 
The controller also failed to report the incident to the DPA in a timely manner.",cyber_nonmalicious,High,documents to wrong customer via email
2873,Finland,9/8/2025,1800000,"Finance, Insurance and Consulting",Insufficient technical and organisational measures to ensure information security,"The Finish DPA has imposed a fine of EUR 1,800,000 on S-Pankki Oyj. Due to a software error, customers of the controller were able to log in to the bank accounts of other customers, resulting in financial losses.",cyber_nonmalicious,High,software error let customers access others accounts
2468,Poland,6/13/2024,9200,Health Care,Insufficient technical and organisational measures to ensure information security,"The Polish DPA has imposed a fine of EUR 9,200 on a healthcare facility. The company suffered a ransomware attack on its systems, resulting in the loss of personal data. During its investigation, the DPA found that the controller had failed to implement appropriate technical and organizational measures to protect personal data in order to prevent such incidents. Furthermore, the controller failed to notify the data subjects about the incident.",cyber_malicious,High,ransomware attack
1624,Cyprus,2022,5000,Public Sector and Education,Insufficient technical and organisational measures to ensure information security,"The Cypriot DPA has imposed a fine of EUR 5,000 on the Cypriot Ministry of Defense. The controller had suffered a cyber attack which, according to the DPA, had been caused due to a lack of technical and organizational measures for the protection of personal data and a lack of supervision of a processor.",cyber_malicious,High,cyber attack (Cyprus MoD)
3028,Romania,2/4/2026,10000,"Finance, Insurance and Consulting",Insufficient technical and organisational measures to ensure information security,"The Romanian DPA has imposed a fine of EUR 10,000 on GENPACT ROMANIA SRL. The controller suffered a successful cyber attack due to insufficient technical and organisational measures. The attacker was able to exploit vulnerabilities in some passwords and in the way user accounts' authentication could be reset.",cyber_malicious,High,cyber attack exploiting password vulnerabilities
2505,Romania,1/23/2025,5000,Industry and Commerce,Insufficient technical and organisational measures to ensure information security,"The Romanian DPA has imposed a fine of EUR 5,000 on Softehnica S.R.L. The controller had suffered a ransomware attack, which allowed unauthorized third parties to gain access to the IT systems and thereby access personal data such as the name, place of residence, email address, etc. of the data subjects. During its investigation, the DPA found that the controller had failed to implement appropriate technical and organizational measures to protect personal data.",cyber_malicious,High,ransomware attack
2546,Romania,2/20/2025,2000,Health Care,Insufficient technical and organisational measures to ensure information security,"The Romanian DPA imposed a fine of EUR 2,000 on Medstar S.R.L. The controller had mistakenly sent a patient's health data via unsecured email to another patient. The DPA found that the controller had failed to implement appropriate technical and organizational measures to protect personal data and prevent such an incident.",cyber_nonmalicious,High,health data via unsecured email to wrong patient
2848,Spain,8/12/2025,66000,Individuals and Private Associations,Insufficient technical and organisational measures to ensure information security,"The Spanish DPA has imposed a fine of EUR 66,000 on REAL SOCIEDAD DE FUTBOL S.A.D. The controller suffered a ransomwareattack due to insufficient technical and organisational measures to ensure data security. The original fine of EUR 110,000 was reduced to EUR 66,000 due to immediate payment and admission of responsibility by the controller.",cyber_malicious,High,ransomware attack
1687,Romania,3/16/2023,3000,Health Care,Insufficient technical and organisational measures to ensure information security,"The Romanian DPA has imposed a fine of EUR 1,000 on Centrul Medical dr. Furtună Dan. The controller had sent results of a medical test via WhatsApp to the wrong recipient. As a result, personal data of the data subject, such as first and last name, telephone number and medical data, were unauthorizedly disclosed to third parties. The DPA found that the controller had failed to implement adequate technical and organizational measures to protect personal data.",cyber_nonmalicious,High,medical test via WhatsApp to wrong recipient
1448,France,10/17/2022,20000000,Industry and Commerce,Insufficient fulfilment of data subjects rights,"The French DPA has fined Clearview Al Inc. EUR 20,000,000. The company holds a database of more than 20 billion facial images (including those of french residents and nationals) from around the world. The data is collected online from publicly accessible platforms such as social networks. The company offers a search service that allows individuals to  be identified based on the biometric data extracted from the images. Individuals' profiles can be enriched with information associated with those images, such as image tags and geolocation. 

In the course of its investigation the DPA found that the personal data contained in the company's database had been processed unlawfully and without a valid legal basis.

In addition, the DPA found that Clearview AI restricted the exercise of data subjects' rights. 
For example, it limited the exercise of data subjects' rights to twice a year without justification. Also, data subjects had to submit several requests before one was answered. Moreover, requests were often not answered at all or only inadequately. 

Finally, the DPA criticized the cooperation of Clearview AI. The company did not respond to investigation forms at all or only very incompletely.",not_cyber,High,Clearview unlawful biometric
60,United Kingdom,10/30/2020,20450000,Accomodation and Hospitality,Insufficient technical and organisational measures to ensure information security,"Original Summary: The ICO issued a notice of its intention to fine Marriott International Inc due to a cyber incident which was notified to the ICO by Marriott in November 2018. A variety of personal data contained in approximately 339 million guest records globally were exposed by the incident, of which around 30 million related to residents of 31 countries in the European Economic Area (EEA). Seven million related to UK residents.

It is believed the vulnerability began when the systems of the Starwood hotels group were compromised in 2014. Marriott subsequently acquired Starwood in 2016, but the exposure of customer information was not discovered until 2018. The ICO’s investigation found that Marriott failed to undertake sufficient due diligence when it bought Starwood and should also have done more to secure its systems.

--> Update: On 2020/10/30, the ICO announced its final decision to impose a fine of £ 18.4 million (approximately EUR 20.4 million) on Marriott International Inc. In its decision, the ICO set forth its considerations for the calculation of the fine, which included Marriott's absence of prior violations or omissions and the fact that Marriott had fully cooperated with the investigation and had taken steps to notify the individuals concerned. In addition, the ICO noted that it had also made an alignment with other fines already imposed on other companies - in particular also of other European data protection authorities.",cyber_malicious,High,Marriott cyber incident (Starwood compromise)
2282,Germany,2023,,Public Sector and Education,Insufficient technical and organisational measures to ensure information security,The DPA of Hamburg has imposed a four-figure fine on a daycare center that had disposed of documents containing personal data of children and their parents in a publicly accessible waste container.,cyber_nonmalicious,Medium,documents in public waste container (physical)
1085,Poland,1/19/2022,117000,"Finance, Insurance and Consulting",Insufficient fulfilment of data breach notification obligations,"The Polish DPA has fined Santander Bank Polska S.A. EUR 118,000 for failing to notify data subjects of a data breach. 
A former employee of the bank managed to gain unauthorized access to a database for electronic services. Among other things, this allowed numerous Santander customers' data to be accessed. 

Due to the high risk for the data of the data subjects, the bank would have been obliged to inform them of the data breach. However, the bank deliberately refrained from doing so and continued to state that it would not comply with this obligation in the future.

The DPA noted that this constituted a major intrusion for the data subjects, as they did not have the opportunity to take appropriate steps to protect their rights.",cyber_malicious,Medium,former employee accessed database - insider
82,Greece,10/7/2019,200000,"Media, Telecoms and Broadcasting",Non-compliance with general data processing principles,"A large number of customers were subject to telemarketing calls, although they had declared an opt-out for this. This was ignored due to technical errors.",not_cyber,High,telemarketing despite opt-out
1190,United Kingdom,5/18/2022,9000000,Industry and Commerce,Non-compliance with general data processing principles,"The UK DPA has fined Clearview AI Inc. EUR 9 million. The company holds a database of more than 20 billion facial images (including those of UK residents and nationals) from around the world. The data is collected online from publicly accessible platforms such as social networks. The company offers a search service that allows individuals be identified based on the biometric data extracted from the images. Individuals' profiles can be enriched with information associated with those images, such as image tags and geolocation. Clearview AI no longer offers its services in the UK, but it does in other countries, which means that the company continues to use personal data of UK residents. 

In the course of its investigation the DPA found that the personal data contained in the company's database had been processed unlawfully and without a valid legal basis. 

Furthermore, in order to exercise their rights under the GDPR, such as the right of access under Art. 15 GDPR, data subjects had to provide Clearview with additional personal data by submitting a photograph of themselves that could be matched against the Clearview database. According to the DPA, this constitutes a significant impediment and deterrent to the exercise of such rights.

In addition, the DPA found that the company had violated several principles of the GDPR. For example, the company had violated the principle of transparency by failing to adequately inform users about the processing of their data. Clearview had also violated violated the principle of storage limitation by not providing a data retention policy and thus not being able to ensure that personal data is not held for longer than necessary. Further, Clearview failed to conduct a privacy impact assessment despite the high risk to data subjects' data.",not_cyber,High,Clearview unlawful biometric
2943,Romania,11/19/2025,3000,Industry and Commerce,Insufficient technical and organisational measures to ensure information security,"The Romanian DPA has imposed a fine of EUR 3,000 on Greencorp S.R.L. The controller failed to implement adequate technical and organisational measures to ensure data security, which resulted in a successful cyberattack.",cyber_malicious,High,successful cyberattack
2596,Lithuania,10/18/2024,9000,Public Sector and Education,Insufficient technical and organisational measures to ensure information security,"The Lithuanian DPA has imposed a fine of EUR 1,000 on the Vilnius District Municipality Administration. The Municipality Administration had been hacked. The attack resulted in issues and delays regarding public services, and personal data was affected. In addition, the notification to data subjects lacked information on how to protect personal data.",cyber_malicious,High,municipality hacked
2907,Romania,10/20/2025,5000,Transportation and Energy,Insufficient technical and organisational measures to ensure information security,"The Romanian DPA has imposed a fine of EUR 5,000 on S.P.E.E.H. HIDROELECTRICA SA. A technical error in the controller's computer systems was exploited by attackers to cause a cyber incident.",cyber_malicious,High,technical error exploited by attackers
1015,Italy,12/16/2021,10000,Health Care,Insufficient technical and organisational measures to ensure information security,"The Italian DPA (Garante) has fined Centro di Medicina preventiva s.r.l. EUR 10,000. The controller reported a database under Art. 33 GDPR in connection with a cyberattack by a hacker group. During the cyberattack, the hacker managed to gain access to a list of patient data. The hacker then published this list that contained personal data, including sensitive data, of patients and radio-diagnostic tests on Twitter. The DPA found that the controller had not implemented appropriate technical and organizational measures to ensure the security of the personal data. 
For example, the medical center's server disclosed the requested personal data during a query without verifying the identity and credentials of the requester, allowing unauthenticated connections to reach from outside the medical center.",cyber_malicious,High,"cyberattack by hacker group, published on Twitter"
2514,Spain,12/10/2024,4000000,"Finance, Insurance and Consulting",Insufficient technical and organisational measures to ensure information security,"The Spanish DPA has imposed a fine on GENERALI ESPAÑA, SOCIEDAD ANONIMA DE SEGUROS Y REASEGUROS. The controller had suffered a data breach where unknown third parties gained access to the customer data management system using credentials of a broker which allowed them to access customer data such as name, IBAN, personal identification number. The incident affected approximately 1.5 million individuals. During its investigation, the DPA found, in particular, that the controller had failed to implement appropriate technical and organizational measures to protect personal data in order to prevent such an incident. The DPA also found that the controller had failed to carry out a risk assessment, although this was deemed necessary given the significant number of customers and the fact that the controller was consequently processing personal data of those data subjects on a large scale. The original fine of EUR 5 million was reduced to EUR 4 million due to immediate payment.",cyber_malicious,High,third parties accessed using broker credentials
2576,Spain,1/17/2025,12000,"Finance, Insurance and Consulting",Non-compliance with general data processing principles,"The Spanish DPA has imposed a fine on CAJA RURAL DE ARAGÓN, S.C.C.. The controller had suffered a cyber attack in which the attackers were able to access customer data due to a security vulnerability in its systems. The DPA found that the company had failed to implement the necessary security measures that could have prevented such an incident. The original fine of EUR 15,000 was reduced to EUR 12,000 due to voluntary payment.",cyber_malicious,High,cyber attack (Caja Rural)
857,Denmark,9/29/2021,107000,Health Care,Insufficient technical and organisational measures to ensure information security,"The Danish DPA has fined the Danish Cancer Society EUR 107,000 for failing to comply with the requirements of the GDPR regarding appropriate security measures. 

The Danish Cancer Society had reported four data breaches according to Art. 33 GDPR to the DPA. Two of these involved computer thefts, two phishing attacks - and all four were due to the Danish Cancer Foundation's failure to implement technical and organizational measures to ensure a level of security appropriate to the risk to data subjects. 

A similar personal data breach already occurred in August 2018, when the Foundation fell victim to phishing and spoofing hacking attacks. In this context, the Danish Cancer Society stated that it should increase protection through multifactor authentication, however, this was not implemented.

The data of at least 1,448 individuals was compromised, and in several cases it involved sensitive personal health data, including medical history.",cyber_malicious,High,computer thefts + phishing attacks
2268,Italy,2/8/2024,18000,Health Care,Insufficient technical and organisational measures to ensure information security,"Ist das gut: The Italian DPA has imposed a fine of EUR 18,000 on Azienda socio-sanitaria locale n. 1 di Sassari. The controller had mistakenly sent an e-mail containing health data of the data subject to the wrong recipient. The DPA found that the healthcare facility had not taken sufficient technical and organizational measures to protect personal data.",cyber_nonmalicious,High,email with health data to wrong recipient
2654,Spain,3/28/2025,6600,Industry and Commerce,Non-compliance with general data processing principles,"The Spanish DPA imposed a fine on GRUAS IGNACI, S.L. The controller uses too much data to verify a person's identity, which breaches the principle of data minimization. Furthermore, the controller uses video surveillance without informing data subjects about data processing. Lastly, the controller failed to implement sufficient technical and organizational measures to ensure information security. The original fine of EUR 11,000 was reduced to EUR 6,600 due to immediate payment and admission of responsibility by the controller.",not_cyber,Low,minimization/CCTV
2768,Italy,7/10/2025,50000,Employment,Insufficient legal basis for data processing,"The Italian DPA has imposed a fine on Magna PT S.p.A. Employees of the controllers were subjected to 'return to work interviews' after returning from an absence due to illness or hospitalisation. These interviews lacked a sufficient legal basis, particularly with regard to the processing of health data. Additionally, the controller failed to adequately inform the data subjects regarding the processing. Furthermore, the controller failed to minimise the amount of data processed and the retention period to only what was necessary.",not_cyber,High,"return-to-work health data, no legal basis"
2195,Romania,1/30/2024,2000,Public Sector and Education,Insufficient cooperation with supervisory authority,"The Romanian DPA has fined Sectorul 1 al Municipiului București EUR 2,000 for failing to provide information requested by the DPA during an investigation.",not_cyber,High,failed to provide info to DPA (cooperation)
3056,Spain,2/6/2026,1800,Accomodation and Hospitality,Insufficient legal basis for data processing,"The Spanish DPA has imposed a fine of EUR 1,800 on a Landlord. The landlord used video surveillance in rental apartments without having a sufficient legal basis. The original fine of EUR 3,000 was reduced to EUR 1,800 due to immediate payment and admission of responsibility by the controller.",not_cyber,High,CCTV in rentals without legal basis
1066,Italy,12/16/2021,1000,Public Sector and Education,Non-compliance with general data processing principles,"The Italian DPA has imposed a fine of EUR 1,000 on Università Telematica Internazionale Uninettuno. A professor had filed a complaint with the DPA against the educational institution. The professor had applied for a position at the university and submitted his CV for this purpose. The university then published it without blacking out certain personal data that concerned his personal sphere. The DPA considered this to be a violation of the principle of data minimization.",not_cyber,Medium,published CV without redaction (minimization)
2905,Slovakia,2025,1500,Not assigned,Insufficient cooperation with supervisory authority,"The Slovak DPA has imposed a fine of EUR 1,500 on an unkown controller. The controller obstructed an inspection of the DPA.",not_cyber,High,obstructed inspection (cooperation)
2160,Romania,12/15/2023,200,Individuals and Private Associations,Insufficient cooperation with supervisory authority,The Romanian DPA has fined a private individual EUR 200 for failing to provide information requested by the DPA during an investigation.,not_cyber,High,failed to provide info to DPA (cooperation)
2012,Spain,8/28/2023,500,Industry and Commerce,Insufficient cooperation with supervisory authority,The Spanish DPA has fined MULTIGAS ASESORES S.L. EUR 500 for failing to provide information requested by the DPA during an investigation.,not_cyber,High,failed to provide info to DPA (cooperation)
1936,Spain,6/30/2023,600,Individuals and Private Associations,Non-compliance with general data processing principles,"The Spanish DPA (AEPD) has imposed a fine of EUR 600 on a private individual. The controller had installed video surveillance cameras which, among other things, covered a neighbor property and joint areas of a residential area. The DPA considered this to be a violation of the principle of data minimization. In addition, the controller had not properly informed the data subjects about the processing of the data by the video surveillance and thus violated its duty to inform.",not_cyber,High,CCTV covering neighbour
1730,United Kingdom,4/4/2023,14500000,"Media, Telecoms and Broadcasting",Non-compliance with general data processing principles,"The UK DPA (ICO) has fined TikTok EUR 14.5 million. The ICO had found that more than one million British children under the age of 13 were using TikTok without the consent of their parents. The ICO criticized TikTok for failing to implement adequate controls to identify and remove underage children from its platform. Further, the ICO found that TikTok did not provide users of the platform with sufficient and easily understandable information about the collection, use and disclosure of their data. 
For this reason, the ICO concluded that TikTok had not ensured that its users' personal data was processed in a lawful, fair and transparent manner.",not_cyber,High,children/consent/transparency (TikTok)
1731,Romania,4/4/2023,3000,Industry and Commerce,Insufficient fulfilment of data subjects rights,"The Romanian DPA has imposed a fine of EUR 3,000 on Tensa Art Design SRL. An individual had filed a complaint for receiving promotional messages despite having filed an objection to receiving promotional messages and having their personal data processed for marketing purposes. The DPA considered this to be a violation of Art. 21 (3) GDPR.",not_cyber,High,marketing despite objection
2412,France,1/9/2024,1500,Not assigned,Insufficient fulfilment of data subjects rights,"The French DPA has imposed a fine of EUR 1,500 on a website operator. The fine was imposed due to a lack of cooperation with the DPA and a lack of fulfillment of data subject rights.",not_cyber,High,lack of cooperation + subject rights
631,Czech Republic,2020,2700,"Media, Telecoms and Broadcasting",Insufficient legal basis for data processing,"The Czech DPA (UOOU) fined Mall.tv EUR 2,700 for recording parts of the public space without a legal basis. The subject of the DPA's investigation was the operation of two cameras by a company. The cameras recorded parts of the public space and then broadcast the footage in real time on internet television. The footage was of such high resolution that people and vehicles passing by were clearly visible and identifiable.",not_cyber,High,recorded public space without legal basis (CCTV)
2071,Italy,9/14/2023,20000,Employment,Insufficient fulfilment of data subjects rights,"The Italian DPA has fined Shardana Working Soc. Coop. a r.l. EUR 20,000 for failing to respond adequately to requests from employees for access to information regarding their personal data. The employees wanted to obtain information on the calculation of their mileage allowances, their hourly wages and the procedure for the determination of their salary. In particular, they wanted to know what data was collected through the smartphone provided by the company, which had a geolocation system installed.",not_cyber,High,access-request failures (subject rights)
334,The Netherlands,7/6/2020,830000,"Finance, Insurance and Consulting",Insufficient fulfilment of data subjects rights,BKR had required the payment of a fee when individuals requested access to their personal data and only provided access to their data once a year free of charge by post.,not_cyber,High,charged fee for access request (subject rights)
591,Italy,2/25/2021,300000,Public Sector and Education,Non-compliance with general data processing principles,"Original fine summary: The Italian DPA (Garante) imposed a fine of EUR 300,000 on the Istituto Nazionale Previdenza Sociale (INPS). The Italian National Institute for Social Security had been tasked with anti-fraud investigations related to COVID-19 relief funds. After press reports raised problems with the institute's data processing practices around the application review of politicians, the Italian DPA opened an investigation against INPS in August 2020. During that investigation, the DPA identified several violations. 

The controller had collected data on tens of thousands of politicians from public sources and cross-checked it with data from applicants. In doing so, however, the controller had failed to ensure that data was collected only from those politicians who were eligible to receive the assistance funds. In doing so, the controller violated the principles of lawfulness, fairness, and transparency as set out in the GDPR.

Furthermore, the controller had violated the principle of data minimization by initiating checks on reimbursements even for individuals whose applications had been rejected and who had therefore never received payments.

Furthermore, the controller had not adequately assessed the risks associated with a data processing operation as sensitive as that on applications for social benefits, since it had not carried out an impact assessment on the rights and freedoms of the data subjects. Update: Following an appeal presented by INPS the judge of the XVIII civil section of the Court of Rome annulled the fine of EUR 300,000.",not_cyber,High,collected politicians data from public sources (legal basis)
887,Spain,10/26/2021,16000,Industry and Commerce,Non-compliance with general data processing principles,"The Spanish DPA (AEPD) has imposed a fine on SERVICIOS LOGÍSTICOS MARTORELL SIGLO XXI, S.L.. The company had installed five terminals with a fingerprint control system to record its employees' working hours. In doing so, the company had failed to conduct a data protection impact assessment. The AEPD found a violation of Art. 35 GDPR for this reason. The original fine of EUR 20,000 was reduced to EUR 16,000 due to voluntary payment.",not_cyber,High,"fingerprint time-tracking, no DPIA (biometric)"
1775,Spain,3/10/2023,40000,"Media, Telecoms and Broadcasting",Insufficient legal basis for data processing,"The Spanish DPA has imposed a fine on VODAFONE ONO, S.A.U.. The controller had carried out a credit check on an individual without there being a customer relationship or other affiliation. The personal data of the data subject was thus processed without a legal basis.The original fine of EUR 50,000 was reduced to EUR 40,000 for voluntary payment.",not_cyber,High,credit check without relationship (legal basis)
885,Spain,10/25/2021,3000,Industry and Commerce,Insufficient cooperation with supervisory authority,"The Spanish DPA (AEPD) has imposed a fine of EUR 3,000 on MERCEDES GERENCIA, S.L.. The controller failed to respond to a request for information from the DPA in a timely manner.",not_cyber,High,no response to DPA (cooperation)
2665,Italy,3/13/2025,40000,Industry and Commerce,Insufficient legal basis for data processing,"The Italian DPA imposed a fine of EUR 20,000 on Interflora Italia S.p.A. The controller, who operates an online shop, used customer data for direct marketing purposes without a sufficient legal basis. The controller also failed to react to the objection of a data subject and only reacted after the data subject filed a complaint with the DPA.",not_cyber,High,direct marketing without legal basis
3081,Italy,2/12/2026,2000,Public Sector and Education,Insufficient legal basis for data processing,"The Italian DPA has imposed a fine of EUR 2,000 on the Comune di Monterotondo. The controller used video surveillance to protect property, but installed the cameras in such a way that they film public areas, which is unnecessary for the purpose of data processing.",not_cyber,High,CCTV public areas
2886,Spain,9/22/2025,3000,Transportation and Energy,Non-compliance with general data processing principles,"The Spanish DPA has imposed a fine of EUR 3,000 on DHL PARCEL IBERIA, S.L. The conroller printed the private phone number of the recipient on a parcel, making it visible to third parties. The original fine of EUR 5,000 was reduced to EUR 3,000 due to immediate payment and admission of responsibility by the controller.",cyber_nonmalicious,Medium,phone number printed on parcel (disclosure)
1700,Romania,3/27/2023,450,Individuals and Private Associations,Insufficient legal basis for data processing,The Romanian DPA has imposed a fine of EUR 450 on an private individual. The individual had published personal data of numerous people on a social network without their consent.,not_cyber,High,individual published others data (legal basis)
663,Italy,3/25/2021,20000,"Media, Telecoms and Broadcasting",Insufficient legal basis for data processing,"The Italian DPA (Garante) has imposed a fine of EUR 20,000 on GEDI News Network Spa. A data subject filed a complaint with the Italian DPA against the controller regarding an article published by the latter in which he was referred to. In this context, the data subject exercised his right under Art. 17 GDPR and requested the deletion of the article, considering it no longer relevant. However, the controller did not respond to the data subject's request in a timely manner.",not_cyber,High,failure to delete article (subject rights)
1869,Italy,3/2/2023,50000,Industry and Commerce,Non-compliance with general data processing principles,"The Italian DPA has fined H&M Hennes & Mauritz s.r.l. EUR 50,000. H&M had installed numerous video surveillance systems in its Italian stores for the purpose of preventing theft and ensuring the safety of its employees. Each store was equipped with at least three video surveillance cameras that were active 24/7 and also covered employee areas. During its investigation, the DPA found that the video surveillance systems were being operated without the required authorization and therefore unlawfully.",not_cyber,High,CCTV in stores without authorization
1867,Germany,2022,,Accomodation and Hospitality,Insufficient legal basis for data processing,"The DPA of Berlin has imposed a fine on a restaurant operator. During the Corona pandemic, the operator had required restaurant visitors to fill out forms with their personal data for the purpose of contact tracing as required by law. However, the controller unlawfully used the data to send promotional messages to the data subjects.",not_cyber,High,used Covid contact data for marketing (purpose)
2796,Czech Republic,11/19/2020,4800,Not assigned,Insufficient legal basis for data processing,"The Czech DPA has imposed a fine of EUR 4,800 on a legal person. In the course of the business activities, the accused contacted business entities, owners of industrial rights, with a form offering to register them in private registers containing data on entrepreneurs and companies.",not_cyber,High,unsolicited marketing forms
3039,The Netherlands,2/3/2026,25000,Public Sector and Education,Insufficient legal basis for data processing,"The Dutch DPA has imposed a fine of EUR 25,000 on the Municipality of Tilburg. The controller, one of ten municipalities that were fined, processed data regarding the Islamic community in its municipality using a force field analysis, for which it employed an external processor. This processing took place at a time of heightened societal concern about Islamic extremism and terrorism. During this period, the Dutch government and the National Coordinator for Security and Counterterrorism stepped up measures against Salafist and ideological threats to the democratic legal order posed by Islamic radicals. One of these measures was a robust local approach to tackling radicalisation and travel to jihadist conflict areas. Municipalities played a central role in these measures but found that they lacked sufficient insight into Islamic communities. This resulted in some municipalities, including the controller, using an external research agency to collect the necessary data. The agency then used the so-called force field analysis method to map out social structures and key figures. This data processing took place without a sufficient legal basis, particularly as the processing focused on religious and political beliefs, and therefore on special category data.",not_cyber,High,Islamic community data (legal basis/sensitive)
1694,Italy,1/11/2023,6000,Public Sector and Education,Insufficient legal basis for data processing,"The Italian DPA has imposed a fine of EUR 6,000 on Ufficio Scolastico Regionale per la Lombardia, Ufficio IV - Ambito Territoriale di Brescia. The school board had published a document, which contained personal health data of a teacher on its website. In the course of its investigation, the DPA found that the school had published the data without a valid legal basis and therefore had acted unlawfully.",not_cyber,High,published teachers health data (legal basis)
2151,Poland,11/16/2023,3200,Not assigned,Insufficient cooperation with supervisory authority,"The Polish DPA has fined a data controller EUR 3,200 for failing to provide information requested by the DPA during an investigation.",not_cyber,High,failed to provide info to DPA (cooperation)
2236,Germany,2023,,Employment,Insufficient legal basis for data processing,The DPA of Bremen has imposed a fine on a company. The controller had stored the contact details of former employees without their prior consent in order to contact them in the future to offer them further job opportunities.,not_cyber,High,stored ex-employee contacts without consent (retention)
1487,Spain,11/3/2022,70000,Transportation and Energy,Non-compliance with general data processing principles,"The Spanish DPA has imposed a fine of EUR 70,000 on UNITED PARCEL SERVICE ESPAÑA LTD Y COMPAÑIA SRC (UPS). A person had filed a complaint with the DPA because UPS had delivered a package from them to a neighbor without their consent. The DPA considered this to be an unauthorized disclosure of their data, which was a result of a lack of technical and organizational measures for personal data protection. The DPA also found that this unauthorized disclosure of personal data constituted a violation of the principle of integrity and confidentiality.",cyber_nonmalicious,Medium,parcel misdelivered to neighbour; disclosure
505,Romania,12/30/2020,3000,"Finance, Insurance and Consulting",Insufficient legal basis for data processing,"The Romanian DPA (ANSPDCP) fined ING Bank N.V. Amsterdam - Bucharest office in the amount of EUR 3,000. The bank had contacted the data subject by e-mail for the purpose of updating his data. At that time, however, the data subject had already terminated his account with the bank, so that the contractual relationship had been terminated. As a result, the data controller had unlawfully processed personal data of the former customer without his consent such as the e-mail address and the name and of the data subject.",not_cyber,High,contacted former customer w/o legal basis
2657,Ireland,6/12/2025,550000,Public Sector and Education,Insufficient legal basis for data processing,"The Irish DPA imposed a fine of EUR 550,000 on the Departement of Social Security. The controller uses the so called SAFE 2 registration process for anyone applying for a Public Services Card. The SAFE 2 registration, which is mandatory, processes biometric data without a sufficient legal basis. The controller also failed to adequately inform data subjects in regards to the processing and to conduct a data protection impact assessment.",not_cyber,High,SAFE 2 biometric without legal basis
869,Italy,9/16/2021,5000,Real Estate,Insufficient legal basis for data processing,"The Italian DPA (Garante) has imposed a fine of EUR 5,000 on the real estate portal La Prima S.r.l.. A data subject had filed a complaint against the controller with the DPA. She complained about receiving a contact request on Linkedin by an employee of La Prima, which aimed to offer real estate services related to a specific property owned by the data subject. The controller had obtained the information regarding the data subject's ownership of the property from an openly accessible public register. At no time had the data subject consented to such a contact request. The controller had argued during the DPA's investigation that consent for others to contact her could be inferred from the fact that she had a public profile. However, the DPA noted that the exchange of information via a social network should only allow for what is specified in the relevant terms of use. The DPA clarified that the platform is intended to enable the exchange of contact information in order to make job offers. In contrast, it is not intended that users use the platform to send messages to other users in order to sell services. Moreover, it is irrelevant whether a user profile is public or not. Consequently, the DPA concluded that the controller had processed the data unlawfully.",not_cyber,High,contacted via public register data (legal basis)
1599,Italy,9/21/2021,2000,Public Sector and Education,Insufficient legal basis for data processing,"The Italian DPA has imposed a fine of EUR 2,000 on Istituto Comprensivo - IC Cosenza III “V. Negroni”. The educational institution had published a document, which also contained personal health data of some teachers, on an online platform for the teaching staff. The document contained information on benefits linked to the health status of teachers who were entitled to such benefits. In the course of its investigation, the DPA found that the school had published the data without a valid legal basis and therefore had acted unlawfully.",not_cyber,High,published health data without legal basis
911,Spain,11/22/2021,3000,Not assigned,Insufficient fulfilment of information obligations,"The Spanish DPA (AEPD) has imposed a fine of EUR 3,000 on a company. The company had requested various personal data from customers for appointment bookings. The DPA found that the controller failed to properly inform the data subjects about the processing of the data in accordance with Art. 13 GDPR.",not_cyber,High,failed to inform about processing (info obligation)
3037,The Netherlands,2/3/2026,25000,Public Sector and Education,Insufficient legal basis for data processing,"The Dutch DPA has imposed a fine of EUR 25,000 on the Municipality of Hilversum. The controller, one of ten municipalities that were fined, processed data regarding the Islamic community in its municipality using a force field analysis, for which it employed an external processor. This processing took place at a time of heightened societal concern about Islamic extremism and terrorism. During this period, the Dutch government and the National Coordinator for Security and Counterterrorism stepped up measures against Salafist and ideological threats to the democratic legal order posed by Islamic radicals. One of these measures was a robust local approach to tackling radicalisation and travel to jihadist conflict areas. Municipalities played a central role in these measures but found that they lacked sufficient insight into Islamic communities. This resulted in some municipalities, including the controller, using an external research agency to collect the necessary data. The agency then used the so-called force field analysis method to map out social structures and key figures. This data processing took place without a sufficient legal basis, particularly as the processing focused on religious and political beliefs, and therefore on special category data.",not_cyber,High,Islamic community data (legal basis/sensitive)
2856,Italy,7/23/2025,10000,Employment,Non-compliance with general data processing principles,"The Italian DPA has imposed a fine of EUR 10,000 on SATI S.p.A. Information about the reasons for employees' absences was displayed on boards and in emails, which were accessible only to employees of the controller.",cyber_nonmalicious,Low,absence reasons over-disclosed internally; borderline
2270,Italy,7/18/2023,45000,Public Sector and Education,Non-compliance with general data processing principles,"The Italian DPA has imposed a fine of EUR 45,000 on the municipality of Modica for monitoring waste disposal sites with CCTV without providing sufficient information to citizens. During its investigation, the DPA also found that the municipality had not properly regulated the processing with the companies responsible for the CCTV management. The municipality also failed to appoint a data protection officer and stored the recorded images excessively.",not_cyber,High,CCTV without info
246,Spain,3/12/2020,2000,Real Estate,Non-compliance with general data processing principles,"Video surveillance of public space and thus violation of the principle of data minimization. Furthermore: Violation of information obligations, as insufficient information has been provided about video surveillance.",not_cyber,High,CCTV over public space
2168,France,12/22/2023,,Public Sector and Education,Non-compliance with general data processing principles,Fine against municipality for lack of security measures (insufficient passwords),cyber_nonmalicious,Medium,insufficient passwords (weak security)
83,Greece,10/7/2019,200000,"Media, Telecoms and Broadcasting",Non-compliance with general data processing principles,"Inappropriate technical measures resulted in the data of 8,000 customers not being deleted upon request.",not_cyber,Medium,data not deleted on request (subject rights/retention)
1626,Italy,12/15/2022,3000,Public Sector and Education,Insufficient legal basis for data processing,"The Italian DPA has imposed a fine of EUR 3,000 on the school ""Scuola Statale Secondaria di I^ grado ""Bianco-Pascoli"", di Fasano (BR)"". The educational institution had published a document, containing personal health data of some students, in the school's electronic register. In the course of its investigation, the DPA found that the school had published the data without a valid legal basis and thus acted unlawfully. In addition, the school failed to respond to requests for information in a timely manner.",not_cyber,High,published students health data (legal basis)
2416,Spain,5/14/2024,300,Individuals and Private Associations,Non-compliance with general data processing principles,The Spanish DPA has imposed a fine of EUR 300 on a private individual. The individual had installed a video surveillance camera which also recorded the entrance area of the neighboring apartment. The DPA considered this to be a violation of the principle of data minimization.,not_cyber,High,CCTV neighbour entrance
1943,Spain,7/7/2023,2000,Real Estate,Insufficient legal basis for data processing,"The Spanish DPA has imposed a fine of EUR 2,000 on KUGELCHEN PROPIERTIES, S.L.. The controller had continued to process data of the data subject, despite exercising their right to erasure.",not_cyber,High,continued processing after erasure (subject rights)
2188,Italy,12/7/2023,1000,Employment,Insufficient legal basis for data processing,"The Italian DPA has imposed a fine of EUR 1,000 on Sirio S.p.A.. An employee filed a complaint with the DPA because the controller had passed on their personal data to a bank without their consent and without informing them.",not_cyber,High,passed employee data to bank without consent (legal basis)
342,Spain,7/10/2020,5000,Industry and Commerce,Non-compliance with general data processing principles,Breach of transparency principle. No further information available at the moment.,not_cyber,High,transparency breach
598,Italy,12/17/2020,2000,Public Sector and Education,Insufficient fulfilment of data subjects rights,"The Italian DPA (Garante) has imposed a fine of EUR 2,000 on Ordine degli Assistenti Sociali della Regione Lazio. On November 27, 2019, a data subject had sent an email to the controller requesting what data was being processed regarding him and his daughters. After initially receiving no response to his request for information, on January 10, 2020, the data subject filed a complaint against the controller with the Italian DPA. His request for information was subsequentely complied with on June 17, 2020, but without explaining the delay and, in particular, the initial non-response to the request.",not_cyber,High,access-request delay (subject rights)
2686,Romania,1/27/2025,40000,"Media, Telecoms and Broadcasting",Non-compliance with general data processing principles,"The Romanian DPA has imposed a fine of EUR 40,000 on Orange Romania SA. The controller failed to fulfil a request for the erasure of data. The controller also execsevly stored and collect data of data subjects without legal basis.",not_cyber,High,failed erasure + excessive storage (subject rights)
1474,Spain,9/23/2022,1200,Not assigned,Non-compliance with general data processing principles,"The Spanish DPA has imposed a fine on URBANO DIVERTIA S.L.. A customer had filed a complaint with the DPA, for having received a document from the controller with data relating to the previous tenant of the apartment they were now renting from the controller. The DPA considered this to be a violation of the principle of integrity and confidentiality. The original fine of EUR 2,000 was reduced to EUR 1,200 due to voluntary payment and admission of responsibility.",cyber_nonmalicious,High,previous tenants data given to new tenant
3086,Italy,2/12/2026,15000,"Finance, Insurance and Consulting",Insufficient legal basis for data processing,"The Italian DPA has imposed a fine of EUR 15,000 on Bressanelli Galli Gelpi Porta & C. S.r.l. The controller had been engaged in direct marketing activities without basing the processing on a sufficient legal basis. Specifically, the controller obtained consent to process the data for a third party, but then decided to repurpose the data for its own marketing activities, despite the fact that consent had not been given for these activities. The controller also failed to adequately respond to a data subject's request to exercise their rights.",not_cyber,High,direct marketing without legal basis
714,Luxembourg,5/12/2021,1000,Not assigned,Non-compliance with general data processing principles,"The DPA from Luxembourg (CNPD) has imposed a fine of EUR 1,000 on a company. The controller had installed a video surveillance system with the purposes of the protection of property, securing access to private and risky places, as well as the safety of users and the prevention of accidents. However, the cameras also excessively captured parts of the public space. The DPA finds that the controller thus violated the principle of data minimization under Article 5 (1) c) GDPR. In addition, the controller had not properly informed the data subjects about the processing of the data by the video surveillance and thus violated its duty to inform.",not_cyber,High,CCTV over public space
989,Spain,1/13/2022,1500,Individuals and Private Associations,Non-compliance with general data processing principles,"The Spanish DPA (AEPD) has imposed a fine of EUR 1,500 on a private individual. The controller had installed video surveillance cameras which, among other things, also covered the public space. The DPA considered this to be a violation of the principle of data minimization. In addition, the controller had not properly informed the data subjects about the processing of the data by the video surveillance and thus violated its duty to inform. The fine is made up of EUR 1,000 for a violation of Art. 5 (1) c) GDPR and EUR 500 for a violation of Art. 13 GDPR.",not_cyber,High,CCTV public space
2337,Italy,4/11/2024,1000,Industry and Commerce,Insufficient fulfilment of information obligations,"The Italian DPA has fined a store owner EUR 1,000. The controller had installed video surveillance cameras in its premises without properly informing data subjects about the processing of personal data by the video surveillance.",not_cyber,High,CCTV without info
1023,Belgium,1/27/2022,2800,Individuals and Private Associations,Non-compliance with general data processing principles,"The Belgian DPA has fined the NGO EU DisinfoLab EUR 2,700. In 2018, the NGO published an analysis to identify the possible political origin of tweets circulating on a particularly heated controversy in France, the ""Benalla affair.""  For the analysis, the organization had processed the data of 55,000 Twitter accounts, of which more than 3,300 had been classified as political. The raw data obtained from this was then published without taking minimal security precautions, such as pseudonymizing the data. The DPA noted that publication of the data could potentially expose data subjects to the risk of discrimination or discredit because of the non-anonymized political profiling. In addition, the files also contained information about the religious beliefs, ethnic origin, or sexual orientation of the individuals whose accounts were analyzed. For this reason, the DPA concluded that several obligations of the GDPR, such as lawfulness of processing, transparency to data subjects, and data security, were violated.",not_cyber,Medium,published profiling data without pseudonymization
2812,Czech Republic,8/3/2020,2000,Industry and Commerce,Insufficient fulfilment of data subjects rights,"The Czech DPA has imposed a fine of EUR 2,000 on a legal person. Following the delivery of the goods with the invoice, the accused did not respond to the request of the OA for access to personal data, nor to the notifications and requests for comments from the Office (i.e. it was not delivered).",not_cyber,High,no response to access request (subject rights)
2146,Greece,11/7/2023,5000,Public Sector and Education,Insufficient legal basis for data processing,"The Hellenic DPA has imposed a fine of EUR 5,000 on a municipality. The municipality had published a person's personal data on the municipality's website and failed to comply with the data subject's request for deletion.",not_cyber,High,published data + failed deletion (legal basis)
763,Spain,7/2/2021,1500,Individuals and Private Associations,Insufficient legal basis for data processing,"The Spanish DPA (AEPD) has imposed a fine of EUR 1,500 on a private individual. That private individual had published personal data of the data subject on a website without her permission. The data included photos, personal notes and information about the sexual relationship between the controller and the data subject. The DPA finds that the controller processed these data without a valid legal basis and thus violated Art. 6 (1) a) GDPR.",not_cyber,High,published data about relationship without consent (legal basis)
1910,Malta,2023,2500,Not assigned,Insufficient fulfilment of data subjects rights,Multiple data protection shortcomings,unclear,Low,multiple shortcomings; no detail
1107,Greece,3/9/2022,2000,Employment,Insufficient fulfilment of data subjects rights,"The Hellenic DPA has imposed a fine of EUR 2,000 on an employer. An employee had filed a complaint due to the employer's failure to comply with the employee's right to object. The employee had objected to continuous monitoring of his online courses offered via zoom. However, the employer had continued the monitoring. In addition, the DPA found that the employer could not provide a sufficient legal basis for processing the data.",not_cyber,High,monitoring despite objection (subject rights)
1913,Italy,5/17/2023,40000,Industry and Commerce,Insufficient fulfilment of data subjects rights,"The Italian DPA has imposed a fine of EUR 40,000 on Volkswagen Leasing. A customer had filed a complaint with the DPA because the controller had not provided them with information about their creditworthiness, which caused the rejection of a requested financing.",not_cyber,High,did not provide creditworthiness info (subject rights)
2096,Spain,11/6/2023,240,Individuals and Private Associations,Insufficient fulfilment of information obligations,The Spanish DPA (AEPD) has imposed a fine of EUR 240 on a private individual. The controller had installed video surveillance cameras without properly informing data subjects.,not_cyber,High,CCTV without info
2487,Germany,11/12/2024,900000,"Finance, Insurance and Consulting",Insufficient legal basis for data processing,"The DPA of Hamburg has imposed a fine of EUR 900,000 on a debt collection service provider. The company had unlawfully stored personal data (amounting to a six-digit number of data records) for up to five years after the erasure deadlines. The company admitted the violation, cooperated with the authorities and accepted the fine.",not_cyber,High,unlawful retention (legal basis)
1636,Italy,12/15/2022,6000,Employment,Insufficient legal basis for data processing,"The Italian DPA has imposed a fine of EUR 6,000 on Comune di Bracciano. A former employee had filed a complaint with the DPA due to the fact, that the municipality had published a document, containing personal health data of them, on their website. In the course of its investigation, the DPA found that the municipality had published the data without a valid legal basis and therefore had acted unlawfully.",not_cyber,High,published health data on website (legal basis)
1556,Spain,1/10/2023,120,Real Estate,Insufficient fulfilment of information obligations,The Spanish DPA has imposed a fine on a homeowners' association for failing to provide sufficient information about video surveillance in the residential area. The original fine of EUR 150 was reduced to EUR 120 due to voluntary payment.,not_cyber,High,insufficient CCTV info
696,Spain,5/25/2021,6000,Accomodation and Hospitality,Non-compliance with general data processing principles,"The Spanish DPA (AEPD) has fined Desolasol Restauración S.L. EUR 6,000. The data subject had submitted a consumer complaint form to the restaurant because he was unable to converse at the table due to the volume of the music. A copy of the form remained with the controller. Due to an error by a restaurant employee, the copies of the form were given to other guests of the restaurant who were present during the incident.",cyber_nonmalicious,High,complaint form given to other guests (employee error)
635,Spain,4/15/2021,3000,Individuals and Private Associations,Non-compliance with general data processing principles,"The Spanish DPA (AEPD) has imposed a fine of EUR 3,000 on a private individual. The controller resides on the 1st floor of an apartment building, where he is the owner of apartments on the 2nd and 3rd floors. He regularly rents out these apartments to tourists. The controller had installed four video cameras on the three floors and in the entrance area of the building. He justified their operation with security concerns related to the rental to tourists. The owners' association had not granted permission for the operation of the cameras. Also, the controller did not put up a sign in the building informing about the operation of the camera. The DPA found this to be a violation of the principle of data minimization, as the cameras covered areas of the building used by the community, whose monitoring was not necessary for the protection of the controller's property. Furthermore, the controller violated its obligation to provide information, as he failed to inform the other residents of the building about the processing of their data.",not_cyber,High,CCTV without permission/sign
1062,Spain,2/7/2022,10000,Employment,Non-compliance with general data processing principles,"The Spanish DPA has fined PINTODIS, S.L. EUR 10,000. The controller had installed several video cameras which also covered the food areas and changing rooms of their employees. The Spanish DPA stated that the controller violated the principle of data minimization, as such extensive surveillance was not necessary.",not_cyber,High,CCTV covering food/changing rooms
264,Romania,3/25/2020,3000,Industry and Commerce,Insufficient legal basis for data processing,The company has sent a commercial e-mail to a client though the client had previously unsubscribed from commercial communications.,cyber_nonmalicious,High,no MFA; health data accessible via portal
1490,Spain,11/11/2022,48000,"Finance, Insurance and Consulting",Non-compliance with general data processing principles,"The Spanish DPA has imposed a fine on Banco Bilbao Vizcaya Argentaria, S.A.. An individual had filed a complaint with the DPA due to requesting information on one of their accounts and then receiving contract information from a third party. The DPA found that the unauthorized disclosure of third-party data was due to inadequate technical and organizational measures at the bank. The original fine of EUR 80,000 was reduced to EUR 48,000 due to voluntary payment and admission of responsibility.",cyber_nonmalicious,High,received third partys contract info
2971,Romania,12/10/2025,15000,"Media, Telecoms and Broadcasting",Insufficient fulfilment of data subjects rights,"The Romanian DPA has imposed a fine of EUR 15,000 on Crowd Entertainment Limited. The controller failed to adequatly react to a data subjects request to exercise their rights.",not_cyber,High,failed to react to subject request (subject rights)
2322,Spain,2024-03-021,1000,Health Care,Insufficient cooperation with supervisory authority,"The Spanish DPA has imposed a fine of EUR 1,000 on CLÍNICA PARÍS, S.L for failing to prove compliance with an order issued by the DPA.",not_cyber,High,failed to prove compliance with order (cooperation)
2000,Italy,6/1/2023,20000,Health Care,Non-compliance with general data processing principles,"The Italian DPA has imposed a fine of EUR 20,000 against Azienda Usl Toscana Sud Est. The controller had put up an information poster in the emergency room showing a healthcare professional at a computer, on which an emergency protocol with the personal data (including health data) of a data subject was visible. In response to a request from the DPA, the healthcare provider explained that the publication of the data was due to mere inattention and that the poster had only been displayed for a few weeks.",cyber_nonmalicious,Medium,poster displayed patient data (accidental)
605,Spain,3/16/2021,60000,"Media, Telecoms and Broadcasting",Insufficient legal basis for data processing,"The Spanish DPA (AEPD) imposed a fine of EUR 60,000 on Vodafone Spain. The data subject had been a customer of the controller several years ago. After receiving payment reminders from the controller via SMS for services she had never booked, she informed the controller and asked for clarification and deletion of her data. Despite a positive response, she continued to receive the same SMS. The data subject then filed two complaints with the Spanish DPA against Vodafone Spain. Both times, the controller had assured that it had corrected the reason for the incorrect sending and deleted the data of the data subject. Nevertheless, the mailing continued, leading the data subject to file a third complaint. The original fine of EUR 100,000 was reduced to EUR 60,000 due to immediate payment and admission of guilt.",not_cyber,High,payment reminders after deletion (subject rights)
1926,Italy,4/13/2023,3000,Employment,Insufficient legal basis for data processing,"The Italian DPA has imposed a fine of EUR 3,000 on Comune di Cogollo del Cengio. A former employee had filed a complaint with the DPA due to the fact, that the municipality had published a document, containing personal health data of them, on their website. In the course of its investigation, the DPA found that the municipality had published the data without a valid legal basis and therefore had acted unlawfully.",not_cyber,High,published health data (legal basis)
348,Greece,6/29/2020,5000,Public Sector and Education,Non-compliance with general data processing principles,The College had contacted the complainant directly by telephone with regard to an educational programme and had processed personal data in a non-transparent manner.,not_cyber,High,phone contact + non-transparent processing
1853,Spain,5/24/2023,10000,Individuals and Private Associations,Insufficient legal basis for data processing,"The Spanish DPA has fined a private individual EUR 10,000 for publishing a picture and address of another person on a website without their consent.",not_cyber,High,published picture/address without consent (legal basis)
1478,Spain,11/2/2022,25000,"Finance, Insurance and Consulting",Insufficient fulfilment of data subjects rights,"The Spanish DPA has imposed a fine of EUR 25,000 on CAIXABANK S.A.. The data subject had repeatedly and unsuccessfully requested that their address on file with the bank be updated. The DPA considered this to be a violation of Art. 16 GDPR.",not_cyber,High,failed to update address (subject rights)
163,Bulgaria,9/3/2019,5113,"Media, Telecoms and Broadcasting",Insufficient legal basis for data processing,"The pecuniary sanctions of EUR 1, 022 and EUR 5, 113 were imposed on a telecommunications service provider and its commercial representative in Bulgaria for unlawful processing of the personal data of a data subject. The personal data of the data subject was unlawfully processed for the conclusion of service contracts without his knowledge or consent.",not_cyber,High,unlawful processing for contract (legal basis)
1476,Spain,10/31/2022,2000,Individuals and Private Associations,Insufficient legal basis for data processing,"The Spanish DPA (AEPD) has imposed a fine of EUR 2,000 on a member of a staff council. The individual had sent minutes of staff council meetings to unauthorized third parties that were not members of the staff council. During its investigation, the DPA found that the individual did not have an effective legal basis for sending the emails.",not_cyber,Medium,sent minutes to unauthorized third parties (legal basis)
815,Spain,8/23/2021,2000,Industry and Commerce,Insufficient fulfilment of information obligations,"The Spanish DPA (AEPD) has imposed a fine of EUR 2,000 on a company owner. A person had applied for a job at the controller's company and sent the controller his CV via WhatsApp. Thereby, he was neither informed about the processing of his personal data nor about his data subject rights. The AEPD considered this to be a violation of Art. 13 of the GDPR.",not_cyber,High,"CV via WhatsApp, no info (info obligation)"
2237,Germany,2023,,Health Care,Insufficient legal basis for data processing,The DPA of Bremen has imposed a fine on a clinic for transmitting an unredacted treatment report on the psychiatric treatment of the data subject to an accident insurance fund without a valid legal basis.,not_cyber,High,transmitted psychiatric report without legal basis
1766,Greece,2/2/2023,30000,"Finance, Insurance and Consulting",Non-compliance with general data processing principles,"The Hellenic DPA has imposed a fine of EUR 30,000 on Piraeus Bank. A customer had filed a complaint with the DPA because the bank had disclosed transaction and account balance information from two bank accounts of which they were joint owners to the heirs of the other owner in the course of legal proceedings.  The DPA determined, that the disclosure of the joint account information was unlawful. In addition, the bank failed to report the incident to the DPA and the data subject in a timely manner.",not_cyber,Medium,disclosed joint-account info to heirs (legal basis)
478,Spain,12/9/2020,10000,Not assigned,Non-compliance with general data processing principles,"The Spanish DPA (AEPD) imposed a fine of 10,000 EUR on a company for violating Art. 5 GDPR. The company sent an e-mail to a third party with the dismissal and settlement document of the data subject, disclosing their personal data without their consent.",cyber_nonmalicious,Medium,dismissal doc emailed to third party; disclosure
547,Spain,2/8/2021,5000,Individuals and Private Associations,Non-compliance with general data processing principles,"The Spanish DPA (AEPD) fined a private individual EUR 5,000 for illegal camera surveillance. The data subject had rented two rooms in the apartment of the controller. The controller had installed a video camera in the apartment and stated that it was installed exclusively for security purposes and also only monitored the area of the entrance door. However, it turned out that the camera was oriented in such a way that it also recorded other parts of the apartment, such as the living room. The Spanish DPA states that this constitutes an unjustified invasion of the privacy of the data subject.",not_cyber,High,camera in rented apartment recording living room (CCTV)
1665,Spain,2/21/2023,300,Industry and Commerce,Insufficient fulfilment of information obligations,The Spanish DPA has imposed a fine of EUR 300 on PLANET COSTA DORADA SOCIEDAD LIMITADA. The controller had failed to provide a notice with information about video surveillance at its premises.,not_cyber,High,no CCTV info notice
2110,Italy,10/12/2023,70000,Industry and Commerce,Non-compliance with general data processing principles,"The Italian DPA has imposed a fine of EUR 70,000 on Scionti Selezioni Superiori S.r.l.. The controller had made unsolicited marketing calls, in some cases to individuals who were registered in opt-out registers or had not given their consent. The DPA found that the controller had failed to implement appropriate technical and organizational measures to ensure that the processing of the data subjects' personal data was lawful, for example by checking whether the data subjects were registered in an opt-out register. In addition, the controller failed to provide the data subject with sufficient information on the processing of their personal data, such as information on data subject rights.",not_cyber,High,telemarketing without consent
981,Greece,1/5/2022,1000,Industry and Commerce,Insufficient fulfilment of data subjects rights,"The Hellenic DPA has imposed a fine of EUR 1,000 on Εγνατία Οδός Α.Ε. The company operated a video surveillance system to monitor the payment of tolls. A car owner, who had received a fine for non-payment of the toll, exercised his right to information granted by the GDPR. He requested the photographic material which had been captured in the context of the fine. He also requested to receive a copy of the documentation of the incident. However, the company refused to provide the information to the data subject. Only after the DPA intervened did the company provide the information, but without enclosing the photographic material. For this reason, the DPA found a violation of Art. 12 (3) GDPR.",not_cyber,High,refused access request (subject rights)
2274,Spain,2/6/2024,160000,"Finance, Insurance and Consulting",Insufficient legal basis for data processing,"The Spanish DPA has imposed a fine on SANITAS, S.A. DE SEGUROS. A customer had filed a complaint with the DPA due to the fact that the controller had concluded a contract without obtaining their consent. The original fine of EUR 200,000 was reduced to EUR 160,000 due to voluntary payment.",not_cyber,High,concluded contract without consent (legal basis)
1196,Italy,4/28/2022,10000,Public Sector and Education,Insufficient legal basis for data processing,"The Italian DPA has imposed a fine of EUR 10,000 on the Italian Ministry of Defense. 
An employee of the ministry had filed a complaint with the DPA. 
During its investigation, the DPA found that two emails had been forwarded without authorization. These e-mails contained, among other things, sensitive information on the health status of the data subject as well as information on legal proceedings.",cyber_nonmalicious,Medium,two emails forwarded without authorization
2500,Spain,10/31/2024,12000,Industry and Commerce,Insufficient cooperation with supervisory authority,"The Spanish DPA has fined NEGOCIOS R&R 2020 S.L. EUR 12,000 for failing to provide information requested by the DPA.",not_cyber,High,failed to provide info to DPA (cooperation)
1784,Romania,4/24/2023,1000,Industry and Commerce,Insufficient fulfilment of data subjects rights,"The Romanian DPA has imposed a fine of EUR 1,000 on Tensa Art Design SA. The controller failed to comply with a data subject's right to object.",not_cyber,High,failed to comply with objection (subject rights)
917,Iceland,11/23/2021,27200,Industry and Commerce,Non-compliance with general data processing principles,"The Icelandic Data Protection Authority has imposed a fine of EUR 51,000 on the Ministry of Industry and Innovation and a fine of EUR 27,200 on YAY ehf. 

The fine is related to a campaign by the ministry to encourage Icelanders to travel domestically in the summer of 2020. This involved a digital gift voucher that could be obtained through the app of the company YAY ehf.  
The DPA received a number of complaints regarding the fact that the use of the travel gift required extensive personal information and access to users' phones. As a result, the DPA launched investigations against the ministry and the company. 
The DPA found that the ministry had violated the principle of legality and transparency.
Participating individuals were only required to agree to the General Terms of Use of the YAY app in order to participate in the voucher promotion. However, the DPA found that by doing so, the data subjects had not expressly consented to the processing of their personal data carried out as part of the promotion. 
The DPA also found that the information provided about the actual processing of personal data was insufficient. 
Moreover, neither the ministry nor YAY ehf. had implemented appropriate technical and organizational measures to ensure the security of the processing of personal data. 
Also, due to a configuration error on the part of YAY, more data than necessary was processed, which is why the DPA found a violation of the principle of data minimization.",not_cyber,High,travel-gift app excessive info/access (legal basis/minimization)
641,Czech Republic,2020,1900,Industry and Commerce,Insufficient fulfilment of data subjects rights,"A person had received an invoice for ordered goods, which, however, came from a different company than the one from which she had ordered the goods. Therefore, the data subject contacted the company that had supplied the goods and requested information about where her personal data had been obtained from, how it had been processed and on what legal basis it had been processed. As the company did not respond to her request, the data subject contacted the DPA. The DPA then demanded the controller to provide the data subject with the requested information immediately. As the controller did not respond to this request either, the DPA imposed a fine in the amount of EUR 1,900.",not_cyber,High,no response to access request (subject rights)
1606,Italy,12/15/2022,55000,Health Care,Insufficient legal basis for data processing,"The Italian DPA has imposed a fine of EUR 55,000 on Azienda Universitaria Friuli Occidentale. The health authority has created patient profiles using algorithms and personal patient data to indicate the risk of having complications in the event of a Covid 19 infection. This was intended to identify appropriate diagnostic and therapeutic pathways in a timely manner in the event of complications. However, the DPA found that the health authority did not have a valid legal basis to process patients' personal data for profiling. In addition, the DPA found that the health authority had failed to conduct a data protection impact assessment. In calculating the fine, the DPA took into account the aggravating factor that a large number of individuals were affected.",not_cyber,High,patient profiling without legal basis
2940,Poland,10/23/2025,5000,Public Sector and Education,Insufficient fulfilment of data breach notification obligations,"The Polish DPA has imposed a fine of EUR 5,000 on a court bailiff. The controller forwarded a letter containing personal data to the wrong person, failing to inform either the affected data subjects or the DPA.",cyber_nonmalicious,High,letter to wrong person (misdirected)
1130,Spain,4/13/2022,8000,Industry and Commerce,Insufficient fulfilment of information obligations,"The Spanish DPA (AEPD) fined RAMONA FILMS, S.L. for failing to ensure that the company's privacy policy complied with the requirements of Art. 13 GDPR. Specifically, the website contained outdated information and referred to laws that were not in effect. In addition, the DPA found deficiencies in cookie use. The original fine of EUR 10,000 was reduced to EUR 8,000 due to immediate payment and acknowledgement of guilt.",not_cyber,High,privacy policy + cookies (info obligation)
2870,Italy,8/4/2025,10000,Public Sector and Education,Non-compliance with general data processing principles,"The Italian DPA has imposed a fine of EUR 10,000 on the Comune di Venezia. The controller implemented a tourist tax, which includes exceptions for certain groups of visitors. When determining whether a person was entitled to be excluded from the tourist tax, the controller's data processing did not comply with the basic principles of the GDPR.",not_cyber,Medium,tourist-tax data processing non-compliant
191,Spain,1/14/2020,3600,Accomodation and Hospitality,Non-compliance with general data processing principles,"The store and restaurant owner installed a video surveillance system which, among others, also took pictures of the sidewalk and thus of the public space, which violates the fundamental principle of data minimization.",not_cyber,High,CCTV over public space
1019,Spain,1/31/2022,1500,Real Estate,Insufficient legal basis for data processing,Use of CCTV cameras in building complex without obtaining the consent of all the property owners.,not_cyber,High,CCTV without owner consent
1355,Spain,7/15/2022,3600,Industry and Commerce,Insufficient legal basis for data processing,"The Spanish DPA has imposed a fine on ECOZONO Y CULTURA, S.L.. Econzo, through a service provider, had collected data from data subjects who agreed to disclose the data for survey purposes. However, the data was later used to contact the individuals for advertising purposes. The original fine of EUR 6,000 was reduced to EUR 3,600 due to voluntary payment and admission of guilt.",not_cyber,High,survey data used for advertising (purpose/legal basis)
147,Spain,12/10/2019,1600,Industry and Commerce,Non-compliance with general data processing principles,"The company operated a video surveillance system in which the observation angle of the cameras extended unnecessarily far into the public traffic area. Furthermore, no sign with data protection notices was affixed.",not_cyber,High,CCTV over public space
1805,Italy,3/9/2023,3000,Industry and Commerce,Insufficient legal basis for data processing,"The Italian DPA has imposed a fine of EUR 3,000 on Aesse S.r.l.s.. An individual had filed a complaint with the DPA due to the fact that the controller had made an unsolicited advertising call. The complainant stated that they had never given their consent to receive advertising communication. In addition, the controller failed to adequately comply with their request for information about the origin of their data.",not_cyber,High,unsolicited advertising call (marketing)
355,Spain,7/23/2020,5000,"Media, Telecoms and Broadcasting",Insufficient cooperation with supervisory authority,"Following a complaint, Xfera Móviles was requested by the AEPD to submit certain information and documents, but did not do so within the provided time limit.",not_cyber,High,failed to submit info to DPA (cooperation)
683,Italy,4/15/2021,5000,Health Care,Insufficient legal basis for data processing,"The Italian DPA (Garante) has imposed a fine of EUR 5,000 on a physician. The controller had shown slides of a clinical case at a congress, which were subsequently published on the website of the Società triveneta di chirurgia. The slides contained personal data of a patient, such as the patient's initials, age, gender, a detailed medical history of the patient, details of admissions from 1980 to 2016 and surgical procedures performed during that period, indicating the date of admission and the date of surgery, the surgical department that performed the procedures, the days spent in hospital, numerous diagnostic images and 22 photographs showing the patient during the surgeries. At no time had the data subject consented to such processing of his or her personal data.",not_cyber,High,physician published patient slides (legal basis/consent)
2115,Spain,11/15/2023,10000,Individuals and Private Associations,Insufficient legal basis for data processing,"The Spanish DPA has imposed a fine of EUR 10,000 on a private individual. The controller had uploaded an individual's personal data, including their name, a picture and their telephone number, to advertise a massage service on a website, even though the individual had not given their consent.",not_cyber,High,uploaded persons data to advertise without consent
1284,Spain,7/19/2022,600,Individuals and Private Associations,Insufficient cooperation with supervisory authority,The Spanish DPA has imposed a fine of EUR 600 on a private individual. The individual had failed to implement measures repeatedly ordered by the DPA in due time.,not_cyber,High,failed to implement DPA-ordered measures (cooperation)
256,Hungary,7/17/2019,8575,Public Sector and Education,Insufficient legal basis for data processing,"The chairman of the Budapest Environs Regional Court organised a meeting for court officials, during which he stated that he quit from the Hungarian Association of Judges and requested the present court officials to persuade their colleagues to do so as well. The chairman also presented a list on the members of the Association in Pest county, which also included information on the amount of membership fees deducted from the salary of judges. The list consisted of data collected from the judges’ payroll records. NAIH determined that the Budapest Environs Regional Court may only process such data for the purpose of deduction and payroll management. NAIH also determined that the Budapest Environs Regional Court lacked a legal basis for data processing, when it provided access to data of employees regarding their membership in an association, to other persons.",cyber_nonmalicious,High,whistleblower identities accessible (weak access)
944,Spain,12/3/2021,1000,Industry and Commerce,Insufficient fulfilment of information obligations,"The Spanish DPA (AEPD) has fined a store owner EUR 1,000 for failing to provide information signs about CCTV surveillance in the establishment.",not_cyber,High,no CCTV info signs
607,Spain,3/23/2021,1000,Industry and Commerce,Non-compliance with general data processing principles,Usage of CCTV camera systems that were also monitoring public space (breach of principle of data minimization).,not_cyber,High,CCTV over public space
1831,Bulgaria,2022,12800,Individuals and Private Associations,Insufficient legal basis for data processing,"The Bulgarian DPA has imposed a fine of EUR 12,800 on a political party. Several individuals had filed a complaint with the DPA because their personal data had been added to voter lists without their consent.",not_cyber,High,added to voter lists without consent (legal basis)
3060,Italy,1/29/2026,2000,Individuals and Private Associations,Insufficient legal basis for data processing,"The Italian DPA has imposed a fine of EUR 2,000 on the Federazione Nazionale Ordini Professioni Infermieristiche (FNOPI). The controller published the personal data of a data subject in relation to a 'public competition for exams to fill one full-time, permanent position in category C'.  The controller had no legal basis to publish this data and deleted it from its website and the Google search engine after the data subject requested its deletion.",not_cyber,High,published competition data without legal basis
2224,Italy,1/31/2024,2000,Public Sector and Education,Insufficient involvement of data protection officer,"The Italian DPA has imposed a fine of EUR 2,000 on Provincia di Sassari for failing to provide the DPA with the contact details of their data protection officer in good time.",not_cyber,High,no DPO contact provided (DPO/compliance)
452,Spain,11/18/2020,2000,Industry and Commerce,Insufficient cooperation with supervisory authority,"The Spanish DPA (AEPD) imposed a fine on Anmavas 61, S.L. for neither granting nor justifiably denying the right to erasure to the data subject, even after receiving a warning issued by the AEPD.",not_cyber,High,no response to erasure (subject rights)
193,Spain,2/3/2020,75000,"Media, Telecoms and Broadcasting",Insufficient legal basis for data processing,"The fine preceded the complaint by the data subject, who argued that Vodafone España had signed a contract for the transfer of a telephone subscription with a third party without the data subject's knowledge or consent and that, as a result, he, the data subject, had received an e-mail from the third party for a purchase made by him.",not_cyber,High,contract transfer without consent (legal basis)
782,Spain,7/27/2021,10000,Industry and Commerce,Insufficient fulfilment of data subjects rights,"The Spanish DPA (AEPD) has imposed a fine of EUR 10,000 on PERSONAL MARK, S.L.. A data subject complained that she was receiving promotional text messages from the controller, despite having requested the deletion of her personal data from the controllers's databases on several occasions.",not_cyber,High,promotional SMS despite deletion (marketing/subject rights)
65,Greece,7/30/2019,150000,Employment,Insufficient legal basis for data processing,"The processing of employee personal data was based on consent. The HDPA found that consent as legal basis was inappropriate, as the processing of personal data was intended to carry out acts directly linked to the performance of employment contracts, compliance with a legal obligation to which the controller is subject and the smooth and effective operation of the company, as its legitimate interest. In addition, the company gave employees the false impression that it was processing their personal data under the legal basis of consent, while in reality it was processing their data under a different legal basis.  This was in violation of the principle of transparency and thus in breach of the obligation to provide information under Articles 13(1)(c) and 14(1)(c) of the GDPR. Lastly, in violation of the accountability principle, the company failed to provide the HDPA with evidence that it had carried out a prior assessment of the appropriate legal bases for processing employee personal data",not_cyber,High,consent wrong legal basis for employee data
592,Spain,3/10/2021,50000,"Finance, Insurance and Consulting",Insufficient legal basis for data processing,"The Spanish DPA (AEPD) fined Equifax Iberica S.L. EUR 50,000 for a violation of Art. 6 (1) f) GDPR. The controller had added the data subject to a debtor register without informing her beforehand.  The data subject had outstanding payments of rent with her landlord, who had previously sent her corresponding requests for payment. The controller itself had also sent notices to the data subject requesting her to pay the debts. These, however, did not contain any information that the data subject would be entered in the debtors' register in the event of non-payment. 
Also, the rental contract of the data subject did not contain any provisions in this regard, which led the DPA to conclude that the controller did not have a legitimate interest within the terms of the GDPR and thus had processed the personal data of the data subject without a legal basis.",not_cyber,High,added to debtor register without informing (legal basis)
953,Spain,12/16/2021,1200,Individuals and Private Associations,Insufficient fulfilment of information obligations,"The Spanish DPA (AEPD) has fined a private individual EUR 1,200 for failing to provide sufficient information about a video surveillance system installed at their property.",not_cyber,High,no CCTV info
2892,Germany,9/30/2025,492000,"Finance, Insurance and Consulting",Non-compliance with general data processing principles,"The DPA of Hamburg has imposed a fine of EUR 492,000 on a company in the finance sector. The controller used automated systems to decide whether to approve a credit application, with no human input. This system incorrectly declined applications from applicants with a good credit score. When asked for the reasons for the negative decision, the controller also failed to respond adequately to these information requests.",not_cyber,High,"automated credit decision, no human (Art 22)"
1133,Italy,3/10/2022,8000,Employment,Insufficient legal basis for data processing,"The Italian DPA (Garante) has fined the Agenzia Regionale per la Tutela dell'Ambiente dell'Abruzzo EUR 8,000. A former employee of the environmental agency had filed a complaint with the DPA due to the fact that the agency had freely published documents containing his personal data on its website. The documents contained, among other things, information about the individual's previous employment and criminal information.",not_cyber,High,published documents with personal/criminal info (legal basis)
1218,Germany,2021,,Individuals and Private Associations,Insufficient legal basis for data processing,A job center employee had accessed data in social database systems and in the civil register for private research purposes.,cyber_nonmalicious,Low,job-centre employee accessed data for private research - insider snoop
351,Spain,7/23/2020,10000,"Media, Telecoms and Broadcasting",Insufficient legal basis for data processing,"Following a request for erasure addressed to the company, the data subject received another newsletter from the newspaper, although El Periódico de Catalunya claimed to have granted the request. This was due to a failure of an external service provider of the company.",not_cyber,High,newsletter after erasure (subject rights)
962,Spain,12/21/2021,2000,Individuals and Private Associations,Insufficient fulfilment of information obligations,"The Spanish DPA has imposed a fine of EUR 2,000 on FUNDACION ESPANOLA DE MEDICINA ESTETICA Y LONGEVIDAD. The DPA criticized that the data protection notice of the controller did not comply with the requirements of the GDPR. Thus, the information required under Art. 13 GDPR was not sufficiently provided. In addition, the data protection notice did not provide an adequate opportunity to give consent to data processing.",not_cyber,High,privacy notice non-compliant (info obligation)
2340,Italy,4/11/2024,100000,Transportation and Energy,Non-compliance with general data processing principles,"The Italian DPA has imposed a fine of EUR 100,000 on Facile.Energy S.r.l.. During its investigation, the DPA found that data subjects had received advertising calls on behalf of the controller without their consent or despite being registered in objection registers. The DPA concluded that the controller had failed to take appropriate technical and organisational measures to ensure that the processing of data subjects' personal is carried out in accordance with data protection regulations throughout the supply chain.",not_cyber,High,advertising calls without consent
164,Bulgaria,9/3/2019,11760,"Media, Telecoms and Broadcasting",Insufficient legal basis for data processing,"The pecuniary sanction of EUR 11, 760 was imposed on the commercial representative of telecommunications service provider for unlawful processing of the personal data of a data subject. The personal data of the data subject was unlawfully processed for the conclusion of a contract for mobile services and leasing contracts.",not_cyber,High,unlawful processing for contract (legal basis)
465,Spain,12/2/2020,5000,Individuals and Private Associations,Insufficient legal basis for data processing,"The Spanish DPA (AEPD) imposed a fine of EUR 5,000 on the association for publishing the personal data of the data subjects on its website. The data had been unlawfully recorded without their consent in the course of another legal proceeding and had been forwarded by the recording party to the association.",not_cyber,High,published unlawfully recorded data (legal basis)
1673,Spain,2/21/2023,10000,Industry and Commerce,Insufficient fulfilment of data subjects rights,"The Spanish DPA has imposed a fine of EUR 10,000 on HERON CITY VALENCIA MANAGEMENT S.L.. A data subject had complained to the DPA due to the controller's failure to comply with their request for access to the recordings of the video surveillance system in which the data subject appeared.",not_cyber,High,failed to provide CCTV recordings (subject rights)
2246,Spain,2/1/2024,36000,Transportation and Energy,Insufficient fulfilment of data breach notification obligations,"The Spanish DPA has imposed a fine on HISPAPOST, S.A.. The police had found over a thousand abandoned letters containing the Hispapost logo. Hispapost had been contracted by several companies to deliver the letters. During its investigation, the DPA found that Hispapost, as a processor,  had failed to report the data protection incident to the data controllers in a timely manner. The original fine of EUR 60,000 was reduced to EUR 36,000 due to admission of responsibility and voluntary payment.",cyber_nonmalicious,High,abandoned letters found (lost mail)
1466,Spain,10/24/2022,240,Not assigned,Non-compliance with general data processing principles,"The Spanish DPA (AEPD) has imposed a fine on a company. The controller had installed video surveillance cameras which, among other things, also covered the public space. The DPA considered this to be a violation of the principle of data minimization. The original fine of EUR 300 was reduced to EUR 240 due to voluntary payment.",not_cyber,High,CCTV public space
1227,Italy,4/28/2022,2000,Accomodation and Hospitality,Insufficient fulfilment of information obligations,"The Italian DPA has fined the restaurant operator Ekss s.r.l. EUR 2,000. The controller had installed video surveillance cameras in its premises without properly informing the data subjects about the processing of the data by the video surveillance. The DPA found that the controller had violated its duty to inform as set out in the GDPR.",not_cyber,High,CCTV without info
2787,Czech Republic,12/18/2020,11830,Not assigned,Insufficient legal basis for data processing,"The Czech DPA has imposed a fine of EUR 8,340 on a legal person. During the state of emergency (COVID-19 pandemic), the accused sent unsolicited marketing communications for a period of at least one month to data mailbox holders, which is an aggravating factor.",not_cyber,High,unsolicited marketing
894,Luxembourg,10/6/2021,5300,Industry and Commerce,Non-compliance with general data processing principles,"The DPA from Luxembourg has imposed a fine of EUR 5,300 on a company. The company had installed 75 surveillance cameras on its premises as well as tracking devices in some of its vehicles used by employees to travel to customers. A few of these cameras covered, among other things, parts of a public street and a private neighboring property. During its investigation, the DPA also found that the cameras covered the employee cafeteria, allowing employees to be monitored outside of their working hours. The DPA found this to be a violation of the principle of data minimization. It also found that the controller had not sufficiently complied with its information obligations under Art. 13 GDPR.",not_cyber,High,CCTV public street/neighbour + trackers
2904,Slovakia,2025,7500,Not assigned,Non-compliance with general data processing principles,"The Slovak DPA has imposed a fine of EUR 7,500 on an unknown controller. The controller violated the principle of lawfulness, the principle of transparency and the principle of accountability.",not_cyber,High,lawfulness/transparency/accountability
386,Spain,8/28/2020,5000,Individuals and Private Associations,Insufficient legal basis for data processing,"The Basketball Association transmitted personal data to third parties, which were subsequently published on the Internet without consent of the data subjects. In addition, the data protection authority found that the Basketball Federation also disclosed personal data to a newspaper, violating - in addition - the principle of integrity and confidentiality (Art. 5 (1) f) GDPR).",not_cyber,Medium,"transmitted data to third parties, published; legal basis"
1177,Italy,3/10/2022,10000,Industry and Commerce,Insufficient cooperation with supervisory authority,"The Italian DPA has imposed a fine of EUR 10,000 on Alfa Shipyard s.r.l.. The controller had failed to implement measures ordered by the DPA in due time.",not_cyber,High,failed to implement DPA measures (cooperation)
920,Luxembourg,10/27/2021,15400,Not assigned,Insufficient involvement of data protection officer,"The Luxembourg DPA has imposed a fine of EUR 15,400 on a company. According to the DPA, the controller failed to involve the data protection officer in all matters related to the protection of personal data. In addition, contrary to the requirements of the GDPR, the data protection officer did not report directly to the highest management level; instead, there were two levels of hierarchy in between. 
Also, the controller did not have a data protection control plan in place to demonstrate that the data protection officer was performing their duties appropriately.",not_cyber,High,DPO not involved
611,Norway,3/8/2021,14900,Transportation and Energy,Insufficient legal basis for data processing,"The Norwegian DPA (Datatilsynet) imposed a fine of EUR 14,900 on the energy company Dragefossen AS. The latter had installed a webcam on the roof of its office building in the center of Rognan which was in operation 24/7 and recorded the city center. These recordings could be viewed via a live video stream on Youtube and on the controller's homepage. In addition, the recordings could be rewound for up to twelve hours. 

The area covered by the camera surveillance included a public street, the parking lot and entrance of two grocery stores, a pharmacy, a liquor store, the local bank, city hall, and a number of other buildings.

It was not possible to make out facial details or read license plates on cars due to the image quality and distance from the camera. Nevertheless, the image quality was good enough to be able to identify what type of car the data subjects were driving, what type of clothing they were wearing, what hair color they had, and other personal characteristics. This was sufficient for those watching the live broadcast to identify and track co-workers, colleagues, friends, family, or other acquaintances.

The Norwegian DPA concluded that the live broadcast constitutes a breach of Art. 6 (1) GDPR and Art. 5 (1) a) GPDR.

The decision highlights that the illegal camera surveillance involved a significant number of employees and that many were monitored repeatedly, some on a daily basis. Those who were monitored were on their way to and from work, who needed to buy groceries, medications, or alcohol, or who were in the public area for other reasons. These are activities where the data subjects do not expect to be monitored, and even less they expect the monitoring to be broadcast live on the Internet.",not_cyber,High,webcam livestream of public space (CCTV)
37,Hungary,3/4/2019,3200,"Finance, Insurance and Consulting",Insufficient fulfilment of data subjects rights,"The fine was imposed in relation to a data subject's request for data correction and erasure. NAIH levied a fine against an unnamed financial institution for unlawfully rejecting a customer’s request to have his phone number erased after arguing that it was in the company's legitimate interest to process this data in order to enforce a debt claim against the customer. In its decision, the NAIH emphasised that the customer’s phone number is not necessary for the purpose of debt collection because the creditor can also communicate with the debtor by post. Consequently, keeping the phone number of the debtor was against the principles of data minimisation and purpose limitation. As per the law, the assessed fine was based on 0.025% of the company's annual net revenue.",not_cyber,High,rejected phone-number erasure (subject rights)
2247,Cyprus,12/7/2023,1500,Health Care,Non-compliance with general data processing principles,"The Cypriot DPA has imposed a fine of EUR 1,500 on a physician. An individual had filed a complaint with the DPA because the physician had accessed their personal data in a healthcare system, even though the physician had not treated the individual or obtained their consent.",cyber_nonmalicious,Medium,physician accessed patient data without treating - insider snoop
2307,Italy,4/13/2023,500000,Industry and Commerce,Non-compliance with general data processing principles,"The Italian DPA has imposed a fine of EUR 500,000 on Mas s.r.l.. As part of its investigation, the DPA found that the controller had acquired illegally created lists containing personal data and used them for marketing purposes without the consent of the data subjects in order to provide them with commercial offers from various energy companies.",not_cyber,High,acquired illegal lists for marketing
1890,Germany,2022,,"Finance, Insurance and Consulting",Insufficient fulfilment of data subjects rights,"The DPA of Berlin imposed a fine on a credit agency. In the course of its investigation, the DPA found that the controller had stored 27 false addresses and 13 false dates of birth of a data subject for more than two years. The controller did not correct this data until the data subject submitted a request for information. However, the DPA also found that the information was provided late due to an internal error.",not_cyber,High,"stored false data, corrected late (accuracy/subject rights)"
3158,Italy,3/26/2026,2000,Industry and Commerce,Insufficient legal basis for data processing,"The Italian DPA has imposed a fine of EUR 2,000 on a business owner. The controller had been using video surveillance at his business premises. However, he did not put up any signs to inform data subjects about it, nor did he obtain the necessary authorisation from the labour inspectorate.",not_cyber,High,CCTV without signs/authorization
619,Italy,2/25/2021,4000,Public Sector and Education,Insufficient legal basis for data processing,"The Italian DPA (Garante) has imposed a fine of EUR 4,000 on the Lazio Region School Authority. A parent had filed a complaint against the school authority for forwarding data of his disabled son to the Office of Public Administration. The data forwarded included, among other things, information about the child's health condition. The parent had previously complained of irregularities in the allocation of support hours for students with disabilities at the school I.C.G. Pitocco of Castelnuovo di Porto. The school authority had then transmitted the data in order to clarify the allegation. The DPA, however, found that the transfer had taken place without a legal basis.",not_cyber,High,forwarded childs health data without legal basis
2928,Italy,10/9/2025,6000,Health Care,Insufficient legal basis for data processing,"The Italian DPA has imposed a fine of EUR 6,000 on the Interprovincial Order of Medical Radiology Technicians and Technical Health Professions in Rehabilitation and Prevention of AQ - CH - PE - TE. The controller forwarded data without a sufficient legal basis and also failed to appoint a DPO.",not_cyber,High,forwarded data without legal basis + no DPO
2354,Germany,2023,,Individuals and Private Associations,Non-compliance with general data processing principles,"The DPA of Bavaria has imposed a fine on an individual. The individual had been pulled over by a police officer and afterwards managed to obtain their telephone number in order to contact them. As the individual had already insulted and threatened the police officer during the check, the officer felt endangered by the contact.",not_cyber,Low,individual misused officers contact info
1644,Italy,4/7/2022,15000,Accomodation and Hospitality,Insufficient fulfilment of information obligations,"The Italian DPA has fined Rebirth s.r.l. EUR 15,000. The controller had installed 14 surveillance cameras in a café it operated without, however, informing about the video surveillance.",not_cyber,High,CCTV without info
1455,Greece,10/3/2022,20000,"Finance, Insurance and Consulting",Insufficient fulfilment of information obligations,"The Hellenic DPA has imposed a fine of EUR 20,000 on ALFA BANK S.A.. In the context of the use of certain debit/credit cards, information of the last 10 transactions were stored on the chip of the card without the customers' explicit consent. This information could be read out later. The DPA found that the bank had failed to inform affected customers about this storage of transaction information and therefore violated Art. 13 GDPR.",not_cyber,High,stored transaction data without info (info obligation)
1827,Spain,5/9/2023,5000,Real Estate,Insufficient legal basis for data processing,"The Spanish DPA has fined ESTUDIO INMOBILIARIO SAN ISIDRO, S.L.U. EUR 5,000. An individual had filed a complaint with the DPA because employees of the controller had visted their home to advertise their rental services without their consent.",not_cyber,High,employees visited home to advertise (marketing)
1879,Spain,6/8/2023,180,Individuals and Private Associations,Non-compliance with general data processing principles,"The Spanish DPA has imposed a fine on a private individual. The controller had installed video surveillance cameras which, among other things, also covered the public space and a neighbouring property. The DPA considered this to be a violation of the principle of data minimization. The original fine of EUR 300 was reduced to EUR 180 due to voluntary payment and admission of responsibility.",not_cyber,High,CCTV public space/neighbour
2805,Czech Republic,12/18/2020,8100,Not assigned,Insufficient legal basis for data processing,"The Czech DPA has imposed a fine of EUR 8,100 on a legal person. During the state of emergency (COVID-19 pandemic), the accused sent unsolicited marketing communications for a period of at least one month to data mailbox holders, which is an aggravating factor.",not_cyber,High,unsolicited marketing
1067,Italy,1/13/2022,4000,Health Care,Insufficient fulfilment of data subjects rights,Failure to respond to the data subject's request for access to their data in a timely manner.,not_cyber,High,no response to access request (subject rights)
1007,Spain,1/21/2022,2000,Industry and Commerce,Insufficient fulfilment of information obligations,"The Spanish DPA (AEPD) imposed a fine of EUR 2,000 on a website operator for the lack of a privacy policy on its website, in violation of Art. 13 GDPR.",not_cyber,High,no privacy policy (info obligation)
873,Austria,2021,700000,Industry and Commerce,Unknown,"According to the newspaper ""Der Standard"", the Austrian DPA has imposed a fine of EUR 1.2 million on a customer loyalty program in 2021. Further information has not yet been disclosed. - UPDATE - The controller appealed the decision to the Austrian Federal Administrative Court, which reduced the original fine from EUR 1,200,000 to EUR 700,000.",unclear,Low,loyalty-program fine; no detail
2235,Germany,2023,,Employment,Insufficient legal basis for data processing,The DPA in Bremen has imposed a fine on a company. The controller had stored an applicant's application documents after the application process for the purpose of further retention for the purpose of considering the applicant for future vacancies but had not obtained consent from the applicant in question.,not_cyber,High,stored applicant docs without consent (retention)
1445,Italy,7/7/2022,20000,"Finance, Insurance and Consulting",Non-compliance with general data processing principles,"The Italian DPA has fined Intesa Sanpaolo Vita S.p.a. EUR 20,000. The data subject, who had taken out a life insurance policy with the controller, had filed a complaint with the DPA against the controller for the unauthorized disclosure of their personal data. In the course of its investigation, the DPA found that the controller had disclosed personal data, such as first name, last name and information about the policy, to third parties without authorization. The unauthorized disclosure had occurred due to an employee's error.",cyber_nonmalicious,High,disclosed policy data to third parties (employee error)
821,Spain,8/30/2021,6000,Industry and Commerce,Insufficient fulfilment of information obligations,"The Spanish DPA (AEPD) imposed a fine of EUR 6,000 on FurnishYourSpace S.L.. The AEPD had received a complaint from the Berlin DPA via the EU Internal Market Information System about the inadequate design of the controller's privacy notice. 
Namely, the identity and contact details of the controller were provided in the privacy notice, but under a misleading heading that gave the impression that they were provided for a business purpose. In addition, the purposes of the processing were not clearly stated. 
No information was provided regarding the legal basis, the retention period of the personal data and the data subjects' right to object. Also, the privacy notice was confusing and the wording contained grammatical errors and used terms that are not part of common usage.

In addition, the privacy notice required a tax identification number in order to issue a simplified invoice, i.e., an invoice not exceeding the amount of EUR 3,000. The AEPD found this to be a violation of the principle of legality. 

The fine is composed as follows:

EUR 3,000 for a breach of Art. 12 GDPR and Art. 13 GDPR;
EUR 1,000 for a breach of Art. 21 (4) GDPR; and
EUR 2,000 for a breach of Art. 5 (1) a) GDPR and Art. 6 GDPR.",not_cyber,High,inadequate privacy notice (info obligation)
2085,Italy,9/14/2023,42000,"Finance, Insurance and Consulting",Insufficient fulfilment of data subjects rights,Failure to respond to the data subject's request for access to their data in a timely manner.,not_cyber,High,no response to access request (subject rights)
2611,Italy,4/10/2025,5000000,"Media, Telecoms and Broadcasting",Non-compliance with general data processing principles,"The Italian DPA imposed a fine of EUR 5,000,000 on Luka Inc. The developer created a chatbot called Replika with a written and voice interface. It is based on a generative AI system, specifically an LLM model, that is constantly fed and improved by user interactions. Replika is intended to be a ""virtual companion"" that improves users' moods and emotional well-being by helping them understand their own psyche. Replika can be set up as a friend, therapist, romantic partner, or mentor. The controller failed to demonstrate a valid legal basis for its data processing and failed to provide sufficient information on data processing in its privacy policy. Additionally, the controller failed to adopt appropriate measures to protect personal data collected from children and implement an age verification mechanism. 
The total sum of the fine can be reduced by 50% if paid within sixty days.",not_cyber,High,chatbot no legal basis/info/age (Replika)
1802,Spain,2/22/2023,30000,"Media, Telecoms and Broadcasting",Non-compliance with general data processing principles,"The Spanish DPA has imposed a fine on DISPLAY CONNECTORS, S.L.. An individual had filed a complaint with the DPA regarding the controller's publication of information about a court case that included personal data of the complainant's minor son. During its investigation, the DPA determined that the minor's right to privacy outweighed the controller's freedom of information, and thus the publication violated the principle of data minimization. The original fine of EUR 50,000 was reduced to EUR 30,000 due to voluntary payment and admission of responsibility.",not_cyber,High,published court-case info incl minor (minimization)
1043,Germany,2020,300400,Individuals and Private Associations,Insufficient legal basis for data processing,A police officer took photos of an official presentation that contained personal data and shared them in a Whats App group.,cyber_malicious,Low,"police officer photographed presentation, shared WhatsApp - insider leak"
2751,Italy,4/29/2025,100000,Transportation and Energy,Non-compliance with general data processing principles,"The Italian DPA has imposed a fine of EUR 100,000 on Energia Verde S.p.A. The controller had been active in direct marketing activities. The controller processed data without a sufficient legal basis, without sufficient technical and organisational measures to ensure data security and without prior and correct identification of the roles of processors and subjects. The controller fruther failed to adequately react to requests from data subjects to exercise their rights, to demonstrate, that the controller processes data in accordance with the GDPR and adequatly cooperating with the DPA.",not_cyber,High,direct marketing without legal basis
534,Spain,1/21/2021,75000,"Media, Telecoms and Broadcasting",Insufficient legal basis for data processing,"The Spanish DPA (AEPD) imposed a fine of EUR 75,000 on Telefónica Móviles España, SAU. The controller had assigned five telephone lines with five numbers to the data subject as part of a mobile phone contract. One of the numbers was used by her son. When he was no longer able to use the mobile data, he contacted the controller. The controller informed him that the mobile data had been deactivated because the number was no longer in his possession. It turned out that unauthorized third parties had pretended to be the data subject and had the number transferred to a third party without the controller requiring authentication for this. Thereupon the unauthorized third parties had requested and received a replacement SIM card under the pretense of an alleged loss or theft. As a result, the son's SIM card was blocked.",cyber_malicious,High,SIM-swap fraud
1916,Spain,6/23/2023,180,Individuals and Private Associations,Non-compliance with general data processing principles,"The Spanish DPA has imposed a fine on a private individual. The controller had installed video surveillance cameras which, among other things, also covered a neighbouring property. The DPA considered this to be a violation of the principle of data minimization. The original fine of EUR 300 was reduced to EUR 180 due to voluntary payment and admission of responsibility.",not_cyber,High,CCTV neighbour
416,Norway,9/25/2020,13900,Industry and Commerce,Insufficient legal basis for data processing,"The company assessed the credibility of another company and thereby, according to Datatilsynet, processed personal data relating to a natural person (the owner of the company assessed) without there being a sufficient legal basis for doing so.",not_cyber,High,assessed owner data without legal basis
2097,Spain,11/7/2023,70000,Transportation and Energy,Non-compliance with general data processing principles,"The Spanish DPA has imposed a fine of EUR 70,000 on THE BEE LOGISTICS, S.L. for delivering a parcel to a person other than the recipient, thereby unlawfully disclosing the recipient's data.",cyber_nonmalicious,Medium,parcel misdelivered; disclosure
1780,Germany,2022,1800,Health Care,Non-compliance with general data processing principles,"The DPA of Hessen imposed a fine of EUR 1,800 on a Covid-19 test center. An employee had taken an adhesive label from the trash, written the test center's e-mail address on it and attached it to the center's window. However, due to a lack of care, the employee did not notice that the label still contained personal data of an individual. The data was therefore visible to third parties for about 24 hours until the label was removed.",cyber_nonmalicious,Medium,label from trash with data on window (accidental)
888,Spain,10/26/2021,40000,"Media, Telecoms and Broadcasting",Insufficient legal basis for data processing,"The Spanish DPA (AEPD) has imposed a fine on VODAFONE SERVICIOS, S.L.U.. A data subject filed a complaint with the DPA against the controller. The data subject is a client of the controller. When he checked his bills on the official website ""MY VODAFONE"" last December, he found that he had four outstanding bills, but he could not access them. He had also received a number of requests to pay them. He was informed that there was a parallel account at Vodafone with details that partly corresponded to those of him. As it turned out, fraudsters had concluded a mobile phone contract using the personal data of the data subject. However, the personal data had been entered into the company's information systems without any verification that the contract was lawful and had actually been concluded by the data subject. The original fine of EUR 50,000 was reduced to EUR 40,000 due to voluntary payment.",cyber_malicious,Medium,fraudsters concluded contract using data (identity fraud)
1168,Spain,5/13/2022,170000,Industry and Commerce,Insufficient legal basis for data processing,"The Spanish DPA (AEPD) has imposed a fine of EUR 170,000 on the supermarket chain Mercadona S.A.. An individual had filed a complaint with the DPA. The individual had suffered an accident in one of the supermarkets and had asked Mercadona to provide the recordings of the accident from the video surveillance system in order to claim damages. However, Mercadona did not comply with this request. After the lawyer of the data subject asked Mercadona again to provide the recordings, Mercadona replied that the images had already been deleted.",not_cyber,High,did not provide CCTV recordings (subject rights)
1658,Spain,2/21/2023,600,Individuals and Private Associations,Non-compliance with general data processing principles,"The Spanish DPA (AEPD) has imposed a fine of EUR 600 on a private individual. The controller had installed video surveillance cameras which, among other things, also covered the public space. The DPA considered this to be a violation of the principle of data minimization. In addition, the controller had not properly informed the data subjects about the processing of the data by the video surveillance.",not_cyber,High,CCTV public space
1671,Italy,12/15/2022,4900000,Transportation and Energy,Non-compliance with general data processing principles,"The Italian DPA has fined Edison Energia S.p.A. EUR 4.9 million. Several person had filed complaints with the DPA regarding unlawful marketing activities of the company. During its investigation, the DPA found that the company contacted data subjects by telephone for marketing purposes without their consent. For this purpose, the company used contact lists from third parties, which in many cases, however, did not contain the free, specific, informed and documented consent of the users to the disclosure of personal data. The DPA also found that Edison Energia did not provide data subjects with a direct and easy way to exercise their right to object. In addition, Edison Energia failed to respond to data subject requests in a timely manner in several cases. In addition, the DPA found that users of the app and website simultaneously consented to the use of their data for both marketing and profiling purposes. The DPA found that such consent did not correspond to voluntary and specific consent for different purposes. Finally, the DPA found that Edison Energia failed to provide data subjects with transparent information about the processing of their personal data.",not_cyber,High,telemarketing without consent
2364,Italy,4/24/2024,3000,Public Sector and Education,Insufficient legal basis for data processing,"The Italian DPA has imposed a fine of EUR 3,000 on I.N.P.A.S. (Istituto Nazionale di Previdenza e di Assistenza Sociale). During its investigation, the DPA found that a former employee had access to databases containing personal data even after the termination of their employment relationship.",cyber_nonmalicious,Medium,former employee retained DB access (not revoked)
624,Spain,4/6/2021,2400,"Finance, Insurance and Consulting",Insufficient fulfilment of data subjects rights,"The Spanish DPA (AEPD) has fined Promotech Digital S.L. EUR 2,400 for repeatedly sending the data subject advertising SMS, even though he never subscribed or agreed to receive SMS. Furthermore, the SMS did not offer a direct option to unsubscribe from the advertising. Instead, reference was made to the possibility of cancellation by e-mail. Even though the data subject had objected to receiving further SMS, he continued to receive SMS from the controller. The original fine of EUR 3,000 was reduced by 20% to EUR 2,400 due to immediate payment and acknowledgement of guilt.",not_cyber,High,advertising SMS without subscription (marketing)
1464,Italy,7/21/2022,5000,Public Sector and Education,Insufficient legal basis for data processing,"The Italian DPA has imposed a fine of EUR 5,000 on Ginosa municipality. The fine is related to the fine against Clio S.r.l.. Clio provides and manages a whistleblowing reporting application for various private and public entities, including, Ginosa municipality. During its investigation, the DPA found that the municipality provided personal data to Clio in connection with whistleblowing reports, allowing Clio to collect and store them without a valid legal basis. Furterhmore, the DPA found that the municipality had not adequately regulated its relationship with Clio.",not_cyber,High,provided whistleblowing data without legal basis
1279,Germany,2021,,Public Sector and Education,Insufficient legal basis for data processing,"A police officer had accessed data in a police database for private research purposes. The police officer queried the investigation process of a friend against the background of a judicial hearing. Via WhatsApp, he shared what information he had become aware of through his unauthorized retrievals. For this reason, the DPA of Brandenburg imposed a fine for a violation of § 32 (1) BbgDSG. The Brandenburg Data Protection Act (BbgDSG) sets out the supplementary regulations necessary to adapt the GDPR.",cyber_malicious,Low,police officer accessed DB and shared WhatsApp - insider leak
1399,Germany,9/21/2022,50000,Real Estate,Insufficient legal basis for data processing,"The DPA of Baden-Württemberg has imposed a fine of EUR 50,000 on a property development company. 

The company had sent a letter to a property owner in which it made a purchase price offer for their property. The letter did not contain any information on the origin of the data. Even after the owner asked the company where the data had been obtained, the company did not reply. 

In the course of its investigation, the DPA discovered that a surveyor had made use of his authority to inspect the electronic land register and, in two cases, had identified several hundred property owners without their knowledge. Subsequently, the surveyor had passed the relevant information to the company, which contacted the property owners. 

The DPA considered this to be, on the one hand, a violation of Art. 6 (1) GDPR and, on the other hand, a violation of Art. 14 GDPR due to the lack of information on the origin of the data.",not_cyber,High,processing without legal basis/transparency
298,Spain,6/9/2020,3000,Industry and Commerce,Insufficient fulfilment of information obligations,Fines for lack of sufficient data processing information in relation to video surveillance on business premises and for insufficient information when cookies were used on its website.,not_cyber,High,CCTV + cookies info obligations
1159,Italy,4/7/2022,40000,Health Care,Non-compliance with general data processing principles,"The Italian DPA (Garante) has fined Azienda ospedaliera di Perugia EUR 40,000. 

During an investigation at the healthcare facility, the DPA found multiple GDPR violations.

The DPA's investigation took place as part of a series of inspections dealing with the processing of data in the context of whistleblower systems at employers.

The healthcare facility used an open source-based whistleblowing web application. However, the application was accessed through systems that were not properly configured. This made it possible to record and store users' browsing data, thus identifying those users and, as such, potential whistleblowers. 

With respect to the processing of personal data, the health facility had failed to inform the employees in advance. 

In addition, the DPA found that the healthcare facility had not conducted a data protection impact assessment and had not registered the processing in the register of processing activities. Thus, no sufficient assessment of the risks to the rights and freedoms of the data subjects had been carried out.  """,cyber_nonmalicious,High,whistleblowing app misconfigured; identities exposed
2785,Czech Republic,12/18/2020,9420,Not assigned,Insufficient legal basis for data processing,"The Czech DPA has imposed a fine of EUR 8,340 on a legal person. During the state of emergency (COVID-19 pandemic), the accused sent unsolicited marketing communications for a period of at least one month to data mailbox holders, which is an aggravating factor.",not_cyber,High,unsolicited marketing
1327,Italy,5/13/2021,20000,Health Care,Non-compliance with general data processing principles,"The Italian DPA has fined Synlab Med srl EUR 20,000. The company conducted Covid-19 tests for various regional health authorities. In this context, the company had inadvertently sent the test results of 31 people to the wrong health authority.",cyber_nonmalicious,High,Covid test results to wrong health authority
1861,Spain,6/2/2023,20000,Not assigned,Insufficient fulfilment of data subjects rights,"The Spanish DPA has imposed a fine of EUR 20,000 on QUALITY-PROVIDER S.A.. A data subject had filed a complaint with the DPA because the controller had continued to use their data for marketing purposes despite their request for deletion.",not_cyber,High,marketing after deletion (subject rights)
643,Norway,3/21/2021,19900,Accomodation and Hospitality,Insufficient legal basis for data processing,"The Norwegian DPA (Datatilsynet) has imposed a fine of EUR 19,900 on Basaren Drift AS. The controller had installed video cameras in its premises which recorded both its employees and customers. The Norwegian DPA concluded that the controller had no legal basis for the camera surveillance. In addition, the Norwegian DPA found that the controller did not provide sufficient information on the surveillance to the data subjects.",not_cyber,High,CCTV without legal basis
2065,Spain,10/11/2023,300,Individuals and Private Associations,Non-compliance with general data processing principles,"The Spanish DPA (AEPD) fined a private individual EUR 300. The individual had installed video surveillance cameras on their property which covered, among other things, the public space. The AEPD found that such extensive video surveillance constituted a violation of the principle of data minimization.",not_cyber,High,CCTV public space
2418,Spain,5/28/2024,300,Individuals and Private Associations,Non-compliance with general data processing principles,The Spanish DPA has imposed a fine of EUR 300 on a private individual. The individual had installed a video surveillance camera which also recorded parts of a neighbouring property. The DPA considered this to be a violation of the principle of data minimization.,not_cyber,High,CCTV neighbour
1426,Spain,10/9/2022,24000,"Finance, Insurance and Consulting",Insufficient legal basis for data processing,"The Spanish DPA has imposed a fine on CAJA DE SEGUROS REUNIDOS, COMPAÑÍA DE SEGUROS Y REASEGUROS, S.A.. A data subject filed a complaint with the DPA. The data subject had taken out an insurance policy with the controller, the beneficiary of which was his ex-life partner at the time. After the separation, the ex-life partner asked the controller to change the debit entry for the premium from the data subject's account to her account. The controller carried out this change without the consent of the data subject. The DPA considered this to be an unlawful change to the personal data of the data subject. The original fine of EUR 40,000 was reduced to EUR 24,000 due to voluntary payment and admission of responsibility.",not_cyber,High,changed debit account without consent (legal basis)
1357,Spain,7/12/2022,1600,Industry and Commerce,Non-compliance with general data processing principles,"The Spanish DPA (AEPD) has imposed a fine of 1,600 on JOYPAZAR, S.A.. The company had installed video surveillance cameras which, among other things, also covered a public playground. The DPA considered this to be a violation of the principle of data minimization.",not_cyber,High,CCTV public playground
1881,Spain,6/13/2023,70000,"Media, Telecoms and Broadcasting",Insufficient legal basis for data processing,"The Spanish DPA has imposed a fine of EUR 70,000 on DIGI SPAIN TELECOM, S.L.. A person had filed a complaint with the DPA because the company had given a duplicate of their SIM card to an unauthorized fraudulent third party without their consent. During its investigation, the DPA found that the company failed to verify the identity of the third party or obtain the data subject's consent to share their data. This allowed the fraudsters to gain access to the data subject's bank account and make unauthorized transactions.",cyber_malicious,High,SIM-swap fraud
2425,France,5/25/2024,15000,Individuals and Private Associations,Non-compliance with general data processing principles,"The French DPA has fined an association EUR 15,000 due to a lack of data security, non-compliance with the principle of data minimisation and a failure to comply with its information obligations under the GDPR.",unclear,Low,lack of data security + minimization + info; mixed
398,Spain,9/16/2020,10000,Real Estate,Non-compliance with general data processing principles,Publication of a document containing personal data (information about identity of the data subject as well as about debts) on a community notice billboard.,not_cyber,Medium,published debts doc on billboard; unlawful publication
919,Greece,10/14/2021,20000,Industry and Commerce,Insufficient legal basis for data processing,"The Hellenic DPA has fined ΚΑΠΑ ΛΑΜΔΑ ΩΜΕΓΑ ΔΙΑΦΗΜΙΣΤΙΚΗ ΕΜΠΟΡΙΚΗ ΜΟΝΟΠΡΟΣΩΠΗ ΕΤΑΙΡΕΙΑ ΠΕΡΙΟΡΙΣΜΕΝΗΣ ΕΥΘΥΝΗΣ EUR 20,000. The company had in several cases carried out marketing calls without the consent of the data subjects. Despite several revocations by the data subjects, they continued to receive unsolicited advertising.",not_cyber,High,marketing calls without consent
778,Luxembourg,7/16/2021,,Industry and Commerce,Non-compliance with general data processing principles,"In its quarterly report, Amazon.com Inc. announced that the DPA from Luxembourg (CNPD) had fined Amazon Europe Core S.à r.l. EUR 746,000,000 for failing to process personal data in compliance with the GDPR. Amazon plans to take legal action against the decision.

---Update---

The Luxembourg Administrative Court overturned the DPA's decision, resulting in the fine being revoked. The court argued that the DPA had decided purely on a form of objective liability, failing to take fault into account. The DPA also failed to adequately assess whether the fine was appropriate.",not_cyber,Medium,Amazon; non-compliant processing (advertising/consent)
753,Luxembourg,6/11/2021,15000,Not assigned,Insufficient involvement of data protection officer,"The DPA of Luxembourg (CNPD) has imposed a fine of EUR 15,000 on a company. During an investigation, the DPA found that the controller had not sufficiently involved the data protection officer in all matters relating to the protection of personal data. In addition, the controller had not guaranteed sufficient autonomy for the data protection officer. Lastly, the data protection officer had not received sufficient training to be able to properly and independently advise and inform the controller.",not_cyber,High,DPO not sufficiently involved
680,Greece,5/12/2021,5000,Not assigned,Non-compliance with general data processing principles,"The Hellenic DPA has fined A. ΕΠΙΛΟΓΗ ΙΔΙΩΤΙΚΗ ΚΕΦΑΛΑΙΟΥΧΙΚΗ ΕΤΑΙΡΕΙΑ EUR 5,000. The controller had not responded to requests for information and deletion from the data subject. During the DPA´s investigation, the controller informed the DPA that it had deleted the data of the data subject. However, the data subject had not been informed of this. Furthermore, the DPA determined that the data subject's data had been collected for a purpose other than the agreed purpose. A corresponding consent of the data subject for this new processing purpose had not been obtained.",not_cyber,High,no response to deletion + purpose change (subject rights)
900,Spain,11/12/2021,3000,"Media, Telecoms and Broadcasting",Insufficient cooperation with supervisory authority,Failure to provide requested information to the Spanish DPA (AEPD) within the required timeframe in violation of Art. 58 GDPR.,not_cyber,High,failed to provide info to DPA (cooperation)
86,Spain,10/1/2019,30000,Transportation and Energy,Insufficient legal basis for data processing,"The Spanish Data Protection Agency (AEPD) has sanctioned Vueling Airlines with 30,000 euros for not giving users the ability to refuse their cookies and force them to use them if they want to browse its website. In other words, it was not possible to browse the Vueling page without accepting their cookies. AEDP issued a sanctioning resolution for the amount of 30,000 euros, which could be reduced to 18,000 for immediate payment.",not_cyber,High,cookies forced acceptance
2346,France,6/5/2024,,Not assigned,Insufficient fulfilment of data subjects rights,The French DPA has imposed a fine on a controller for not sufficiently respecting data subjects' rights (exercising the right of access to a medical file).,not_cyber,High,access to medical file (subject rights)
270,Bulgaria,1/6/2020,5110,Industry and Commerce,Insufficient legal basis for data processing,"The fine of EUR ca. 5,113 was imposed on a Bulgarian utility company for unlawful processing of the personal data of the data subject V.V. The personal data of V.V. was unlawfully processed and subsequently used for initiating an enforcement case against him for outstanding payment obligations. During the enforcement case, the bailiff seized the data subject’s salary, and the latter suffered damages as a result of the unlawful processing.",not_cyber,High,unlawful processing (legal basis)
1103,Germany,3/3/2022,1900000,Real Estate,Insufficient legal basis for data processing,"The DPA of Bremen has imposed a fine of EUR 1.9 million on the housing association BREBAU GmbH. 

BREBAU GmbH had processed upwards of 9,500 datasets about potential tenants without a valid legal basis. In particular, the DPA found that the controller had processed particularly sensitive data as defined by Art. 9 GDPR. For example, the controller unlawfully processed information about the skin color, ethnic origin, religious affiliation, sexual orientation and health status of the data subjects. BREBAU GmbH also deliberately ignored requests from data subjects for transparency about the processing of their data. 

In imposing the fine, the DPA took into account, as an aggravating factor, the extraordinary depth of the violation of the fundamental right to data protection. 

However, because BREBAU GmbH cooperated fully during the investigation, made efforts to mitigate the damage, clarified the facts on its own and ensured that such violations would not be repeated, the amount of the fine could be reduced.",not_cyber,High,processed sensitive data without legal basis
358,Romania,7/30/2020,2000,"Finance, Insurance and Consulting",Insufficient fulfilment of data subjects rights,The company had not informed the data subject within one month (or up to three months if a reason for the delay is given) of the measures taken following the request for deletion of data.,not_cyber,High,late info on deletion measures (subject rights)
517,Estonia,12/1/2020,100000,Health Care,Insufficient legal basis for data processing,"The Estonian DPA (Andmekaitse Inspektsioon) fined three online pharmacies EUR 100,000 each for processing personal data without the consent of the data subjects. The data in question are prescriptions for medicines of the data subjects. Third parties were able to view another person's current prescriptions in the e-pharmacy environment without their consent, based only on access to their personal identification code. The DPA highlighted that while it must be possible to purchase prescription drugs for other people, it is the responsibility of the company to ensure that the processing of the personal data required for this purpose only takes place with the consent of the data subjects. The confirmation of another person that they may access the data, however, does not correspond to the voluntary consent of the prescription holder, since the e-pharmacy cannot check whether and for what purpose the consent was given and whether it was given voluntarily.",cyber_nonmalicious,High,prescriptions viewable via ID code (weak access)
1543,Ireland,1/4/2023,390000000,"Media, Telecoms and Broadcasting",Non-compliance with general data processing principles,"The Irish DPA (DPC) has fined Meta Platforms Ireland Limited EUR 390 million. The DPA has imposed a fine of EUR 210 million for violations related to the provision of its Facebook service and EUR 180 million for violations related to the provision of its Instagram service. The Austrian organization 'None of Your Business' (NOYB) had filed a complaint with the DPA on behalf of two individuals. 

Meta had updated its terms of service shortly before the GDPR came into force. In its new terms of service, Meta informed its users to click 'Agree and Continue' to indicate their agreement with the new terms of service. This was required for further access to the services. Meta assumed that the acceptance of the updated terms of use constituted a contract between Meta and the user, since the processing of the data would be necessary for the provision as well as the improvement of the services. According to Meta, the data processing was therefore lawful pursuant to Art. 6 (1) b) GDPR. However, the complainant argued that Meta was actually trying to rely on consent as a legal basis for processing users' data. By making the access to its services conditional on users' consent to the updated terms of service, Meta was actually forcing users to consent to the processing of their personal data. 

Following the investigation, the DPC submitted a draft decision under Art. 60 GDPR to other European supervisory authorities concerned. The DPC found that Meta did not rely on user consent as a legal basis, and did not consider 'coerced consent' in this case. It also did not rule out the possibility that Meta relied on a contractual legal basis. In response, the DPC received objections from different supervisory authorities. However, the DPC found that Meta had breached its transparency obligations under the GDPR, by not clearly explaining to users for what purpose and on what legal basis their personal data would be processed. 

As no agreement could be reached on the disputed points, the DPC initiated a dispute resolution procedure pursuant to Art. 65 GDPR. In its decision, the EDPB confirmed the violation of transparency obligations by Meta. However, the EDPB took a different position than the DPC on the issue of the legal basis and found that Meta was not entitled to rely on a contractual legal basis. The EDPB therefore found that Meta had violated Art. 6 (1) GDPR. The DPC agreed in its final decision and imposed the fine and also required Meta to bring its data processing into compliance within three months.",not_cyber,High,consent/legal basis for terms
844,Spain,9/20/2021,18000,Health Care,Non-compliance with general data processing principles,"The Spanish DPA (AEPD) has imposed a fine on CEDICO, CENTRO DE DIAGNÓSTICO POR LA IMÁGEN, S.L.. The data subject filed a complaint with the AEPD. He had requested an MRI scan of his knee due to an accident at work. In addition, he had contacted his insurance company in order to obtain a sick leave. The insurance company then contacted the controller, who transmitted the data subject's medical records. In doing so, the controller also provided the insurer with the report of a previous MRI scan of the knee that the data subject had undergone due to an event outside of work. In its evaluation, the insurer thus also referred to the MRI report outside working hours and attributed the data subject's incapacity to work to this event. In consequence, no sick leave was granted to the data subject. The DPA considered the disclosure of the earlier MRI report to the insurance company to be a violation of the principle of integrity and confidentiality.
The original fine of EUR 30,000 was reduced to EUR 18,000 due to the voluntary payment and admission of guilt.",not_cyber,Medium,disclosed extra MRI report to insurer (over-disclosure)
1191,Belgium,5/25/2022,50000,"Media, Telecoms and Broadcasting",Insufficient legal basis for data processing,"The Belgian DPA has imposed a fine of EUR 50,000 on Roularta Media Group. As part of its investigation, the DPA found that the cookie management on two websites operated by Roularta did not comply with the GDPR. In order to use cookies, controllers must obtain prior consent from the user, except in cases where the cookies are strictly necessary for website operation. The DPA found that consent to the processing of personal data through cookies on websites operated by Roularta was not valid, as not all necessary conditions were met. As such, about 60 cookies that were not required had been placed by the websites on visitors' devices even before they had given their consent. Roularta had also failed to sufficiently inform users about cookies. In addition, the boxes for consent to the placement of cookies by third parties were checked in advance, although users must always actively consent. In addition, the DPA found that users could not revoke their consent to cookie placement as easily as they had given it.",not_cyber,High,cookies without consent
1486,Spain,10/31/2022,525000,"Media, Telecoms and Broadcasting",Non-compliance with general data processing principles,"The Spanish DPA has fined Techpump Solutions S.L. EUR 525,000. Techpump operates several websites with adult content. The DPA found several violations of data protection law during its investigation. Firstly, the DPA found that, contrary to the specified information in the privacy policy, Techpump shared users' personal data with companies belonging to the same group. In addition, the DPA found that Techpump had not specified a retention period for users' personal data and kept it indefinitely until users requested to withdraw their consent. Techpump also processed users' personal data without first obtaining their consent. Further, the DPA found that Techpump did not have sufficient parental controls to prevent minors under the age of 14 from accessing its content. In addition, Techpump's privacy policy was only available in English, rather than Spanish, and the information was not clearly understandable. Techpump also required that individuals who wished to exercise their data subject rights submit their ID card information in order to verify their identity. The DPA considered this to be an unacceptable impediment to the exercise of data subject rights. Finally, Techpump also collected various data such as IP addresses and WIFI data without having defined a processing purpose for it.",not_cyber,High,shared data / no consent / no retention (legal basis)
1537,Italy,12/1/2022,100000,Employment,Insufficient legal basis for data processing,"The Italian DPA has fined Lazio Region EUR 100,000. A trade union had filed a complaint with the DPA alleging that the Region had monitored the e-mail accounts of employees of the Region's legal department. The Region had initiated such monitoring on suspicion of possible disclosure of information protected by official secrecy to third parties. The Region stored and analyzed the employees' data for 180 days. The data included not only information related to work, but also personal data of the data subjects concerning their private sphere. During its investigation, the DPA found that the Region at the time did not have a valid legal basis for such a large-scale collection of personal data.",not_cyber,High,monitored employee emails without legal basis
2238,Germany,2023,,Real Estate,Insufficient legal basis for data processing,"The DPA of Bremen has imposed five fines on a real estate agency. The controller had repeatedly sent advertising messages to a former prospect and tried to contact them by telephone, even after the data subject had asked for their data to be deleted.",not_cyber,High,advertising after deletion (marketing/subject rights)
309,Spain,6/16/2020,2000,Accomodation and Hospitality,Non-compliance with general data processing principles,Illegal use of CCTV cameras (recording of third parties) and insufficient fulfilment of information obligations.,not_cyber,High,CCTV recording third parties + info
1629,Italy,10/20/2022,900,Employment,Insufficient legal basis for data processing,"The Italian DPA has imposed a fine of EUR 900 on the educational institution ""Istituto di Istruzione Superiore G. Renda di Polistena, Reggio Calabria"". A former employee of the municipality filed a complaint with the DPA because a document containing their personal data had been unlawfully published on the website of the educational institution. The document contained information about the termination of the employment relationship.",not_cyber,High,published termination doc (legal basis)
1281,Germany,2021,,Public Sector and Education,Insufficient legal basis for data processing,"A police officer had unlawfully accessed data in a police database. For this reason, the DPA of Brandenburg imposed a fine for a violation of § 32 (1) BbgDSG. The Brandenburg Data Protection Act (BbgDSG) sets out the supplementary regulations necessary to adapt the GDPR.",cyber_nonmalicious,Low,police officer unlawfully accessed DB - insider snoop
1459,Spain,10/20/2022,1000,Individuals and Private Associations,Non-compliance with general data processing principles,"The Spanish DPA (AEPD) has imposed a fine of EUR 1,000 on a private individual. The controller had installed video surveillance cameras which, among other things, also covered the public space. The DPA considered this to be a violation of the principle of data minimization.",not_cyber,High,CCTV public space
3047,Italy,1/16/2025,600,Accomodation and Hospitality,Insufficient legal basis for data processing,The Italian DPA has imposed a fine of EUR 600 on the Pro Loco Tourist Association of Cittareale. The controller published personal data of its members on its website without a sufficient legal basis.,not_cyber,High,published members data without legal basis
796,Spain,7/27/2021,1000,Accomodation and Hospitality,Insufficient fulfilment of information obligations,"The Spanish DPA (AEPD) imposed a fine of EUR 1,000 on APARTAMENTOS PLAYA DE COVACHOS, S.L.. The controller had installed a video surveillance system at its resort and informed about it on information posters, which, however, did not contain any information about the identity and contact details of the responsible person.",not_cyber,High,CCTV info incomplete
